,ApplicantIncome,CoapplicantIncome,LoanAmount,Loan_Amount_Term,Credit_History,emi,dti,lti,Employment_Status_Self_Employed,Marital_Status_Yes,Dependents_1,Dependents_2,Dependents_3+,Education_Not Graduate,Property_Area_Semiurban,Property_Area_Urban,Loan_Status
2409,-0.7407066958289812,-0.5736729733833892,0.47078290143820417,0.5840807260020958,0.39885376190344024,0.13899594499748985,1.1234907725650622,1.799547595892239,1.0,1.0,1.0,0.0,0.0,0.0,0.0,1.0,0
1743,0.8595342345665709,-0.5736729733833892,0.7629904591622816,0.5840807260020958,0.39885376190344024,0.3450814952322936,-0.23260745334458227,-0.1621373814721787,0.0,0.0,0.0,1.0,0.0,0.0,0.0,0.0,1
2846,-0.5718186502623994,3.119832905200888,-0.7272680852305132,0.5840807260020958,-2.5071845761908427,-0.7059548109652046,-0.4982362704049034,-0.5463868775828183,0.0,1.0,0.0,0.0,0.0,0.0,0.0,0.0,0
1594,-0.9266818787970599,-0.5736729733833892,-0.7272680852305132,0.5840807260020958,0.39885376190344024,-0.7059548109652046,0.31847141573174026,0.6350343264141374,0.0,0.0,0.0,1.0,0.0,1.0,0.0,0.0,1
1585,0.2656036461377517,-0.5736729733833892,-0.7272680852305132,-0.12995439135987974,0.39885376190344024,-0.6647377009182438,-0.45729482705819235,-0.5088844101701511,0.0,1.0,0.0,0.0,0.0,0.0,0.0,1.0,1
4422,1.0072159221080805,0.5083078528765521,-0.7272680852305132,-0.12995439135987974,0.39885376190344024,-0.6647377009182438,-0.5002328258384362,-0.5606449350569056,1.0,0.0,0.0,0.0,0.0,0.0,0.0,0.0,0
1586,-0.17637347039918358,-0.26569617846844346,-0.7272680852305132,0.5840807260020958,0.39885376190344024,-0.7059548109652046,-0.4484594166586904,-0.4743813957167,0.0,1.0,0.0,0.0,0.0,1.0,0.0,1.0,1
3457,-0.4850098897137228,-0.27566665024626547,-0.25973599287198934,-0.8439895087218553,0.39885376190344024,-0.10830671528427435,0.016432232657412307,-0.07375492753873994,1.0,0.0,0.0,0.0,0.0,1.0,1.0,0.0,1
993,-0.605382670158197,-0.5736729733833892,-0.7272680852305132,-0.12995439135987974,0.39885376190344024,-0.6647377009182438,-0.27668836631304133,-0.29116850650280773,1.0,1.0,0.0,0.0,0.0,0.0,1.0,0.0,1
3993,0.32754451921817823,-0.5736729733833892,0.5292244129830197,-0.8439895087218553,0.39885376190344024,0.72633976316668,0.022466350278221015,-0.06793576308480312,0.0,1.0,0.0,1.0,0.0,0.0,1.0,0.0,1
3448,-0.4900444926980924,-0.5736729733833892,1.1428602842035822,0.5840807260020958,-2.5071845761908427,0.612992710537538,0.7717766041811466,1.2907699961117072,0.0,1.0,0.0,0.0,0.0,0.0,0.0,1.0,0
316,0.2540088029010216,3.2727134724608256,-0.7272680852305132,0.5840807260020958,0.39885376190344024,-0.7059548109652046,-0.5133938576758011,-0.5683133211650778,0.0,1.0,0.0,0.0,0.0,1.0,0.0,1.0,1
325,-0.7559630685088892,-0.5736729733833892,-0.63960581791329,-0.12995439135987974,0.39885376190344024,-0.5905469028337145,-0.00883535285930382,0.03172061182385877,0.0,1.0,1.0,0.0,0.0,0.0,0.0,1.0,1
2190,-0.8310244220940366,-0.5736729733833892,0.26623761103134996,0.5840807260020958,0.39885376190344024,-0.005263940166872497,1.5175252314801784,2.369544270063245,0.0,1.0,0.0,0.0,0.0,0.0,1.0,0.0,1
1331,0.9480211961100373,-0.5736729733833892,-0.7272680852305132,0.5840807260020958,0.39885376190344024,-0.7059548109652046,-0.4980853689253365,-0.5461685887008826,0.0,1.0,1.0,0.0,0.0,1.0,0.0,1.0,1
4423,0.5580683104115884,-0.5736729733833892,-0.7272680852305132,0.5840807260020958,0.39885376190344024,-0.7059548109652046,-0.4860528272607913,-0.5287627284380566,0.0,0.0,0.0,0.0,0.0,0.0,0.0,0.0,0
243,0.4589018879921863,-0.5736729733833892,1.0844187726587666,-0.12995439135987974,0.39885376190344024,0.8685387928286945,0.01764718932899065,0.0636445561841264,0.0,1.0,0.0,0.0,0.0,0.0,1.0,0.0,1
2611,-0.7381131124733968,-0.5736729733833892,-0.46428128327884355,2.012150960726047,0.39885376190344024,-0.618368452115413,-0.08454048879564999,0.2752330785371135,0.0,0.0,0.0,0.0,0.0,0.0,0.0,0.0,1
2679,-0.4325279676948392,0.2996664990073143,-0.7272680852305132,-1.5580246260838309,0.39885376190344024,-0.499869260730401,-0.34491181861737186,-0.4710437441876763,0.0,1.0,0.0,1.0,0.0,1.0,1.0,0.0,1
1736,-0.7170593181751237,-0.5736729733833892,-0.7272680852305132,0.5840807260020958,0.39885376190344024,-0.7059548109652046,-0.2437672045079125,-0.17828069306271283,0.0,1.0,0.0,1.0,0.0,1.0,0.0,1.0,1
4541,2.5146981066097918,-0.5736729733833892,0.23701685525894223,0.5840807260020958,-2.5071845761908427,-0.02587249519035291,-0.42881973421910763,-0.4459713076671459,0.0,0.0,1.0,0.0,0.0,1.0,0.0,1.0,0
932,-0.8044783336309967,-0.5736729733833892,-0.7272680852305132,-0.8439895087218553,0.39885376190344024,-0.6029120358478028,0.07717429808079308,-0.01517667464696547,0.0,1.0,0.0,0.0,0.0,0.0,0.0,0.0,1
3858,-0.6197236604773106,2.4204227738233017,1.961041445830999,0.5840807260020958,0.39885376190344024,1.190032251194988,0.055922239368949786,0.2552397324459836,0.0,0.0,0.0,1.0,0.0,1.0,1.0,0.0,1
4199,0.14431548333248295,-0.5736729733833892,-0.6103850621408823,0.5840807260020958,0.39885376190344024,-0.6235205908712832,-0.4315125819450986,-0.44986668842163574,1.0,1.0,0.0,1.0,0.0,0.0,0.0,0.0,1
1567,0.09305407112799202,-0.5736729733833892,-0.7272680852305132,-1.5580246260838309,0.39885376190344024,-0.499869260730401,-0.37435957749927534,-0.4923428009639398,1.0,0.0,0.0,1.0,0.0,0.0,1.0,0.0,1
3727,0.724667900076184,0.6940540493300505,1.3474055746104363,-0.8439895087218553,0.39885376190344024,1.591899074152855,-0.02695624464501991,-0.11559777858925051,0.0,1.0,0.0,0.0,0.0,0.0,0.0,1.0,1
4588,-0.5207098017847076,-0.5736729733833892,0.5000036572106119,-0.12995439135987974,0.39885376190344024,0.37393347226516604,0.6306912819080639,0.8026516108216378,0.0,1.0,0.0,0.0,0.0,0.0,1.0,0.0,0
827,-0.546340507886953,-0.5736729733833892,-0.522722794823659,-0.8439895087218553,0.39885376190344024,-0.38652220810125915,-0.0409624497725939,-0.129105041147716,0.0,0.0,0.0,0.0,0.0,1.0,0.0,1.0,1
2820,-0.44000359030799413,-0.5736729733833892,-0.7272680852305132,0.5840807260020958,0.39885376190344024,-0.7059548109652046,-0.3839969615589233,-0.3811322288369058,0.0,1.0,0.0,1.0,0.0,0.0,0.0,0.0,1
3721,1.889034263006764,-0.5736729733833892,-0.7272680852305132,0.5840807260020958,0.39885376190344024,-0.7059548109652046,-0.5139269116126236,-0.5690844186269067,1.0,0.0,0.0,0.0,0.0,0.0,1.0,0.0,1
3277,-0.20505545103741066,0.08991731494054067,1.6688338881069216,0.5840807260020958,0.39885376190344024,0.9839467009601843,0.26575008721907795,0.5587694687851038,0.0,1.0,0.0,0.0,0.0,0.0,0.0,1.0,1
4982,-0.09673520501006373,0.6995932003177294,-0.7272680852305132,0.5840807260020958,0.39885376190344024,-0.7059548109652046,-0.4806768540006214,-0.520986030716832,1.0,0.0,1.0,0.0,0.0,1.0,0.0,0.0,1
101,-0.504385483017206,0.2970815618797308,-0.4935020390512513,0.5840807260020958,0.39885376190344024,-0.5410863707773618,-0.3503154422252906,-0.33240970326374814,0.0,0.0,0.0,1.0,0.0,0.0,0.0,0.0,1
4046,0.2735369599313039,2.6678381846062917,1.9902622016034066,0.5840807260020958,0.39885376190344024,1.2106408062184681,-0.1667947965393983,-0.06693505931843549,0.0,1.0,1.0,0.0,0.0,1.0,0.0,1.0,1
740,-0.8679448439794141,-0.5736729733833892,-0.7272680852305132,0.5840807260020958,0.39885376190344024,-0.7059548109652046,0.022679419639762336,0.207151814607851,0.0,0.0,0.0,1.0,0.0,0.0,0.0,0.0,1
840,-0.31917311868312265,-0.5736729733833892,0.44156214566579643,0.5840807260020958,0.39885376190344024,0.11838738997400955,0.13261495152575237,0.3661807678642818,1.0,0.0,0.0,0.0,0.0,0.0,0.0,1.0,1
500,0.5332004229433384,0.1368154599695552,0.38312063412098096,-0.8439895087218553,0.39885376190344024,0.5717756004905774,-0.1693138825918979,-0.25288421523909843,0.0,0.0,0.0,0.0,0.0,0.0,0.0,1.0,1
4216,2.271511526092058,-0.5736729733833892,1.4350678419276597,0.5840807260020958,0.39885376190344024,0.8190782607723417,-0.29875127734813006,-0.25781875868669396,1.0,1.0,0.0,0.0,0.0,0.0,1.0,0.0,1
2734,2.6356811419614625,-0.5736729733833892,0.5876659245278352,-2.2720597434458063,0.39885376190344024,2.4883712176742505,-0.10738034738291809,-0.4053257085613739,0.0,0.0,0.0,0.0,0.0,1.0,1.0,0.0,1
4229,-0.2848462801533296,-0.5736729733833892,-0.7272680852305132,-1.5580246260838309,0.39885376190344024,-0.499869260730401,-0.2877557445755807,-0.4297037403182291,1.0,1.0,0.0,1.0,0.0,0.0,0.0,1.0,1
1105,-0.7135503524587449,-0.2346769329374417,-0.7272680852305132,0.5840807260020958,0.39885376190344024,-0.7059548109652046,-0.3372285505062323,-0.31347865653337514,0.0,1.0,1.0,0.0,0.0,1.0,0.0,1.0,1
4313,-0.02091103279092088,-0.5736729733833892,-0.7272680852305132,-0.12995439135987974,0.39885376190344024,-0.6647377009182438,-0.4319612002588454,-0.47834545032876485,0.0,0.0,0.0,0.0,0.0,0.0,1.0,0.0,1
142,-0.8327026230888265,-0.5736729733833892,-0.7272680852305132,-0.12995439135987974,0.39885376190344024,-0.6647377009182438,0.02032860789950002,0.06687692929403755,0.0,0.0,1.0,0.0,0.0,0.0,1.0,0.0,0
4689,-0.5303213165730496,-0.5736729733833892,0.7922112149346893,0.5840807260020958,0.39885376190344024,0.3656900502557739,0.6452183582018924,1.1076951972839446,1.0,1.0,0.0,0.0,0.0,1.0,1.0,0.0,1
3254,-0.03372638584204361,-0.5736729733833892,1.493509353472475,0.5840807260020958,0.39885376190344024,0.8602953708193023,0.2904014097187032,0.594429222699495,1.0,1.0,0.0,0.0,0.0,0.0,1.0,0.0,0
3455,2.834776805434262,-0.5736729733833892,1.2013017957483976,0.5840807260020958,0.39885376190344024,0.6542098205844988,-0.3551343109017983,-0.33938051268594627,1.0,1.0,0.0,0.0,0.0,0.0,0.0,1.0,1
3180,0.6003284627349336,-0.5736729733833892,3.6850660364030556,0.5840807260020958,-2.5071845761908427,2.405936997580329,0.41473041166512525,0.7742792739046043,0.0,1.0,0.0,0.0,0.0,0.0,1.0,0.0,0
4012,-0.6989042346860332,-0.5736729733833892,-0.7272680852305132,0.5840807260020958,0.39885376190344024,-0.7059548109652046,-0.25993337968511543,-0.2016661251653824,1.0,1.0,0.0,0.0,0.0,0.0,1.0,0.0,1
3488,-0.6819696610113353,-0.5736729733833892,-0.7272680852305132,2.012150960726047,0.39885376190344024,-0.7574761985239055,-0.3419988942586627,-0.221340868338266,0.0,1.0,1.0,0.0,0.0,0.0,1.0,0.0,1
1880,0.5826310704262403,-0.5736729733833892,0.06169232062449579,-0.8439895087218553,0.39885376190344024,0.23173444260315146,-0.21211138437497684,-0.2941571430710909,0.0,1.0,0.0,1.0,0.0,0.0,0.0,1.0,1
2550,-0.8290410936456486,-0.5736729733833892,-0.7272680852305132,0.5840807260020958,0.39885376190344024,-0.7059548109652046,-0.08250749858634154,0.05499204228678903,0.0,1.0,0.0,1.0,0.0,0.0,0.0,1.0,1
4159,-0.2378566522992129,0.810745496803819,-0.7272680852305132,0.5840807260020958,0.39885376190344024,-0.7059548109652046,-0.4760543226010094,-0.5142992360357671,0.0,1.0,0.0,0.0,0.0,1.0,0.0,1.0,1
1942,-0.1100082492415837,0.29634300841470695,1.8733791785137757,-2.2720597434458063,0.39885376190344024,5.208700480773657,1.7104927762772413,0.4712318370265931,0.0,1.0,0.0,0.0,0.0,0.0,0.0,0.0,0
3255,-0.19574906370266676,1.087333769455251,1.2597433072932132,0.5840807260020958,0.39885376190344024,0.6954269306314594,-0.047813763396396175,0.10517880444785815,0.0,1.0,0.0,1.0,0.0,1.0,0.0,1.0,1
2180,-0.3957601095362609,-0.5736729733833892,-0.2889567486443971,0.5840807260020958,-2.5071845761908427,-0.39682648561299927,-0.16696196101647712,-0.0671768736923277,0.0,0.0,0.0,0.0,0.0,0.0,0.0,1.0,1
4888,-0.14036843087460066,-0.5736729733833892,-0.522722794823659,0.5840807260020958,0.39885376190344024,-0.561694925800842,-0.36214808346385846,-0.34952639445672656,1.0,1.0,0.0,0.0,0.0,0.0,0.0,0.0,1
2268,-0.5390174490005972,-0.5736729733833892,-0.7272680852305132,-0.12995439135987974,0.39885376190344024,-0.6647377009182438,-0.3125568605443722,-0.3344069466036875,1.0,1.0,0.0,1.0,0.0,1.0,0.0,1.0,1
4386,-0.6069083074261878,-0.5736729733833892,0.23701685525894223,0.5840807260020958,-2.5071845761908427,-0.02587249519035291,0.4260484386630431,0.7906515418650077,0.0,1.0,0.0,0.0,0.0,0.0,1.0,0.0,0
2013,-0.6863940090885087,-0.5736729733833892,-0.7272680852305132,0.5840807260020958,0.39885376190344024,-0.7059548109652046,-0.2701067253521322,-0.21638253654563866,0.0,1.0,1.0,0.0,0.0,0.0,0.0,1.0,1
3524,-0.569072503180016,-0.5736729733833892,-0.7272680852305132,-0.8439895087218553,0.39885376190344024,-0.6029120358478028,-0.23510906464653727,-0.3163355777601604,1.0,1.0,0.0,1.0,0.0,0.0,1.0,0.0,1
1518,-0.7094311318351697,-0.5736729733833892,-0.7272680852305132,0.5840807260020958,0.39885376190344024,-0.7059548109652046,-0.2507760970025098,-0.18841951549601482,0.0,0.0,1.0,0.0,0.0,0.0,1.0,0.0,1
3753,-0.5159803262539361,1.5504067920252054,-0.2305152370995816,0.5840807260020958,0.39885376190344024,-0.35560937556603855,-0.3585538008467857,-0.3443270290423339,0.0,0.0,0.0,1.0,0.0,1.0,1.0,0.0,1
3790,0.1585039099247974,-0.5736729733833892,-0.7272680852305132,-0.8439895087218553,0.39885376190344024,-0.6029120358478028,-0.42470541815979485,-0.49917794681768135,0.0,1.0,0.0,0.0,0.0,0.0,0.0,0.0,1
3446,-0.354110212120112,-0.5736729733833892,1.6688338881069216,-1.5580246260838309,0.39885376190344024,2.8799337631203765,2.082522117042649,1.2846774101316147,0.0,1.0,0.0,0.0,0.0,0.0,1.0,0.0,1
2092,0.19359356708858586,0.5238174756420529,1.6396131323345138,-0.12995439135987974,-2.5071845761908427,1.3384138473640463,0.08711810981535394,0.14738975649361657,0.0,0.0,0.0,0.0,1.0,0.0,0.0,1.0,0
3909,-0.6239954448276849,-0.5736729733833892,-0.7272680852305132,-0.12995439135987974,0.39885376190344024,-0.6647377009182438,-0.2645732175788444,-0.27656404249943034,0.0,1.0,1.0,0.0,0.0,0.0,1.0,0.0,1
4421,-0.7254503231490732,-0.5736729733833892,-0.6688265736856978,0.5840807260020958,0.39885376190344024,-0.6647377009182438,-0.1733190814732207,-0.07637286514856954,0.0,1.0,0.0,0.0,0.0,0.0,1.0,0.0,1
4385,-0.4973675515844483,0.14937086887496065,-0.7272680852305132,0.5840807260020958,0.39885376190344024,-0.7059548109652046,-0.4308761104380024,-0.44894599066528146,1.0,1.0,0.0,0.0,0.0,0.0,0.0,0.0,1
2128,0.28909846006481005,-0.5736729733833892,0.23701685525894223,-0.8439895087218553,0.39885376190344024,0.4172114378144746,-0.071679218015685,-0.15872758699992243,0.0,1.0,0.0,0.0,0.0,0.0,0.0,0.0,1
224,-0.5258969684958763,2.0810574566448423,-0.63960581791329,-0.8439895087218553,-2.5071845761908427,-0.5101735382421413,-0.4287318482310845,-0.5030609435074228,0.0,0.0,0.0,1.0,0.0,0.0,1.0,0.0,0
2802,-0.04791481243435807,-0.5736729733833892,-0.7272680852305132,-0.8439895087218553,0.39885376190344024,-0.6029120358478028,-0.39917550067799845,-0.47455748071843074,1.0,0.0,0.0,0.0,0.0,0.0,0.0,0.0,1
77,-0.4496151050963362,0.11059681196120849,0.7337697033898738,0.5840807260020958,0.39885376190344024,0.32447294020881307,0.1262926179784858,0.3570350979529147,0.0,1.0,1.0,0.0,0.0,0.0,0.0,1.0,1
4285,-0.1577606957296958,1.523818867284347,-0.7272680852305132,0.5840807260020958,0.39885376190344024,-0.7059548109652046,-0.4913401702124332,-0.5364112166081905,0.0,1.0,0.0,0.0,0.0,1.0,1.0,0.0,1
4410,-0.6006531946274256,-0.5736729733833892,-0.7272680852305132,0.5840807260020958,-2.5071845761908427,-0.7059548109652046,-0.32423474360020976,-0.2946822630868602,0.0,1.0,1.0,0.0,0.0,0.0,1.0,0.0,1
2249,0.5274030013249733,-0.5736729733833892,-0.7272680852305132,2.012150960726047,0.39885376190344024,-0.7574761985239055,-0.5004876061251311,-0.5270266160814426,1.0,1.0,0.0,0.0,0.0,0.0,1.0,0.0,1
4968,-0.44747921292114906,1.4972309425434882,-0.7272680852305132,-0.8439895087218553,0.39885376190344024,-0.6029120358478028,-0.44585344756388534,-0.5195726206892525,0.0,0.0,0.0,1.0,0.0,0.0,1.0,0.0,1
1526,2.3464203159504065,3.590291462421081,1.6396131323345138,-1.5580246260838309,0.39885376190344024,2.838716653073416,-0.19805651428724688,-0.3648258320753568,0.0,0.0,0.0,0.0,0.0,1.0,0.0,0.0,1
3810,-0.7013452543148185,-0.5736729733833892,-0.3473982601892126,0.5840807260020958,0.39885376190344024,-0.43804359565996,0.11853061662975128,0.3458068541950697,1.0,1.0,0.0,0.0,0.0,0.0,1.0,0.0,1
3417,-0.15440429374011605,-0.5736729733833892,0.09091307639690353,-0.8439895087218553,0.39885376190344024,0.2626472751383721,0.08356631453358554,-0.009012360778969719,0.0,1.0,0.0,1.0,0.0,1.0,0.0,0.0,1
454,-0.5492392186961356,-0.5736729733833892,-0.7272680852305132,-0.8439895087218553,0.39885376190344024,-0.6029120358478028,-0.247732459284147,-0.3285092896397361,0.0,1.0,0.0,0.0,1.0,0.0,1.0,0.0,1
3375,-0.7094311318351697,-0.5736729733833892,-0.7272680852305132,0.5840807260020958,0.39885376190344024,-0.7059548109652046,-0.2507760970025098,-0.18841951549601482,1.0,0.0,0.0,0.0,0.0,1.0,1.0,0.0,1
614,4.265214307902438,-0.5736729733833892,1.5227301092448828,0.5840807260020958,0.39885376190344024,0.8809039258427825,-0.3866499705026187,-0.3849699801813334,0.0,0.0,0.0,0.0,0.0,0.0,0.0,0.0,1
1213,0.4942966726095729,-0.5736729733833892,-0.7272680852305132,-0.8439895087218553,0.39885376190344024,-0.6029120358478028,-0.4515584518988734,-0.5250743958487611,0.0,1.0,0.0,0.0,0.0,1.0,0.0,0.0,1
690,-0.4781445220077642,0.7509226661368871,-0.08441145823754291,0.5840807260020958,0.39885376190344024,-0.2525666004486368,-0.264560248385017,-0.20835919403563044,0.0,1.0,0.0,0.0,1.0,0.0,1.0,0.0,1
108,-0.1185518179423322,-0.5736729733833892,2.399352782417115,0.5840807260020958,0.39885376190344024,1.4991605765471934,0.6973352373946411,1.1830856793494695,0.0,0.0,0.0,0.0,1.0,0.0,1.0,0.0,0
1486,-0.7988334757394308,-0.5736729733833892,-0.5519435505960668,0.5840807260020958,0.39885376190344024,-0.5823034808243225,0.10321108815459921,0.3236461520454493,0.0,1.0,0.0,0.0,0.0,1.0,0.0,1.0,1
3339,2.115591397303398,-0.5736729733833892,-0.6103850621408823,-1.5580246260838309,0.39885376190344024,-0.33500082054255825,-0.4604167120310155,-0.554586444079358,0.0,1.0,0.0,0.0,0.0,0.0,1.0,0.0,1
3076,0.3540906076812182,-0.5736729733833892,-0.7272680852305132,-1.5580246260838309,-2.5071845761908427,-0.499869260730401,-0.40676181085107876,-0.515778778234927,0.0,0.0,0.0,1.0,0.0,0.0,1.0,0.0,0
2086,-0.5405430862685879,0.6608191434039773,-0.7272680852305132,0.5840807260020958,0.39885376190344024,-0.7059548109652046,-0.4502837557317333,-0.4770204217730955,0.0,1.0,1.0,0.0,0.0,0.0,1.0,0.0,1
2515,-0.06515451356265413,-0.5736729733833892,-0.4935020390512513,-0.8439895087218553,0.39885376190344024,-0.35560937556603855,-0.275883329975562,-0.3556573428215201,0.0,0.0,0.0,0.0,0.0,1.0,0.0,0.0,1
2609,1.0392543047358873,-0.5736729733833892,-0.6980473294581054,0.5840807260020958,0.39885376190344024,-0.6853462559417242,-0.4955346295500639,-0.5424787769910504,0.0,1.0,0.0,0.0,1.0,1.0,1.0,0.0,1
3494,0.08908741423121593,-0.5736729733833892,2.603898072823969,0.5840807260020958,-2.5071845761908427,1.6434204617115558,0.5291805520377645,0.939838904274045,0.0,0.0,1.0,0.0,0.0,0.0,1.0,0.0,0
1843,-0.23221179440764694,0.33253212820087563,-0.7272680852305132,0.5840807260020958,0.39885376190344024,-0.7059548109652046,-0.46447154823288145,-0.4975439936499016,0.0,1.0,0.0,1.0,0.0,0.0,0.0,1.0,0
844,-0.1832388381051422,0.4879976325883962,-0.7272680852305132,0.5840807260020958,0.39885376190344024,-0.7059548109652046,-0.4717185791307155,-0.5080272988936947,0.0,1.0,1.0,0.0,0.0,0.0,0.0,1.0,1
200,-0.041507135908796705,-0.5736729733833892,-0.522722794823659,-0.8439895087218553,0.39885376190344024,-0.38652220810125915,-0.2970408110015998,-0.3760611316202314,1.0,0.0,0.0,0.0,0.0,0.0,1.0,0.0,1
1865,-0.8415513192431732,-0.5736729733833892,-0.6688265736856978,2.012150960726047,0.39885376190344024,-0.7265633659886849,-0.10260483166161764,0.24039140374878587,1.0,1.0,0.0,0.0,0.0,0.0,0.0,1.0,1
2437,0.4120648238648687,-0.5736729733833892,2.603898072823969,-0.8439895087218553,0.39885376190344024,2.921150873167337,0.7082511652991506,0.5934193627843901,0.0,0.0,1.0,0.0,0.0,0.0,0.0,1.0,1
4451,-0.5362713019182137,0.06776071098982514,-0.7272680852305132,-0.8439895087218553,-2.5071845761908427,-0.6029120358478028,-0.3561049209474004,-0.4330212027853602,0.0,1.0,0.0,0.0,0.0,0.0,0.0,0.0,0
2703,0.6607436985473694,0.10542693770604153,-0.7272680852305132,-0.12995439135987974,0.39885376190344024,-0.6647377009182438,-0.4880234788214856,-0.5459269177278664,0.0,1.0,0.0,0.0,0.0,0.0,1.0,0.0,1
1631,-0.6589325382646742,-0.3406593551683643,-0.20129448132717387,0.5840807260020958,0.39885376190344024,-0.33500082054255825,0.0277094653487061,0.21442810545033222,0.0,1.0,1.0,0.0,0.0,0.0,0.0,1.0,1
4036,0.09396945348878649,-0.5736729733833892,-0.7272680852305132,-2.2720597434458063,0.39885376190344024,-0.29378371049559754,-0.2880526918042924,-0.4924438383804437,1.0,0.0,0.0,1.0,0.0,1.0,1.0,0.0,1
4343,0.6627270269957574,1.7634794666845863,-0.3181775044168048,-0.12995439135987974,0.39885376190344024,-0.31851397652377395,-0.4415935596191098,-0.4899569830165558,0.0,0.0,0.0,0.0,0.0,0.0,1.0,0.0,1
474,1.755693565784368,-0.5736729733833892,0.26623761103134996,0.5840807260020958,-2.5071845761908427,-0.005263940166872497,-0.39312085593907237,-0.3943305401381334,0.0,0.0,0.0,0.0,0.0,0.0,0.0,1.0,0
1459,0.24500754301987587,0.6730052755768708,0.09091307639690353,-0.8439895087218553,-2.5071845761908427,0.2626472751383721,-0.23699367012426104,-0.31815304800101984,0.0,0.0,0.0,1.0,0.0,0.0,1.0,0.0,1
2153,-0.13807997497261446,-0.2775130339088251,-0.7272680852305132,-0.8439895087218553,0.39885376190344024,-0.6029120358478028,-0.4038341885273695,-0.47905021228891925,0.0,1.0,1.0,0.0,0.0,0.0,1.0,0.0,1
3994,-0.8961691334372439,-0.5736729733833892,-0.3181775044168048,-1.5580246260838309,0.39885376190344024,0.07717027992704895,2.726345007450902,1.7503434172344654,0.0,0.0,0.0,0.0,0.0,0.0,0.0,1.0,0
3517,0.013110678285274,-0.5736729733833892,2.8961056305480466,-0.8439895087218553,0.39885376190344024,3.230279198519543,1.3236111265011916,1.1868583770081402,1.0,0.0,0.0,1.0,0.0,1.0,1.0,0.0,0
2744,-0.9407177416625753,0.13459979957448365,2.165586736237853,0.5840807260020958,0.39885376190344024,1.3342921363593505,2.179606634257571,3.3272884192745353,1.0,1.0,0.0,0.0,0.0,1.0,0.0,1.0,1
4647,-0.31047698625557507,0.7970822577008777,-0.6103850621408823,0.5840807260020958,0.39885376190344024,-0.6235205908712832,-0.4414864624359063,-0.46429456034936534,0.0,1.0,1.0,0.0,0.0,0.0,1.0,0.0,1
2401,-0.17606834294558543,2.2978228986293425,-0.4935020390512513,-0.8439895087218553,0.39885376190344024,-0.35560937556603855,-0.4183053888802097,-0.49300590556354923,0.0,0.0,0.0,0.0,0.0,0.0,0.0,1.0,1
144,-0.11672105322074323,-0.5736729733833892,0.06169232062449579,-0.12995439135987974,0.39885376190344024,0.0029794818425195628,-0.07597099061390021,-0.04920947219262776,0.0,1.0,0.0,1.0,0.0,1.0,0.0,1.0,1
4721,0.09488483584958098,-0.5736729733833892,-0.7272680852305132,0.5840807260020958,0.39885376190344024,-0.7059548109652046,-0.4610155825789818,-0.4925447127895533,0.0,1.0,1.0,0.0,0.0,1.0,1.0,0.0,1
2022,1.186935992277397,-0.014957277092846137,1.610392376562106,0.5840807260020958,0.39885376190344024,0.9427295909132237,-0.1884478160224958,-0.09825757137767738,0.0,0.0,0.0,0.0,0.0,0.0,0.0,1.0,1
4605,-0.42779849216406773,-0.5736729733833892,-0.7272680852305132,0.5840807260020958,-2.5071845761908427,-0.7059548109652046,-0.38725509647048745,-0.3858453345604641,0.0,0.0,1.0,0.0,0.0,0.0,0.0,1.0,1
630,-0.8462807947739447,-0.5736729733833892,-0.7272680852305132,-1.5580246260838309,-2.5071845761908427,-0.499869260730401,0.46517017559596857,0.11487460896692793,0.0,1.0,0.0,0.0,0.0,0.0,1.0,0.0,0
3684,0.174828228692299,1.6995945919600233,-0.6103850621408823,0.5840807260020958,0.39885376190344024,-0.6235205908712832,-0.48368231544455004,-0.5253336277064586,0.0,1.0,0.0,0.0,0.0,0.0,0.0,1.0,1
290,-0.40506649687100477,-0.5736729733833892,-0.5519435505960668,0.5840807260020958,-2.5071845761908427,-0.5823034808243225,-0.3003475933111477,-0.2601279343672964,0.0,1.0,0.0,0.0,0.0,0.0,0.0,0.0,1
574,0.41603148076164476,-0.5736729733833892,-0.7272680852305132,-0.8439895087218553,0.39885376190344024,-0.6029120358478028,-0.4464067355184195,-0.5201061988857917,0.0,1.0,1.0,0.0,0.0,0.0,0.0,0.0,1
528,-0.11687361694754231,-0.5736729733833892,-0.4935020390512513,0.5840807260020958,-2.5071845761908427,-0.5410863707773618,-0.3562440391338924,-0.34098580731745864,1.0,1.0,1.0,0.0,0.0,0.0,1.0,0.0,0
4464,-0.5684622482728197,-0.30927083290485063,-0.7272680852305132,0.5840807260020958,0.39885376190344024,-0.7059548109652046,-0.37858765291659985,-0.3733073093002288,0.0,1.0,0.0,0.0,1.0,0.0,1.0,0.0,1
3197,-0.8735897018709801,-0.5736729733833892,-0.4058397717340281,-0.12995439135987974,0.39885376190344024,-0.3927047746083032,0.9379533050963983,1.1730471590490037,1.0,1.0,0.0,0.0,0.0,0.0,0.0,1.0,1
2108,-0.4633458405082534,-0.09213611418783854,-0.025969946692727428,-0.12995439135987974,-2.5071845761908427,-0.07121131624200971,-0.03169666422923002,0.004161957258630977,0.0,1.0,0.0,0.0,0.0,1.0,1.0,0.0,0
2850,-0.5562571501288932,-0.5736729733833892,2.048703713148222,0.5840807260020958,0.39885376190344024,1.251857916265429,1.5806659958550884,2.4608815246713944,0.0,1.0,0.0,0.0,0.0,0.0,1.0,0.0,1
2727,1.153066844928001,-0.010525956302703032,-0.05519070246513517,0.5840807260020958,0.39885376190344024,-0.2319580454251564,-0.4140410086539235,-0.4245929123769622,1.0,0.0,0.0,1.0,0.0,0.0,0.0,0.0,1
2791,-0.559766115845272,-0.5736729733833892,-0.37661901596162034,0.5840807260020958,0.39885376190344024,-0.4586521506834403,-0.09825479232919196,0.03221254963700473,0.0,0.0,0.0,0.0,0.0,0.0,0.0,0.0,1
3802,-0.7567258871428846,-0.5736729733833892,0.44156214566579643,0.5840807260020958,0.39885376190344024,0.11838738997400955,1.1834022159029671,1.8862134259351564,0.0,1.0,0.0,0.0,0.0,0.0,0.0,1.0,1
4295,-0.8189718876769093,-0.5736729733833892,-0.7272680852305132,-2.2720597434458063,0.39885376190344024,-0.29378371049559754,0.7836938397208029,0.02434003225324654,1.0,0.0,0.0,0.0,0.0,0.0,0.0,1.0,1
1132,1.6867347612711838,-0.5736729733833892,-0.20129448132717387,-2.2720597434458063,0.39885376190344024,0.8190782607723417,-0.24542531897477224,-0.47188940869226226,0.0,1.0,1.0,0.0,0.0,0.0,1.0,0.0,1
2711,1.5149480048954194,-0.5736729733833892,-0.7272680852305132,0.5840807260020958,0.39885376190344024,-0.7059548109652046,-0.5090267895150141,-0.5619960708048423,0.0,1.0,0.0,0.0,0.0,0.0,1.0,0.0,1
2884,-0.9565843692496796,0.5101542365391117,-0.46428128327884355,0.5840807260020958,0.39885376190344024,-0.5204778157538814,-0.19671881461595722,-0.11022211301529528,0.0,1.0,0.0,0.0,0.0,0.0,0.0,1.0,1
3158,1.1306399770885363,-0.5736729733833892,1.727275399651737,0.5840807260020958,0.39885376190344024,1.025163811007145,-0.12290187188831246,-0.0034410665858172905,1.0,0.0,1.0,0.0,0.0,0.0,1.0,0.0,1
3990,-0.8458231035935474,-0.5736729733833892,-0.7272680852305132,0.5840807260020958,0.39885376190344024,-0.7059548109652046,-0.042305185562263,0.11314732337768205,0.0,1.0,0.0,0.0,0.0,0.0,0.0,0.0,1
2181,-0.4766188847397734,-0.5736729733833892,-0.2889567486443971,0.5840807260020958,0.39885376190344024,-0.39682648561299927,-0.1123497868102429,0.011823216179271677,1.0,1.0,0.0,0.0,0.0,0.0,1.0,0.0,1
2882,-0.5783788905147599,-0.5736729733833892,-0.7272680852305132,0.5840807260020958,0.39885376190344024,-0.7059548109652046,-0.33500532932945076,-0.31026262136680344,0.0,1.0,0.0,1.0,0.0,0.0,1.0,0.0,1
2231,0.37148287253631335,-0.5736729733833892,-0.7272680852305132,-0.8439895087218553,0.39885376190344024,-0.6029120358478028,-0.44321920746504245,-0.5170322200358979,0.0,1.0,0.0,0.0,0.0,0.0,1.0,0.0,1
3595,0.8363445480931107,0.6641426339965846,-0.7272680852305132,0.5840807260020958,0.39885376190344024,-0.7059548109652046,-0.5063399691256656,-0.5581094089879036,1.0,1.0,0.0,0.0,0.0,0.0,0.0,1.0,1
3227,0.9977569710465375,-0.5736729733833892,-0.7272680852305132,0.5840807260020958,0.39885376190344024,-0.7059548109652046,-0.49928888053466713,-0.5479095471351613,0.0,1.0,0.0,0.0,0.0,0.0,1.0,0.0,1
1774,-0.6258262095492738,-0.5736729733833892,-0.7272680852305132,0.5840807260020958,0.39885376190344024,-0.7059548109652046,-0.31066767734278394,-0.27505661241082047,1.0,0.0,1.0,0.0,0.0,0.0,0.0,1.0,1
1898,0.13455140481734182,0.02750954714602528,2.5746773170515613,-0.8439895087218553,0.39885376190344024,2.890238040632117,0.7236336744630893,0.6082539013473214,1.0,0.0,1.0,0.0,0.0,0.0,1.0,0.0,1
1385,-0.08727625394852076,-0.5736729733833892,-0.7272680852305132,2.012150960726047,0.39885376190344024,-0.7574761985239055,-0.4702218270073925,-0.4686513714871735,0.0,0.0,1.0,0.0,0.0,0.0,0.0,0.0,1
909,3.192081053597708,0.958825466541101,-0.5519435505960668,0.5840807260020958,0.39885376190344024,-0.5823034808243225,-0.5151570623723003,-0.5708639123383837,0.0,1.0,0.0,0.0,0.0,0.0,0.0,1.0,0
883,0.6888154242784001,-0.5736729733833892,0.8798734822519125,0.5840807260020958,-2.5071845761908427,0.4275157153262148,-0.17884055063762666,-0.08436003223267252,1.0,0.0,0.0,1.0,0.0,1.0,1.0,0.0,0
4579,0.4186250641172291,1.4503327975144737,-0.7272680852305132,0.5840807260020958,0.39885376190344024,-0.7059548109652046,-0.504677782630542,-0.555704947264731,1.0,1.0,1.0,0.0,0.0,0.0,0.0,1.0,1
4018,-0.544357179438565,-0.5736729733833892,0.14935458794171902,0.5840807260020958,0.39885376190344024,-0.08769816026079394,0.2438279809812568,0.52705770509625,0.0,1.0,0.0,0.0,0.0,0.0,0.0,1.0,0
3495,2.486168689698364,-0.5736729733833892,1.2597433072932132,0.5840807260020958,0.39885376190344024,0.6954269306314594,-0.33056681391081744,-0.3038420178646546,0.0,0.0,0.0,0.0,0.0,0.0,0.0,1.0,1
4353,-0.843229520237963,0.1833443282660578,-0.7272680852305132,0.5840807260020958,0.39885376190344024,-0.7059548109652046,-0.35497824001706585,-0.3391547459205792,0.0,1.0,0.0,0.0,0.0,0.0,0.0,0.0,1
1734,0.38200976968544986,-0.5736729733833892,-0.7272680852305132,0.5840807260020958,0.39885376190344024,-0.7059548109652046,-0.4784577737703954,-0.5177759857008961,1.0,0.0,0.0,1.0,0.0,0.0,1.0,0.0,1
2864,-0.00016236594624597546,-0.5736729733833892,0.2954583668037577,0.5840807260020958,0.39885376190344024,0.01534461485660781,-0.1231636126813328,-0.003819691800290331,0.0,0.0,0.0,0.0,0.0,0.0,1.0,0.0,1
2540,-0.6148416212197401,0.716210653280766,-0.7272680852305132,0.5840807260020958,0.39885376190344024,-0.7059548109652046,-0.4450718394483443,-0.4694810432228824,0.0,1.0,0.0,0.0,0.0,0.0,1.0,0.0,1
2899,-0.09627751382966648,0.6508486716261553,-0.7272680852305132,0.5840807260020958,0.39885376190344024,-0.7059548109652046,-0.4797710220918593,-0.519675685482626,0.0,1.0,0.0,1.0,0.0,0.0,0.0,0.0,1
3793,-0.42139081563850633,-0.5736729733833892,0.032471564852088054,0.5840807260020958,0.39885376190344024,-0.17013238035471537,0.023129402350774635,0.20780274409614405,0.0,1.0,1.0,0.0,0.0,0.0,0.0,1.0,1
3303,-0.709888823015567,0.09656429612575532,-0.7272680852305132,0.5840807260020958,-2.5071845761908427,-0.7059548109652046,-0.38588640133456115,-0.38386542732702056,1.0,1.0,1.0,0.0,0.0,0.0,1.0,0.0,0
1811,-0.19666444606346126,-0.5736729733833892,2.1071452246930376,0.5840807260020958,0.39885376190344024,1.2930750263123898,0.6963997557187076,1.1817324437834784,1.0,1.0,0.0,1.0,0.0,0.0,0.0,1.0,0
4462,0.4320506720755482,-0.5736729733833892,-0.7272680852305132,0.5840807260020958,0.39885376190344024,-0.7059548109652046,-0.48080132335392967,-0.5211660837954822,0.0,0.0,1.0,0.0,0.0,1.0,0.0,0.0,1
2974,0.5145876482738505,5.499821446240247,0.7922112149346893,0.5840807260020958,0.39885376190344024,0.3656900502557739,-0.3978459480292574,-0.40116569558106746,0.0,0.0,0.0,0.0,0.0,0.0,1.0,0.0,1
1762,-0.24350151019077887,-0.5736729733833892,-0.2305152370995816,-0.12995439135987974,0.39885376190344024,-0.24432317843924464,-0.14861734156288492,-0.13678256276612108,0.0,0.0,0.0,1.0,0.0,0.0,1.0,0.0,1
2194,-0.16721964679123877,-0.5736729733833892,0.17857534371412676,-0.12995439135987974,0.39885376190344024,0.10190054595522523,0.0052224642686246395,0.048666906806716405,1.0,0.0,0.0,1.0,0.0,1.0,0.0,1.0,1
1251,0.4207609562924162,-0.5736729733833892,0.032471564852088054,-0.12995439135987974,0.39885376190344024,-0.021750784185656825,-0.2574953522491089,-0.2680318790322909,0.0,0.0,0.0,0.0,0.0,1.0,1.0,0.0,1
3584,-0.24609509354636322,1.2272896510772708,-0.7272680852305132,-1.5580246260838309,0.39885376190344024,-0.499869260730401,-0.4199180282499865,-0.5252944436702482,0.0,0.0,0.0,0.0,0.0,0.0,1.0,0.0,1
2584,0.762808831775954,-0.5736729733833892,-0.7272680852305132,-0.8439895087218553,0.39885376190344024,-0.6029120358478028,-0.4658329776974508,-0.5388404207000886,0.0,1.0,0.0,0.0,0.0,0.0,1.0,0.0,1
4101,-0.637726180239602,-0.5736729733833892,0.12013383216931127,-0.8439895087218553,0.39885376190344024,0.2935601076735926,0.878425168896433,0.7575312636367152,1.0,1.0,0.0,0.0,1.0,1.0,1.0,0.0,1
4675,-0.69280168561407,-0.5736729733833892,-0.7272680852305132,-1.5580246260838309,0.39885376190344024,-0.499869260730401,0.017417217975021226,-0.20897739295805004,0.0,1.0,0.0,0.0,0.0,0.0,1.0,0.0,1
1243,-0.7069901122063844,-0.5736729733833892,-0.7272680852305132,2.012150960726047,0.39885376190344024,-0.7574761985239055,-0.32656143347456845,-0.1915658030514857,0.0,0.0,0.0,0.0,1.0,0.0,1.0,0.0,1
4590,-0.5809724738703442,-0.5736729733833892,-0.08441145823754291,0.5840807260020958,0.39885376190344024,-0.2525666004486368,0.1360873296307718,0.37120379041102713,0.0,1.0,0.0,1.0,0.0,0.0,0.0,1.0,1
2705,0.6901884978195918,1.7915444983554927,-0.7272680852305132,-0.8439895087218553,0.39885376190344024,-0.6029120358478028,-0.4930838076287822,-0.5651204952431881,0.0,0.0,0.0,0.0,0.0,0.0,0.0,0.0,1
3800,-0.7930360541210657,-0.09213611418783854,4.474026442258064,-1.5580246260838309,0.39885376190344024,6.836776327628604,7.719858952356446,5.362066042787702,0.0,0.0,0.0,0.0,1.0,0.0,1.0,0.0,1
2617,-0.2392297258404046,-0.5736729733833892,-0.7272680852305132,0.5840807260020958,0.39885376190344024,-0.7059548109652046,-0.4249703672396524,-0.4404029460015338,0.0,1.0,0.0,0.0,0.0,0.0,0.0,0.0,1
2779,0.060405433592988854,-0.5736729733833892,-0.2889567486443971,-1.5580246260838309,0.39885376190344024,0.11838738997400955,-0.10197439382952413,-0.2953312893150776,0.0,1.0,1.0,0.0,0.0,0.0,0.0,0.0,1
85,-0.5379495029130036,-0.5736729733833892,-0.6980473294581054,0.5840807260020958,0.39885376190344024,-0.6853462559417242,-0.33258450374383813,-0.30676073846969226,0.0,0.0,0.0,0.0,0.0,0.0,0.0,0.0,1
4916,0.7145986941074447,-0.5736729733833892,-0.7272680852305132,0.5840807260020958,0.39885376190344024,-0.7059548109652046,-0.4915253863665318,-0.5366791439161971,1.0,1.0,0.0,0.0,0.0,0.0,0.0,1.0,1
4037,-0.4117793008501643,-0.5736729733833892,1.8149376669689603,0.5840807260020958,0.39885376190344024,1.0869894760775862,0.9663234881880227,1.5721948165692,0.0,1.0,0.0,0.0,0.0,0.0,0.0,1.0,0
707,2.0124583179872197,0.6364468790581902,0.12013383216931127,0.5840807260020958,0.39885376190344024,-0.10830671528427435,-0.4397804711301377,-0.46182673209614583,1.0,1.0,1.0,0.0,0.0,0.0,1.0,0.0,1
11,-0.523303385140292,-0.5736729733833892,-0.7272680852305132,-2.2720597434458063,0.39885376190344024,-0.29378371049559754,0.021837612423262622,-0.343018292152942,0.0,1.0,0.0,0.0,0.0,0.0,0.0,1.0,1
2478,-0.7829668481523264,-0.5736729733833892,-0.7272680852305132,0.5840807260020958,0.39885376190344024,-0.7059548109652046,-0.16587759864206178,-0.06560827243670479,0.0,1.0,0.0,0.0,0.0,0.0,0.0,0.0,1
1602,-0.5927198808338734,1.6578663211861757,-0.20129448132717387,0.5840807260020958,0.39885376190344024,-0.33500082054255825,-0.3469334658810873,-0.3275174527899483,0.0,1.0,1.0,0.0,0.0,0.0,0.0,0.0,1
4681,-0.5670891747316279,-0.5736729733833892,0.6753281918450583,-0.8439895087218553,-2.5071845761908427,0.8809039258427825,1.256253088206623,1.1218998318218538,1.0,1.0,1.0,0.0,0.0,0.0,0.0,1.0,0
3010,-0.3441935698781718,-0.5736729733833892,0.14935458794171902,-0.8439895087218553,0.39885376190344024,0.32447294020881307,0.2979641141845021,0.1977479533435916,0.0,0.0,0.0,0.0,1.0,0.0,0.0,0.0,1
4885,-0.5268123508566708,-0.5736729733833892,0.9090942380243203,0.5840807260020958,0.39885376190344024,0.4481242703496953,0.7134783464759042,1.2064377448323567,1.0,1.0,0.0,0.0,0.0,0.0,1.0,0.0,0
2338,-0.28576166251412405,1.2686486451186063,-0.4935020390512513,-1.5580246260838309,0.39885376190344024,-0.17013238035471537,-0.3145193406135273,-0.44906138834283027,0.0,1.0,1.0,0.0,0.0,0.0,0.0,0.0,1
3711,-0.7782373726215549,0.2981893920772666,-0.7272680852305132,-0.8439895087218553,0.39885376190344024,-0.6029120358478028,-0.31095806589777797,-0.38948261261837014,0.0,0.0,0.0,0.0,1.0,0.0,1.0,0.0,1
981,0.014026060646068482,-0.5736729733833892,1.376626330382844,-0.8439895087218553,-2.5071845761908427,1.6228119066880755,0.5965555967268332,0.48570272165415196,0.0,1.0,1.0,0.0,0.0,0.0,0.0,1.0,0
3142,-0.3472448444141534,1.1755909085256013,-0.7272680852305132,-1.5580246260838309,0.39885376190344024,-0.499869260730401,-0.4088840795061601,-0.5173137785981241,1.0,0.0,0.0,0.0,0.0,0.0,0.0,1.0,0
1190,-0.2241259168872957,-0.5736729733833892,-0.7272680852305132,0.5840807260020958,0.39885376190344024,-0.7059548109652046,-0.42723701843720013,-0.44368180554002457,0.0,1.0,0.0,0.0,0.0,0.0,1.0,0.0,1
4992,-0.35594097684170095,-0.5736729733833892,-0.7272680852305132,-0.8439895087218553,0.39885376190344024,-0.6029120358478028,-0.3324233313719623,-0.410183221670295,1.0,1.0,0.0,0.0,0.0,0.0,0.0,1.0,1
619,-0.14296201423018504,0.16968108916311656,1.0844187726587666,0.5840807260020958,0.39885376190344024,0.5717756004905774,0.03874429277405424,0.23039070666500014,1.0,1.0,1.0,0.0,0.0,1.0,0.0,0.0,1
2877,-0.6003480671738274,-0.5736729733833892,1.0259772611139513,0.5840807260020958,0.39885376190344024,0.5305584904436167,1.0136269412795607,1.6406223622544605,1.0,0.0,0.0,1.0,0.0,1.0,0.0,0.0,0
979,0.33776628891371663,-0.5736729733833892,1.727275399651737,0.5840807260020958,0.39885376190344024,1.025163811007145,0.12140348989002976,0.34996265368575913,0.0,1.0,1.0,0.0,0.0,0.0,0.0,0.0,1
1258,-0.6133159839517492,0.3118526311802078,-0.7272680852305132,-1.5580246260838309,0.39885376190344024,-0.499869260730401,-0.3000027579151225,-0.4385617941179993,0.0,1.0,1.0,0.0,0.0,1.0,0.0,0.0,1
155,-0.6165198222145299,0.9326068185327543,-0.2889567486443971,0.5840807260020958,0.39885376190344024,-0.39682648561299927,-0.313050812410211,-0.2785039735027252,0.0,1.0,1.0,0.0,0.0,0.0,1.0,0.0,1
1369,-0.6703748177746052,1.1006277318256803,2.3409112708722994,-0.12995439135987974,0.39885376190344024,1.9319402320402808,0.72720495731046,0.9189960758523743,0.0,1.0,0.0,1.0,0.0,1.0,1.0,0.0,1
671,-0.8970845157980384,1.4813520430454754,-0.4350605275064358,0.5840807260020958,0.39885376190344024,-0.499869260730401,-0.349739459650637,-0.33157650671328165,0.0,1.0,0.0,1.0,0.0,1.0,0.0,1.0,1
2821,0.43449169170433344,-0.5736729733833892,0.5584451687554274,0.5840807260020958,0.39885376190344024,0.200821610067931,-0.18839581659618249,-0.09818235079890113,1.0,0.0,0.0,0.0,0.0,0.0,1.0,0.0,1
4990,-0.9001357903340199,-0.5736729733833892,0.5000036572106119,-2.2720597434458063,0.39885376190344024,2.302894222462927,10.394252940220055,4.658441272443306,0.0,0.0,0.0,0.0,0.0,1.0,1.0,0.0,0
2798,-0.47753426710056784,-0.5736729733833892,-0.7272680852305132,-0.8439895087218553,0.39885376190344024,-0.6029120358478028,-0.2859419506032378,-0.36535764554852634,0.0,1.0,0.0,0.0,0.0,0.0,1.0,0.0,1
3014,-0.5698353218140114,0.5888101805641518,-0.025969946692727428,0.5840807260020958,0.39885376190344024,-0.21134949040167608,-0.19670992562610273,-0.11020925450878855,0.0,1.0,0.0,1.0,0.0,1.0,0.0,1.0,1
2576,1.379318851771037,-0.5736729733833892,3.8311698152650937,0.5840807260020958,0.39885376190344024,2.5089797726977303,0.12518234265201317,0.3554290119135214,0.0,1.0,0.0,0.0,1.0,0.0,1.0,0.0,1
3031,-0.5969916651842476,-0.5736729733833892,-0.7272680852305132,0.5840807260020958,0.39885376190344024,-0.7059548109652046,-0.3260796572793581,-0.29735105165967307,0.0,0.0,0.0,0.0,1.0,1.0,1.0,0.0,1
129,-0.538712321546999,2.8137024939485022,-0.4935020390512513,-0.8439895087218553,-2.5071845761908427,-0.35560937556603855,-0.40815084579754923,-0.48321309742391116,0.0,1.0,1.0,0.0,0.0,0.0,0.0,0.0,0
3273,0.2952010091367733,-0.5736729733833892,1.5519508650172906,-0.12995439135987974,0.39885376190344024,1.264223049279517,0.22788965009509043,0.31708580710109474,0.0,0.0,1.0,0.0,0.0,1.0,1.0,0.0,1
717,-0.19422342643467597,-0.5736729733833892,-0.4935020390512513,0.5840807260020958,0.39885376190344024,-0.5410863707773618,-0.33876032402697065,-0.3156944673403993,1.0,0.0,1.0,0.0,0.0,0.0,1.0,0.0,0
467,0.3345624506509359,-0.5736729733833892,-0.7272680852305132,0.5840807260020958,-2.5071845761908427,-0.7059548109652046,-0.47607807821365433,-0.5143336000866621,0.0,1.0,0.0,0.0,0.0,1.0,0.0,0.0,0
2272,-0.60324677798301,-0.5736729733833892,-0.7272680852305132,0.5840807260020958,0.39885376190344024,-0.7059548109652046,-0.32290920879093227,-0.2927647900951165,0.0,1.0,1.0,0.0,0.0,0.0,0.0,1.0,1
1936,-0.12129796502471564,2.1914711996659078,-0.7272680852305132,0.5840807260020958,-2.5071845761908427,-0.7059548109652046,-0.4998336908586288,-0.5486976509816298,0.0,1.0,0.0,1.0,0.0,0.0,1.0,0.0,1
4980,-0.7523015390657113,-0.5736729733833892,-0.7272680852305132,0.5840807260020958,0.39885376190344024,-0.7059548109652046,-0.206559020697814,-0.1244566161479869,0.0,1.0,0.0,1.0,0.0,0.0,0.0,0.0,1
4999,-0.6593902294450714,-0.5736729733833892,-0.7272680852305132,-1.5580246260838309,0.39885376190344024,-0.499869260730401,-0.03217913821239126,-0.24484958311580943,0.0,1.0,0.0,0.0,0.0,0.0,0.0,1.0,1
1613,-0.33534487372382515,-0.17226916514292634,-0.7272680852305132,-2.2720597434458063,0.39885376190344024,-0.29378371049559754,-0.2095461671191642,-0.4545888936678655,1.0,1.0,0.0,1.0,0.0,0.0,1.0,0.0,1
1662,-0.9025768099628052,-0.5736729733833892,-0.7272680852305132,0.5840807260020958,0.39885376190344024,-0.7059548109652046,0.16646420771986692,0.4151459358014442,1.0,0.0,0.0,0.0,0.0,0.0,0.0,0.0,1
3274,-0.6796812051093492,-0.5736729733833892,0.938314993796728,0.5840807260020958,0.39885376190344024,0.4687328253731756,1.275799232776585,2.019871767559106,0.0,1.0,0.0,0.0,0.0,0.0,0.0,1.0,1
3231,-0.8915922216332715,-0.5736729733833892,-0.7272680852305132,2.012150960726047,0.39885376190344024,-0.7574761985239055,-0.05165865300321869,0.33865405308479235,0.0,1.0,1.0,0.0,0.0,1.0,1.0,0.0,1
1274,0.9390199362288916,0.11872090007647085,2.3701320266447072,0.5840807260020958,0.39885376190344024,1.478552021523713,-0.04539436254976771,0.10867862636663571,1.0,1.0,0.0,0.0,0.0,0.0,1.0,0.0,1
826,1.613199044954027,-0.5736729733833892,0.17857534371412676,0.5840807260020958,-2.5071845761908427,-0.06708960523731362,-0.39591853528094756,-0.3983775666968165,0.0,1.0,0.0,0.0,0.0,0.0,1.0,0.0,0
30,-0.5765481257931709,0.4536548964647871,-0.7272680852305132,0.5840807260020958,0.39885376190344024,-0.7059548109652046,-0.43698325542261124,-0.4577803762149399,0.0,1.0,0.0,0.0,0.0,0.0,1.0,0.0,1
1927,-0.4433599922975739,0.018646905565739072,0.5000036572106119,0.5840807260020958,0.39885376190344024,0.15960450002097037,0.05849242069263173,0.258957668208629,0.0,1.0,1.0,0.0,0.0,0.0,1.0,0.0,1
4213,-0.8705384273349984,0.0481890441666931,-0.5811643063684745,0.5840807260020958,0.39885376190344024,-0.6029120358478028,-0.2024724354710253,-0.11854510273771489,0.0,1.0,0.0,0.0,0.0,0.0,0.0,1.0,1
3632,-0.41910235973652016,-0.5736729733833892,-0.08441145823754291,-2.2720597434458063,0.39885376190344024,1.066380921054106,0.9683906464058981,0.11339871156297358,0.0,1.0,1.0,0.0,0.0,0.0,0.0,1.0,1
1991,0.3310534849345571,-0.5736729733833892,3.1590924324997163,0.5840807260020958,0.39885376190344024,2.034983007157683,0.4750129692048506,0.8614819449673603,0.0,1.0,0.0,0.0,0.0,1.0,1.0,0.0,1
4975,-0.7899847795850841,-0.5736729733833892,1.9025999342861835,0.5840807260020958,0.39885376190344024,1.1488151411480272,3.3748967764378603,5.056353962394774,0.0,1.0,1.0,0.0,0.0,0.0,0.0,0.0,1
3034,-0.2538758436131163,-0.5736729733833892,-0.7272680852305132,0.5840807260020958,0.39885376190344024,-0.7059548109652046,-0.42268921083963606,-0.4371031037368414,0.0,1.0,0.0,0.0,0.0,1.0,0.0,0.0,1
3177,-0.5377969391862045,-0.5736729733833892,0.9090942380243203,-0.8439895087218553,-2.5071845761908427,1.128206586124547,1.385291443390391,1.246341458065663,0.0,1.0,1.0,0.0,0.0,0.0,1.0,0.0,0
3184,-0.6381838714199993,0.49464461377361085,0.06169232062449579,-0.8439895087218553,0.39885376190344024,0.23173444260315146,0.09786886330532231,0.004780688784097169,0.0,1.0,0.0,0.0,0.0,1.0,1.0,0.0,1
190,-0.5153700713467397,0.7365208735689219,0.9090942380243203,-0.8439895087218553,0.39885376190344024,1.128206586124547,0.3630660064488026,0.26053072311294717,0.0,1.0,0.0,1.0,0.0,0.0,1.0,0.0,1
3989,-0.6363531066984104,0.8746303715283821,0.7922112149346893,0.5840807260020958,0.39885376190344024,0.3656900502557739,0.05917374040792599,0.25994324183798645,0.0,0.0,0.0,0.0,0.0,0.0,0.0,1.0,1
1862,0.37468671079909405,-0.5736729733833892,-0.7272680852305132,0.5840807260020958,0.39885376190344024,-0.7059548109652046,-0.47810090757400125,-0.5172597553548782,0.0,1.0,0.0,0.0,0.0,0.0,0.0,1.0,1
2039,-0.8577230742838757,1.325147985192931,-0.7272680852305132,0.5840807260020958,0.39885376190344024,-0.7059548109652046,-0.4459923371616894,-0.4708126035047759,0.0,1.0,0.0,0.0,0.0,1.0,0.0,1.0,1
1978,-0.6358954155180131,0.25424546090834743,0.3538998783485732,0.5840807260020958,0.39885376190344024,0.05656172490356842,0.07011545942500694,0.27577115563674737,1.0,1.0,0.0,1.0,0.0,0.0,1.0,0.0,1
1454,0.13882318916771608,-0.5736729733833892,0.32467912257616544,-0.8439895087218553,0.39885376190344024,0.5099499354201362,0.02639086332404728,-0.06415105283379152,1.0,1.0,0.0,0.0,0.0,1.0,1.0,0.0,1
1394,-0.48012785045615225,-0.5736729733833892,-0.4935020390512513,-0.8439895087218553,0.39885376190344024,-0.35560937556603855,-0.07460103373042941,-0.16154531897278973,0.0,0.0,0.0,0.0,0.0,0.0,1.0,0.0,1
3138,0.05521826688182013,-0.5736729733833892,-0.7272680852305132,-0.8439895087218553,0.39885376190344024,-0.6029120358478028,-0.41313407443759825,-0.48801880867952424,0.0,1.0,0.0,1.0,0.0,1.0,1.0,0.0,1
1087,-0.1322825533542494,-0.5736729733833892,-0.7272680852305132,-0.12995439135987974,0.39885376190344024,-0.6647377009182438,-0.41779666911176755,-0.46127051465931607,0.0,1.0,0.0,0.0,0.0,0.0,0.0,0.0,1
1997,-0.6696119991406098,-0.5736729733833892,-0.05519070246513517,2.012150960726047,0.39885376190344024,-0.40197862436886933,0.10778501583638929,0.6461816779746687,0.0,1.0,0.0,0.0,0.0,1.0,0.0,1.0,1
3357,-0.9033396285968006,-0.5736729733833892,-0.46428128327884355,-0.12995439135987974,0.39885376190344024,-0.44216530666465603,1.08929339967903,1.3554832984717924,0.0,0.0,0.0,0.0,0.0,0.0,1.0,0.0,1
4606,-0.47097402684820744,1.151587920912326,-0.7272680852305132,-0.12995439135987974,0.39885376190344024,-0.6647377009182438,-0.4556217850811366,-0.5068676060956718,0.0,1.0,0.0,0.0,0.0,1.0,0.0,1.0,1
1008,0.6962910468915551,-0.5736729733833892,-0.7272680852305132,-0.12995439135987974,0.39885376190344024,-0.6647377009182438,-0.4796450489994183,-0.5358269611011832,1.0,0.0,0.0,0.0,0.0,0.0,1.0,0.0,1
4503,0.0034991634969319487,-0.5736729733833892,1.4642885977000673,0.5840807260020958,0.39885376190344024,0.8396868157958219,0.2511166029620103,0.5376011745678226,0.0,1.0,0.0,1.0,0.0,0.0,1.0,0.0,1
2859,-0.16416837225525718,-0.11503127160357791,0.2954583668037577,-0.8439895087218553,0.39885376190344024,0.47903710288491574,0.07373032516042577,-0.01849796303707088,0.0,0.0,0.0,0.0,0.0,0.0,1.0,0.0,1
1717,-0.16660939188404245,-0.5736729733833892,-0.7272680852305132,-0.8439895087218553,0.39885376190344024,-0.6029120358478028,-0.3790300134366661,-0.45512963548423596,0.0,0.0,1.0,0.0,0.0,0.0,0.0,1.0,1
374,3.158211906248312,0.05631313228195546,0.47078290143820417,0.5840807260020958,0.39885376190344024,0.13899594499748985,-0.4352683485633334,-0.455299651029146,0.0,1.0,0.0,0.0,0.0,1.0,1.0,0.0,1
3698,0.5418965553708859,-0.5736729733833892,-0.5811643063684745,-0.8439895087218553,0.39885376190344024,-0.44834787317170016,-0.4079673033321226,-0.4830360932854908,0.0,0.0,0.0,1.0,0.0,0.0,1.0,0.0,1
2720,2.5401762489852384,-0.5736729733833892,0.38312063412098096,-0.12995439135987974,0.39885376190344024,0.27501240815246025,-0.38969052690826117,-0.4273893670902166,0.0,1.0,0.0,0.0,0.0,0.0,0.0,1.0,1
2083,-0.9204267659982976,-0.021234981545548866,-0.4935020390512513,-1.5580246260838309,0.39885376190344024,-0.17013238035471537,0.4674805422196821,0.11654565735094269,0.0,1.0,0.0,1.0,0.0,1.0,1.0,0.0,0
1240,-0.4862303995281154,-0.5736729733833892,-0.522722794823659,2.012150960726047,-2.5071845761908427,-0.6492812846506336,-0.3216689529263448,-0.1821294112915302,0.0,1.0,1.0,0.0,0.0,0.0,1.0,0.0,1
1556,0.517333795356234,-0.5736729733833892,-0.7272680852305132,-0.8439895087218553,0.39885376190344024,-0.6029120358478028,-0.4529761975926839,-0.5264416372359183,0.0,0.0,0.0,0.0,0.0,1.0,0.0,1.0,1
2713,-0.7951719462962528,-0.5736729733833892,-0.4935020390512513,2.012150960726047,0.39885376190344024,-0.6338248683830233,-0.006659377723688424,0.42544658833685367,1.0,0.0,0.0,0.0,0.0,0.0,0.0,1.0,1
1656,-0.18186576456395048,1.8620763542652705,1.17208103997599,0.5840807260020958,0.39885376190344024,0.6336012655610185,-0.15307718294811412,-0.047091632055442395,1.0,1.0,0.0,1.0,0.0,1.0,0.0,1.0,1
4084,1.1005849229091176,3.481354826330063,-0.4935020390512513,-0.12995439135987974,0.39885376190344024,-0.4668955726928325,-0.4919073488635234,-0.550608811567323,0.0,1.0,0.0,0.0,0.0,1.0,1.0,0.0,1
732,-0.00046749339984413586,0.06406794366470589,-0.63960581791329,0.5840807260020958,0.39885376190344024,-0.6441291458947634,-0.44959239657062766,-0.4760203254272763,0.0,1.0,0.0,1.0,0.0,0.0,0.0,1.0,1
985,-0.7429951517309674,-0.5736729733833892,-0.7272680852305132,-0.12995439135987974,0.39885376190344024,-0.6647377009182438,-0.15121299988094195,-0.1399115543536639,0.0,1.0,1.0,0.0,0.0,0.0,0.0,1.0,1
1211,-0.6091967633281741,0.4510699593372037,3.188313188272124,-0.12995439135987974,-2.5071845761908427,2.649117946857397,1.4357977099926487,1.7731842972805214,0.0,0.0,1.0,0.0,0.0,0.0,0.0,1.0,0
4673,-0.717517009355521,2.334750571880535,0.44156214566579643,0.5840807260020958,0.39885376190344024,0.11838738997400955,-0.22580319342434263,-0.1522945734715536,0.0,0.0,1.0,0.0,0.0,0.0,1.0,0.0,1
89,0.09061305149920673,0.7800955280053291,1.055198016886359,0.5840807260020958,0.39885376190344024,0.551167045467097,-0.13555206097363615,-0.021740394330201796,0.0,1.0,1.0,0.0,0.0,1.0,0.0,1.0,1
3444,0.26804466576653696,3.2653279378105866,-0.7272680852305132,0.5840807260020958,-2.5071845761908427,-0.7059548109652046,-0.5135229049117263,-0.5684999964510179,0.0,1.0,0.0,0.0,0.0,0.0,0.0,0.0,1
4413,-0.93827672203379,1.750185504314157,-0.7272680852305132,-1.5580246260838309,0.39885376190344024,-0.499869260730401,-0.3627478026909071,-0.4839442042520995,0.0,1.0,0.0,0.0,0.0,0.0,0.0,1.0,1
1972,0.22731015071118257,-0.5736729733833892,0.7922112149346893,0.5840807260020958,0.39885376190344024,0.3656900502557739,-0.06782103033280831,0.07623698132811126,0.0,0.0,0.0,0.0,1.0,0.0,0.0,1.0,1
3355,-0.3830973202119372,-0.5736729733833892,-0.4935020390512513,0.5840807260020958,0.39885376190344024,-0.5410863707773618,-0.2787634497079327,-0.22890505578318687,0.0,0.0,0.0,0.0,1.0,0.0,0.0,1.0,1
3580,3.0637749593596815,0.756092540392054,0.5876659245278352,0.5840807260020958,0.39885376190344024,0.2214301650914113,-0.4315332076055478,-0.4498965247915081,0.0,0.0,0.0,0.0,0.0,0.0,1.0,0.0,1
2586,-0.7788476275287513,-0.5736729733833892,-0.7272680852305132,0.5840807260020958,0.39885376190344024,-0.7059548109652046,-0.17189799629007976,-0.07431717227761044,0.0,0.0,0.0,0.0,0.0,0.0,1.0,0.0,1
3125,0.31503429362065366,0.9241134536849801,0.38312063412098096,0.5840807260020958,0.39885376190344024,0.07717027992704895,-0.3090171731723577,-0.2726690499361107,0.0,1.0,0.0,0.0,0.0,0.0,1.0,0.0,1
1480,0.296574082677965,0.7992979180959493,2.2824697593274843,-2.2720597434458063,0.39885376190344024,6.0742597917598316,1.1980608453228658,0.22414304417735087,0.0,1.0,0.0,0.0,0.0,0.0,0.0,0.0,1
2098,-0.8235487994808817,-0.5736729733833892,-0.7272680852305132,-2.2720597434458063,0.39885376190344024,-0.29378371049559754,0.811855044243257,0.03791904169880235,0.0,1.0,0.0,0.0,0.0,0.0,0.0,0.0,1
2785,-0.474025301384189,-0.5736729733833892,-0.7272680852305132,0.5840807260020958,0.39885376190344024,-0.7059548109652046,-0.3741729688717481,-0.3669211794424253,0.0,1.0,0.0,0.0,0.0,0.0,1.0,0.0,1
4039,-0.6078236897869823,-0.5736729733833892,-0.7272680852305132,0.5840807260020958,0.39885376190344024,-0.7059548109652046,-0.3205312085940791,-0.2893248569300928,0.0,1.0,0.0,0.0,0.0,0.0,1.0,0.0,1
3960,-0.622317243832895,-0.5736729733833892,-0.4935020390512513,0.5840807260020958,0.39885376190344024,-0.5410863707773618,-0.12486858782258894,-0.006286050104931792,0.0,1.0,0.0,0.0,0.0,0.0,1.0,0.0,1
1043,-0.31276544215756125,2.1630368912624895,0.32467912257616544,-1.5580246260838309,-2.5071845761908427,0.9839467009601843,-0.061991019919147974,-0.26641200365945455,0.0,1.0,0.0,0.0,0.0,0.0,1.0,0.0,0
1437,1.6728514621324675,1.077363297677429,-0.522722794823659,-0.8439895087218553,0.39885376190344024,-0.38652220810125915,-0.47376754073266136,-0.5464923310660372,1.0,1.0,0.0,0.0,0.0,0.0,0.0,1.0,1
609,1.4417174160318609,-0.5736729733833892,-0.2305152370995816,-0.12995439135987974,0.39885376190344024,-0.24432317843924464,-0.41941960381962384,-0.46322691585923004,0.0,1.0,0.0,0.0,1.0,0.0,1.0,0.0,1
1001,0.5312170944949502,-0.011633786500238809,-0.7272680852305132,0.5840807260020958,0.39885376190344024,-0.7059548109652046,-0.49303786124997917,-0.5388670379793351,1.0,1.0,1.0,0.0,0.0,0.0,1.0,0.0,1
106,2.3506921003007806,-0.5736729733833892,-0.3181775044168048,-0.12995439135987974,0.39885376190344024,-0.31851397652377395,-0.4641348500627193,-0.5171298615421113,0.0,0.0,0.0,0.0,1.0,0.0,1.0,0.0,1
4972,-0.7053119112115945,-0.5736729733833892,-0.7272680852305132,0.5840807260020958,0.39885376190344024,-0.7059548109652046,-0.2544280080467536,-0.19370224420791096,0.0,1.0,0.0,0.0,0.0,1.0,1.0,0.0,1
2565,-0.4988931888524391,-0.5736729733833892,-0.7272680852305132,-0.8439895087218553,0.39885376190344024,-0.6029120358478028,-0.27561959675442554,-0.3554030045599545,0.0,0.0,0.0,0.0,1.0,1.0,1.0,0.0,1
2588,-0.6445915479455606,0.12906064858680474,1.727275399651737,0.5840807260020958,0.39885376190344024,1.025163811007145,0.7964498362872346,1.326461443708043,0.0,1.0,0.0,1.0,0.0,0.0,0.0,1.0,1
786,0.4212186474728135,-0.5736729733833892,2.750001851686008,2.012150960726047,0.39885376190344024,1.081837337321716,0.10165285299354311,0.6343542439459433,1.0,0.0,0.0,0.0,0.0,1.0,1.0,0.0,0
1270,0.7553332091627991,-0.31370215369499377,-0.7272680852305132,0.5840807260020958,0.39885376190344024,-0.7059548109652046,-0.49587522974862813,-0.5429714775049551,0.0,1.0,0.0,0.0,0.0,0.0,1.0,0.0,1
2868,0.11029377225628807,-0.5736729733833892,0.5584451687554274,0.5840807260020958,0.39885376190344024,0.200821610067931,-0.08720629571773957,0.04819492422540119,0.0,1.0,0.0,0.0,0.0,1.0,0.0,1.0,1
4458,-0.8230911083004845,0.07920828969769483,-0.7272680852305132,-0.8439895087218553,0.39885376190344024,-0.6029120358478028,-0.24519535701433748,-0.3260625664778334,1.0,0.0,0.0,0.0,0.0,0.0,0.0,0.0,1
1382,3.1720952053870284,-0.5736729733833892,0.5876659245278352,0.5840807260020958,0.39885376190344024,0.2214301650914113,-0.41940089072818576,-0.43234633314297805,0.0,1.0,0.0,0.0,0.0,0.0,1.0,0.0,1
4034,-0.6474902587547432,0.04264989317901422,-0.7272680852305132,0.5840807260020958,0.39885376190344024,-0.7059548109652046,-0.3959019837086092,-0.39835362376245703,0.0,0.0,0.0,0.0,1.0,0.0,1.0,0.0,1
334,0.5959041146577603,0.9119273215120866,-0.7272680852305132,-2.2720597434458063,0.39885376190344024,-0.29378371049559754,-0.41667605472191216,-0.5544645469969688,0.0,0.0,0.0,0.0,1.0,0.0,0.0,0.0,1
371,0.07688231608728952,-0.5736729733833892,-0.7272680852305132,2.012150960726047,0.39885376190344024,-0.7574761985239055,-0.4815654835639946,-0.49053049521661773,0.0,0.0,0.0,0.0,0.0,0.0,0.0,0.0,1
1941,-0.4917226936928823,-0.5736729733833892,0.32467912257616544,-1.5580246260838309,0.39885376190344024,0.9839467009601843,1.0976765786311757,0.572355595673728,0.0,1.0,0.0,0.0,0.0,0.0,1.0,0.0,0
3929,-0.1792721812083661,-0.32625756260039923,1.1428602842035822,-0.8439895087218553,0.39885376190344024,1.375509246406311,0.5826072215861081,0.4722512290068799,0.0,1.0,0.0,0.0,0.0,0.0,1.0,0.0,1
2738,1.559801740574349,0.16414193817543765,0.06169232062449579,-1.5580246260838309,0.39885376190344024,0.612992710537538,-0.29766634324085617,-0.4368719056276844,0.0,1.0,0.0,0.0,0.0,0.0,1.0,0.0,1
3566,-0.1393004847870071,1.4765514455228204,0.5876659245278352,-1.5580246260838309,0.39885376190344024,1.3549006913828308,0.06955918217898886,-0.17126400836874975,0.0,1.0,1.0,0.0,0.0,0.0,1.0,0.0,1
339,-0.5622071354740573,-0.5736729733833892,-0.7272680852305132,-1.5580246260838309,0.39885376190344024,-0.499869260730401,-0.13699896101528505,-0.3206639554797688,0.0,1.0,0.0,0.0,0.0,1.0,1.0,0.0,1
4301,-0.7884591423170932,-0.5736729733833892,0.032471564852088054,-2.2720597434458063,0.39885376190344024,1.31368358133587,3.662975590290634,1.4126966295795274,0.0,1.0,0.0,0.0,0.0,0.0,0.0,1.0,1
587,-0.6600004843522678,-0.5736729733833892,-0.6980473294581054,0.5840807260020958,0.39885376190344024,-0.6853462559417242,-0.2635699098064792,-0.20692660436409774,1.0,1.0,1.0,0.0,0.0,1.0,0.0,1.0,1
3541,1.3538407093955909,-0.17042278148036671,-0.7272680852305132,0.5840807260020958,0.39885376190344024,-0.7059548109652046,-0.5091090897749901,-0.5621151235257615,0.0,0.0,0.0,0.0,0.0,0.0,1.0,0.0,1
3062,-0.34404100615137273,-0.5736729733833892,1.961041445830999,0.5840807260020958,0.39885376190344024,1.190032251194988,0.8893986075220944,1.4609179341835752,0.0,0.0,0.0,1.0,0.0,0.0,1.0,0.0,1
3093,0.008991457661698836,-0.5736729733833892,-0.2889567486443971,-0.12995439135987974,0.39885376190344024,-0.29378371049559754,-0.26704145795523737,-0.27953943541614823,1.0,0.0,1.0,0.0,0.0,1.0,0.0,1.0,0
1612,0.4799556822904594,-0.5736729733833892,1.1136395284311744,2.012150960726047,0.39885376190344024,0.21627802633554133,-0.1942978108887866,0.06353819705812754,0.0,0.0,0.0,0.0,0.0,0.0,1.0,0.0,1
4025,-0.4586163649774819,-0.5736729733833892,0.5876659245278352,0.5840807260020958,0.39885376190344024,0.2214301650914113,0.3800591064093307,0.7241249581135889,0.0,1.0,0.0,1.0,0.0,0.0,0.0,1.0,0
3061,-0.46532916895664145,-0.5736729733833892,-0.025969946692727428,0.5840807260020958,0.39885376190344024,-0.21134949040167608,0.032639782766022904,0.22156013278168624,0.0,0.0,0.0,0.0,0.0,0.0,0.0,1.0,1
1562,-0.9320216092350277,0.662296250334025,-0.7272680852305132,0.5840807260020958,0.39885376190344024,-0.7059548109652046,-0.38891414133924473,-0.38824525171516105,0.0,1.0,0.0,0.0,1.0,0.0,0.0,0.0,1
2860,-0.5496969098765327,-0.5736729733833892,-0.7272680852305132,0.5840807260020958,0.39885376190344024,-0.7059548109652046,-0.3474325856109168,-0.32823946219694095,0.0,1.0,1.0,0.0,0.0,0.0,1.0,0.0,1
3126,-0.8770986675873589,-0.5736729733833892,1.055198016886359,0.5840807260020958,0.39885376190344024,0.551167045467097,3.727719004911946,5.566734443730177,0.0,0.0,0.0,0.0,0.0,0.0,1.0,0.0,1
2425,0.09152843386000122,-0.5736729733833892,-0.7272680852305132,-0.12995439135987974,0.39885376190344024,-0.6647377009182438,-0.4434327232340034,-0.49217404195651077,0.0,0.0,0.0,0.0,0.0,1.0,0.0,1.0,1
2947,-0.9713830507491904,1.701440975622583,-0.2305152370995816,0.5840807260020958,0.39885376190344024,-0.35560937556603855,-0.284961016893115,-0.23787024297323994,0.0,1.0,0.0,1.0,0.0,0.0,1.0,0.0,1
3882,-0.8684025351598113,-0.5736729733833892,-0.6688265736856978,-1.5580246260838309,0.39885376190344024,-0.41743504063647957,0.8244317112404265,0.37472228959709264,0.0,0.0,1.0,0.0,0.0,0.0,0.0,1.0,1
3057,-0.1568453133689013,-0.5736729733833892,-0.7272680852305132,0.5840807260020958,-2.5071845761908427,-0.7059548109652046,-0.4363919139695205,-0.45692496204002436,0.0,1.0,0.0,0.0,0.0,0.0,0.0,0.0,1
2282,0.909270009503071,0.45697838705739446,2.603898072823969,0.5840807260020958,0.39885376190344024,1.6434204617115558,-0.035627794005455175,0.12280660797425573,0.0,1.0,0.0,0.0,0.0,1.0,1.0,0.0,1
232,-0.2622668485870657,0.40269470737814145,1.405847086155252,-2.2720597434458063,0.39885376190344024,4.2194898396466,1.5192045487856192,0.3789948502932578,0.0,1.0,1.0,0.0,0.0,0.0,0.0,0.0,1
1428,-0.4117793008501643,-0.5736729733833892,-0.7272680852305132,-0.8439895087218553,0.39885376190344024,-0.6029120358478028,-0.31331264661687425,-0.39175331618855586,0.0,1.0,0.0,0.0,1.0,1.0,0.0,0.0,1
1767,-0.388437050649905,0.6936847725975386,-0.7272680852305132,0.5840807260020958,0.39885376190344024,-0.7059548109652046,-0.4639763053816109,-0.4968275924018779,0.0,1.0,0.0,1.0,0.0,0.0,0.0,0.0,1
1341,-0.28820268214290934,-0.5736729733833892,-0.3181775044168048,0.5840807260020958,0.39885376190344024,-0.41743504063647957,-0.2344372149114226,-0.164784251521302,0.0,1.0,1.0,0.0,0.0,0.0,0.0,1.0,1
2285,0.04530162463987992,0.558160211765662,-0.7272680852305132,0.5840807260020958,0.39885376190344024,-0.7059548109652046,-0.48426892849546704,-0.5261822019376784,0.0,0.0,0.0,0.0,0.0,0.0,0.0,1.0,1
405,0.19420382199578218,1.2841582678841073,-0.7272680852305132,0.5840807260020958,0.39885376190344024,-0.7059548109652046,-0.4984236033201816,-0.5466578669246267,1.0,1.0,0.0,0.0,1.0,0.0,1.0,0.0,1
4743,0.00502480076492275,-0.5736729733833892,-0.7272680852305132,-0.12995439135987974,0.39885376190344024,-0.6647377009182438,-0.4348263351120435,-0.48179928814342116,0.0,1.0,0.0,0.0,0.0,0.0,0.0,1.0,1
1883,-0.573039160076792,-0.5736729733833892,-0.63960581791329,-0.12995439135987974,0.39885376190344024,-0.5905469028337145,-0.21985820656615412,-0.22266138038004968,0.0,1.0,1.0,0.0,0.0,0.0,1.0,0.0,1
4275,-0.348465354228546,-0.5736729733833892,1.6980546438793294,-2.2720597434458063,0.39885376190344024,4.837746490351011,3.40780177103824,1.2896547440975343,0.0,1.0,0.0,0.0,0.0,0.0,0.0,0.0,1
2433,-0.3876742320159096,0.41008024202837995,-0.4935020390512513,0.5840807260020958,0.39885376190344024,-0.5410863707773618,-0.38073329077610857,-0.37641111511270176,0.0,1.0,0.0,0.0,1.0,0.0,0.0,1.0,1
3596,-0.6957003964232525,0.3085291405876005,-0.522722794823659,0.5840807260020958,0.39885376190344024,-0.561694925800842,-0.3122577337907861,-0.2773567332926356,0.0,1.0,0.0,1.0,0.0,0.0,0.0,0.0,1
2144,-0.4126946832109588,-0.13275655476415033,0.32467912257616544,-1.5580246260838309,0.39885376190344024,0.9839467009601843,0.5667890879090959,0.18837381790773222,0.0,1.0,1.0,0.0,0.0,0.0,1.0,0.0,1
3538,-0.3188679912295245,-0.5736729733833892,-0.5811643063684745,0.5840807260020958,0.39885376190344024,-0.6029120358478028,-0.34347654557603824,-0.32251679096413416,0.0,1.0,0.0,0.0,1.0,1.0,0.0,0.0,1
4230,-0.8264475102900642,-0.5736729733833892,0.9090942380243203,-0.8439895087218553,0.39885376190344024,1.128206586124547,3.9990426110000947,3.7669830566879807,0.0,1.0,0.0,0.0,0.0,0.0,1.0,0.0,1
3233,2.4199560322675633,-0.5736729733833892,0.9675357495691358,2.012150960726047,0.39885376190344024,0.13899594499748985,-0.4029087006307579,-0.33882090515901664,0.0,1.0,0.0,0.0,0.0,0.0,0.0,1.0,1
397,1.1748834578602696,0.2989279455422904,-0.11363221400995065,0.5840807260020958,0.39885376190344024,-0.2731751554721171,-0.42940309017531786,-0.44681517029736656,0.0,0.0,0.0,0.0,1.0,0.0,0.0,1.0,1
1852,-0.7513861567049168,-0.5736729733833892,-0.7272680852305132,0.5840807260020958,-2.5071845761908427,-0.7059548109652046,-0.2076404593229099,-0.12602098800856446,0.0,0.0,0.0,0.0,0.0,0.0,0.0,0.0,1
1893,-0.3530422660325184,-0.5736729733833892,-0.4935020390512513,-0.8439895087218553,0.39885376190344024,-0.35560937556603855,-0.16208109390479283,-0.24590907993751016,0.0,0.0,0.0,0.0,0.0,0.0,1.0,0.0,1
1124,1.7300628596821226,-0.5736729733833892,0.6753281918450583,-0.8439895087218553,0.39885376190344024,0.8809039258427825,-0.2395329069517515,-0.3206018296813277,0.0,1.0,0.0,0.0,0.0,0.0,0.0,0.0,1
3324,0.7734882926518897,-0.5736729733833892,0.9675357495691358,0.5840807260020958,0.39885376190344024,0.4893413803966559,-0.17983373590712903,-0.085796739829289,0.0,0.0,0.0,0.0,0.0,0.0,0.0,1.0,1
2188,-0.5080470124603839,-0.5736729733833892,-0.7272680852305132,-0.8439895087218553,0.39885376190344024,-0.6029120358478028,-0.27094192324978805,-0.35089196365955166,1.0,1.0,1.0,0.0,0.0,1.0,0.0,1.0,1
4938,0.6059733206264996,1.23098241840239,-0.7272680852305132,-0.12995439135987974,0.39885376190344024,-0.6647377009182438,-0.4982080467741079,-0.5582041220212137,0.0,1.0,0.0,1.0,0.0,0.0,0.0,1.0,1
4697,1.0354402115659103,-0.5736729733833892,0.3538998783485732,-0.8439895087218553,0.39885376190344024,0.5408627679553569,-0.21442026316966667,-0.2963837727549696,0.0,0.0,0.0,0.0,0.0,0.0,0.0,1.0,1
2691,-0.4230690166332962,-0.43556347542392915,-0.7272680852305132,0.5840807260020958,0.39885376190344024,-0.7059548109652046,-0.4019382794036704,-0.4070855211705436,1.0,0.0,0.0,0.0,0.0,0.0,0.0,1.0,1
2139,-0.8081398630741746,-0.5736729733833892,-0.1428529697823584,2.012150960726047,0.39885376190344024,-0.44834787317170016,0.4042597688504987,1.2180085639073945,0.0,1.0,0.0,0.0,0.0,0.0,0.0,1.0,1
693,0.18749101801662266,0.3233002098880775,-0.63960581791329,-0.12995439135987974,0.39885376190344024,-0.5905469028337145,-0.4517026511974686,-0.5021432027074669,0.0,1.0,0.0,1.0,0.0,0.0,0.0,1.0,1
2793,-0.6825799159185316,-0.5736729733833892,-0.7272680852305132,-0.12995439135987974,0.39885376190344024,-0.6647377009182438,-0.2182014940257748,-0.22066426097270653,0.0,1.0,0.0,0.0,0.0,0.0,0.0,1.0,1
893,0.8708239503497028,-0.5736729733833892,2.954547142092862,0.5840807260020958,0.39885376190344024,1.89072312199332,0.1502764654357227,0.39172930546483903,0.0,0.0,1.0,0.0,0.0,0.0,0.0,1.0,1
4171,-0.38050373685635286,-0.5736729733833892,-0.05519070246513517,-0.8439895087218553,0.39885376190344024,0.1080831124622694,0.1884315683092853,0.09211728162644903,0.0,1.0,0.0,0.0,0.0,0.0,1.0,0.0,1
1307,-0.2955257410292652,0.5020301484238494,-0.7272680852305132,-2.2720597434458063,0.39885376190344024,-0.29378371049559754,-0.3000345071026814,-0.4982213321301162,1.0,1.0,0.0,0.0,1.0,0.0,0.0,1.0,1
1905,0.03294396276915442,-0.5736729733833892,-0.7272680852305132,0.5840807260020958,0.39885376190344024,-0.7059548109652046,-0.45602852356494256,-0.48533060501907216,0.0,0.0,0.0,0.0,0.0,0.0,0.0,0.0,1
1840,-0.3634165994548559,0.5699770672060437,1.7857169111965525,0.5840807260020958,0.39885376190344024,1.066380921054106,0.2715853082800782,0.567210498554379,0.0,1.0,0.0,0.0,0.0,0.0,1.0,0.0,1
97,-0.11595823458674784,-0.5736729733833892,-0.4935020390512513,-1.5580246260838309,0.39885376190344024,-0.17013238035471537,-0.16547441256149978,-0.3412597591076395,0.0,1.0,0.0,0.0,1.0,1.0,1.0,0.0,1
4013,-0.16096453399247648,-0.5736729733833892,-0.7272680852305132,0.5840807260020958,0.39885376190344024,-0.7059548109652046,-0.4358716893797067,-0.45617242306961997,0.0,1.0,0.0,0.0,0.0,0.0,0.0,1.0,1
3467,-0.20658108830540145,-0.5736729733833892,-0.7272680852305132,-1.5580246260838309,0.39885376190344024,-0.499869260730401,-0.312141247738437,-0.4473413547277457,1.0,1.0,1.0,0.0,0.0,1.0,1.0,0.0,1
589,-0.6618312490738567,0.16303410797790188,-0.4350605275064358,-2.2720597434458063,0.39885376190344024,0.32447294020881307,0.3144063272664556,-0.20194501742273183,1.0,0.0,0.0,0.0,0.0,0.0,1.0,0.0,1
1287,0.08588357596843525,-0.5736729733833892,0.2954583668037577,0.5840807260020958,0.39885376190344024,0.01534461485660781,-0.1555887450145202,-0.05072477121988763,0.0,0.0,1.0,0.0,0.0,0.0,1.0,0.0,1
396,-0.8494846330367254,-0.5736729733833892,-0.7272680852305132,-2.2720597434458063,0.39885376190344024,-0.29378371049559754,0.9970089466270001,0.12719812730558655,0.0,1.0,0.0,0.0,0.0,0.0,0.0,1.0,1
946,-0.8186667602233112,2.830689223644051,-0.7272680852305132,-0.8439895087218553,0.39885376190344024,-0.6029120358478028,-0.45706470618382716,-0.5303845010245111,1.0,1.0,1.0,0.0,0.0,0.0,0.0,1.0,1
76,-0.23602588757762394,-0.5736729733833892,0.5876659245278352,-1.5580246260838309,0.39885376190344024,1.3549006913828308,0.7938830874160301,0.3526269961697757,0.0,1.0,0.0,0.0,0.0,0.0,0.0,1.0,0
3583,-0.7579463969572773,-0.5736729733833892,0.5292244129830197,-0.12995439135987974,0.39885376190344024,0.39866373829334234,1.6637089683385435,2.047924776452832,0.0,1.0,0.0,0.0,1.0,0.0,0.0,0.0,1
2327,-0.4897393652444943,-0.5736729733833892,-0.7272680852305132,-0.8439895087218553,0.39885376190344024,-0.6029120358478028,-0.28014160724726156,-0.35976392762673315,0.0,1.0,0.0,1.0,0.0,1.0,1.0,0.0,1
2415,-0.10817748451999475,3.091767873529982,0.09091307639690353,0.5840807260020958,0.39885376190344024,-0.12891527030775465,-0.39511963425838253,-0.3972219039989205,1.0,0.0,0.0,0.0,1.0,0.0,0.0,1.0,1
2034,0.7112422921178649,2.957720419628153,-0.7272680852305132,-0.8439895087218553,0.39885376190344024,-0.6029120358478028,-0.5015910653959891,-0.5733246992561641,1.0,0.0,0.0,0.0,0.0,1.0,1.0,0.0,0
706,-0.7706091862816009,-0.5736729733833892,-0.7272680852305132,-0.8439895087218553,0.39885376190344024,-0.6029120358478028,-0.001383103081209618,-0.09093562817799013,1.0,1.0,1.0,0.0,0.0,1.0,0.0,0.0,1
2076,0.18718589056302448,0.8476731700550115,0.5000036572106119,0.5840807260020958,0.39885376190344024,0.15960450002097037,-0.2664599473672516,-0.21110723314058866,1.0,0.0,0.0,0.0,0.0,1.0,1.0,0.0,1
3464,-0.177136289033179,-0.5736729733833892,0.8214319707070971,2.012150960726047,0.39885376190344024,0.06171386365943861,-0.010579811859083226,0.4178850350499185,0.0,0.0,0.0,0.0,1.0,0.0,0.0,1.0,1
4688,-0.8035629512702022,-0.5736729733833892,-0.7272680852305132,0.5840807260020958,0.39885376190344024,-0.7059548109652046,-0.13262743603470623,-0.01750973264396892,0.0,1.0,0.0,0.0,0.0,0.0,0.0,1.0,1
1911,3.4288599575898804,-0.5736729733833892,1.4350678419276597,-1.5580246260838309,0.39885376190344024,2.5501968827446917,-0.1788999784094326,-0.35097023963674734,0.0,0.0,1.0,0.0,0.0,0.0,1.0,0.0,1
2498,0.37117774508271517,-0.5736729733833892,-0.7272680852305132,-2.2720597434458063,-2.5071845761908427,-0.29378371049559754,-0.33900093480677035,-0.5170104961174553,0.0,1.0,1.0,0.0,0.0,0.0,0.0,0.0,0
3526,-0.39987933015983607,-0.5736729733833892,-0.7272680852305132,-0.12995439135987974,0.39885376190344024,-0.6647377009182438,-0.36361050463221484,-0.3959506489288215,0.0,0.0,0.0,1.0,0.0,0.0,1.0,0.0,1
4971,-0.3371756384454141,3.0009257973320485,-0.7272680852305132,0.5840807260020958,0.39885376190344024,-0.7059548109652046,-0.5024203588043337,-0.552439435723746,0.0,1.0,0.0,1.0,0.0,0.0,1.0,0.0,1
4652,-0.2622668485870657,-0.5736729733833892,-0.4935020390512513,0.5840807260020958,-2.5071845761908427,-0.5410863707773618,-0.3205045033299496,-0.28928622601497295,0.0,1.0,0.0,0.0,0.0,1.0,1.0,0.0,1
4307,0.3067958523735034,-0.5736729733833892,1.8441584227413679,-0.8439895087218553,0.39885376190344024,2.117417227251604,0.5225433698720943,0.41432702984056013,1.0,1.0,0.0,0.0,0.0,0.0,0.0,0.0,1
2160,-0.7317054359478354,-0.5736729733833892,0.5000036572106119,-1.5580246260838309,0.39885376190344024,1.2312493612419488,2.760378911476308,1.7749595537989524,0.0,1.0,0.0,0.0,0.0,1.0,0.0,0.0,0
1061,-0.9631446095020401,-0.5736729733833892,-0.7272680852305132,0.5840807260020958,0.39885376190344024,-0.7059548109652046,0.7298858461536891,1.2301722686441787,1.0,0.0,0.0,1.0,0.0,0.0,0.0,1.0,0
3019,0.12600783611659333,-0.5736729733833892,-0.522722794823659,2.012150960726047,-2.5071845761908427,-0.6492812846506336,-0.44020183737516827,-0.4107501943629597,0.0,1.0,0.0,0.0,0.0,0.0,0.0,1.0,1
4756,-0.8134795935121424,-0.09065900725779083,-0.7272680852305132,-2.2720597434458063,0.39885376190344024,-0.29378371049559754,0.1429417111480103,-0.28462328638649304,0.0,1.0,0.0,0.0,0.0,0.0,1.0,0.0,1
4849,0.060405433592988854,-0.5736729733833892,-0.7272680852305132,0.5840807260020958,0.39885376190344024,-0.7059548109652046,-0.45830882066499895,-0.4886292042500443,1.0,1.0,1.0,0.0,0.0,1.0,0.0,0.0,1
39,-0.16218504380686913,1.4813520430454754,0.5584451687554274,0.5840807260020958,0.39885376190344024,0.200821610067931,-0.24085918417228167,-0.17407405102360043,0.0,0.0,0.0,0.0,0.0,0.0,0.0,1.0,1
478,7.763805690858944,-0.5736729733833892,2.3116905150998917,-1.5580246260838309,0.39885376190344024,3.7867101841535127,-0.29354374611360534,-0.4338901021352313,0.0,1.0,1.0,0.0,0.0,0.0,0.0,1.0,1
4017,0.26880748440053237,-0.5736729733833892,0.23701685525894223,0.5840807260020958,0.39885376190344024,-0.02587249519035291,-0.22533306880395013,-0.15161450739101978,0.0,1.0,0.0,0.0,1.0,0.0,1.0,0.0,1
1392,2.7139463338093908,-0.5736729733833892,-0.7272680852305132,-2.2720597434458063,0.39885376190344024,-0.29378371049559754,-0.46905823047270595,-0.5797226306393655,0.0,0.0,0.0,0.0,0.0,0.0,0.0,0.0,1
2280,-0.8513153977583143,-0.5736729733833892,-0.7272680852305132,2.012150960726047,0.39885376190344024,-0.7574761985239055,-0.15754353684937672,0.1344281526277122,0.0,0.0,0.0,0.0,0.0,0.0,1.0,0.0,1
4894,-0.7198054652575072,-0.5736729733833892,-0.7272680852305132,-1.5580246260838309,0.39885376190344024,-0.499869260730401,0.06506798405069002,-0.17451241461629166,0.0,1.0,0.0,0.0,0.0,0.0,0.0,1.0,1
4764,-0.7014978180416176,1.5614850940005631,-0.7272680852305132,-1.5580246260838309,0.39885376190344024,-0.499869260730401,-0.38677468447777735,-0.5013224339974404,0.0,1.0,0.0,0.0,0.0,1.0,1.0,0.0,1
2975,-0.22382078943369751,0.7856346789930081,-0.7272680852305132,-1.5580246260838309,0.39885376190344024,-0.499869260730401,-0.40509542370069795,-0.5145735091117475,0.0,1.0,0.0,0.0,0.0,0.0,0.0,1.0,1
3322,-0.8227859808468864,-0.5736729733833892,-0.7272680852305132,-0.8439895087218553,0.39885376190344024,-0.6029120358478028,0.12984331217394796,0.035616112947670316,0.0,1.0,0.0,1.0,0.0,0.0,0.0,1.0,1
4629,0.013873496919269401,0.0005523456726547285,-0.7272680852305132,-0.8439895087218553,0.39885376190344024,-0.6029120358478028,-0.4335060580313314,-0.5076650817942583,0.0,0.0,0.0,0.0,0.0,0.0,0.0,0.0,1
1056,-0.3052898195444063,-0.5736729733833892,-0.7272680852305132,-0.8439895087218553,0.39885376190344024,-0.6029120358478028,-0.347245707254129,-0.4244775805603087,0.0,1.0,1.0,0.0,0.0,0.0,0.0,0.0,1
850,-0.584481439586723,-0.5736729733833892,0.2077960994865345,-0.12995439135987974,0.39885376190344024,0.12663081198340173,0.5373826804268625,0.690170770393225,1.0,0.0,0.0,1.0,0.0,1.0,1.0,0.0,0
2598,0.9185763968378149,-0.5736729733833892,-0.7272680852305132,0.5840807260020958,-2.5071845761908427,-0.7059548109652046,-0.4973440537987051,-0.5450962277762673,0.0,0.0,0.0,0.0,0.0,0.0,1.0,0.0,0
4284,-0.6378787439664011,-0.3314274368555662,-0.7272680852305132,0.5840807260020958,-2.5071845761908427,-0.7059548109652046,-0.3521718343673768,-0.3350950961856253,0.0,0.0,1.0,0.0,0.0,0.0,0.0,1.0,1
4364,-0.5747173610715819,5.062228518213615,0.26623761103134996,0.5840807260020958,0.39885376190344024,-0.005263940166872497,-0.39301132994766536,-0.3941721036120258,0.0,1.0,0.0,0.0,0.0,0.0,0.0,1.0,1
4323,-0.7230093035202879,-0.5736729733833892,0.7922112149346893,0.5840807260020958,0.39885376190344024,0.3656900502557739,1.3704313684003444,2.1567633549693896,0.0,0.0,0.0,0.0,0.0,0.0,1.0,0.0,1
2071,0.97578779438747,1.5260345276794185,-0.4935020390512513,0.5840807260020958,0.39885376190344024,-0.5410863707773618,-0.48619824021904434,-0.5289730778141335,0.0,0.0,0.0,0.0,0.0,0.0,0.0,1.0,1
2827,-0.3263436138426794,0.03674146545882341,0.12013383216931127,2.012150960726047,-2.5071845761908427,-0.3092401267632078,-0.25051603055171023,-0.044892922811973594,0.0,1.0,0.0,0.0,0.0,0.0,0.0,1.0,0
4833,0.19115254745980056,1.800776416668291,-0.4935020390512513,0.5840807260020958,0.39885376190344024,-0.5410863707773618,-0.4676319094862995,-0.5021156633677912,1.0,1.0,1.0,0.0,0.0,0.0,0.0,1.0,1
1766,3.2181694508803504,2.5592708252477854,-0.2889567486443971,-2.2720597434458063,0.39885376190344024,0.6336012655610185,-0.41499334272027893,-0.5536531625923667,1.0,1.0,1.0,0.0,0.0,1.0,0.0,1.0,1
1324,-0.25036687789673745,0.6220450864902252,-0.4935020390512513,0.5840807260020958,0.39885376190344024,-0.5410863707773618,-0.4099328114399737,-0.41865013581057453,0.0,1.0,0.0,1.0,0.0,0.0,1.0,0.0,1
1859,-0.11641592576714507,0.716210653280766,2.954547142092862,0.5840807260020958,0.39885376190344024,1.89072312199332,0.36792343409138584,0.7065699126003033,0.0,0.0,0.0,0.0,0.0,0.0,1.0,0.0,1
4955,-0.7931886178478648,0.2405822218054062,0.47078290143820417,-2.2720597434458063,0.39885376190344024,2.241068557392486,2.024508636268394,0.6226466788695358,1.0,1.0,0.0,0.0,0.0,0.0,0.0,1.0,1
4909,-0.6519146068319165,-0.5736729733833892,-0.7272680852305132,0.5840807260020958,0.39885376190344024,-0.7059548109652046,-0.29474949714014326,-0.25202992129517227,1.0,1.0,0.0,0.0,0.0,1.0,0.0,1.0,1
3818,-0.49446884077526576,-0.5736729733833892,0.3538998783485732,0.5840807260020958,0.39885376190344024,0.05656172490356842,0.2972547240796978,0.6043429911642397,0.0,1.0,0.0,0.0,0.0,0.0,0.0,0.0,1
1009,-0.5512225471445236,0.062221560002146264,-0.4350605275064358,2.012150960726047,-2.5071845761908427,-0.6029120358478028,-0.3517159893278694,-0.24008275498205803,0.0,1.0,0.0,0.0,0.0,0.0,0.0,0.0,0
649,0.26880748440053237,2.10173695366551,-0.05519070246513517,2.012150960726047,0.39885376190344024,-0.40197862436886933,-0.44689848471626203,-0.4236663801639984,0.0,1.0,1.0,0.0,0.0,0.0,0.0,0.0,1
4403,-0.048830194795152555,0.42891335538648817,1.405847086155252,2.012150960726047,0.39885376190344024,0.37084218901164384,-0.11319616224384406,0.2199633318028745,1.0,1.0,1.0,0.0,0.0,0.0,1.0,0.0,1
4646,-0.7937988727550611,-0.5736729733833892,-0.7272680852305132,0.5840807260020958,0.39885376190344024,-0.7059548109652046,-0.14908432347779751,-0.041315699095723836,0.0,1.0,0.0,1.0,0.0,0.0,1.0,0.0,1
591,-0.5281854243978625,-0.5736729733833892,0.14935458794171902,2.012150960726047,0.39885376190344024,-0.29378371049559754,0.027268548998548314,0.4908852150208839,0.0,1.0,0.0,0.0,1.0,0.0,0.0,1.0,1
987,0.4729377508577017,-0.5736729733833892,1.5811716207896984,-0.8439895087218553,0.39885376190344024,1.839201734434619,0.3175720210580827,0.2166573684171998,1.0,1.0,0.0,0.0,0.0,0.0,0.0,1.0,1
4788,-0.8990678442464264,0.47285728655540726,-0.7272680852305132,0.5840807260020958,0.39885376190344024,-0.7059548109652046,-0.3763860468616608,-0.37012254182429505,0.0,1.0,0.0,0.0,0.0,0.0,1.0,0.0,1
4574,-0.62811466545126,-0.15491315871486586,0.26623761103134996,0.5840807260020958,0.39885376190344024,-0.005263940166872497,0.19011664514666157,0.44936073698007695,1.0,1.0,0.0,0.0,0.0,0.0,0.0,0.0,1
4131,-0.2886603733233066,0.07846973623267098,0.8214319707070971,0.5840807260020958,0.39885376190344024,0.3862986052792542,0.05762507949929751,0.25770300231739407,1.0,1.0,1.0,0.0,0.0,0.0,0.0,1.0,1
1980,-0.6952427052428553,-0.5736729733833892,1.9318206900585912,0.5840807260020958,0.39885376190344024,1.1694236961715074,2.325098415035183,3.5377518173001405,1.0,1.0,1.0,0.0,0.0,0.0,0.0,1.0,0
3449,-0.5013342084812243,-0.5736729733833892,0.7045489476174661,0.5840807260020958,0.39885376190344024,0.30386438518533276,0.5264259104016933,0.9358541345779722,0.0,1.0,0.0,0.0,1.0,0.0,1.0,0.0,1
1611,-0.8252270004756715,-0.5736729733833892,-0.7272680852305132,0.5840807260020958,0.39885376190344024,-0.7059548109652046,-0.09076771409429332,0.04304309908920297,0.0,0.0,0.0,0.0,0.0,0.0,1.0,0.0,1
2318,-0.5602238070256693,3.502403600083243,-0.7272680852305132,-0.12995439135987974,0.39885376190344024,-0.6647377009182438,-0.4930301959607219,-0.5519623715088567,0.0,1.0,0.0,0.0,0.0,1.0,0.0,1.0,1
3389,-0.20185161277462998,-0.5736729733833892,-0.7272680852305132,0.5840807260020958,0.39885376190344024,-0.7059548109652046,-0.4304306630220815,-0.44830162177863125,1.0,1.0,0.0,0.0,0.0,1.0,0.0,1.0,1
760,-0.5667840472780298,-0.5736729733833892,0.032471564852088054,0.5840807260020958,0.39885376190344024,-0.17013238035471537,0.19846229616811864,0.4614332682483313,0.0,0.0,0.0,0.0,0.0,0.0,1.0,0.0,1
2872,-0.8986101530660292,-0.5736729733833892,-0.7272680852305132,-0.8439895087218553,0.39885376190344024,-0.6029120358478028,0.493327289015486,0.38615171243908475,0.0,0.0,0.0,0.0,0.0,0.0,0.0,1.0,1
4268,-0.7341464555766207,-0.5736729733833892,0.14935458794171902,-1.5580246260838309,-2.5071845761908427,0.7366440406784203,2.017361950208412,1.2375481838119133,0.0,0.0,0.0,1.0,0.0,1.0,0.0,1.0,0
1718,0.2826907835392487,-0.5736729733833892,-0.7272680852305132,2.012150960726047,0.39885376190344024,-0.7574761985239055,-0.49180894269417313,-0.510287608684254,1.0,0.0,0.0,0.0,0.0,0.0,0.0,0.0,1
3482,-0.47829708573456325,0.06554505059475359,1.6980546438793294,0.5840807260020958,0.39885376190344024,1.0045552559836646,0.5566319694728724,0.9795491790616175,0.0,1.0,0.0,0.0,0.0,1.0,1.0,0.0,0
1458,1.0641221922041373,-0.5736729733833892,-0.7272680852305132,-1.5580246260838309,-2.5071845761908427,-0.499869260730401,-0.4542199276879332,-0.5501044167005383,0.0,1.0,1.0,0.0,0.0,1.0,0.0,1.0,0
2508,-0.7854078677811117,1.088072322920275,1.6688338881069216,-0.8439895087218553,-2.5071845761908427,1.9319402320402808,0.8900426257818039,0.7687348722504027,0.0,1.0,0.0,0.0,0.0,0.0,0.0,1.0,0
799,-0.27203092710220683,-0.5736729733833892,-0.5811643063684745,-1.5580246260838309,0.39885376190344024,-0.29378371049559754,-0.16443734794746528,-0.3405096681352311,0.0,1.0,0.0,0.0,0.0,0.0,0.0,1.0,1
81,-0.04211739081599303,-0.5736729733833892,-0.7272680852305132,-0.8439895087218553,0.39885376190344024,-0.6029120358478028,-0.4000366999462619,-0.475388001514438,1.0,0.0,0.0,1.0,0.0,0.0,1.0,0.0,1
2533,-0.6802914600165454,0.5094156830740879,1.6980546438793294,0.5840807260020958,0.39885376190344024,1.0045552559836646,0.5820934016874852,1.0163808097822349,0.0,1.0,0.0,0.0,0.0,1.0,0.0,1.0,1
3412,2.6489541861929826,1.2871124817442028,1.2305225515208054,0.5840807260020958,0.39885376190344024,0.6748183756079791,-0.3780780841197236,-0.37257018463280633,0.0,1.0,0.0,0.0,0.0,1.0,0.0,0.0,1
282,1.6269297803659444,-0.5736729733833892,1.8733791785137757,-1.5580246260838309,-2.5071845761908427,3.1684535334491017,0.18034929101116376,-0.0911314309550222,0.0,1.0,0.0,1.0,0.0,1.0,1.0,0.0,0
504,-0.5943980818286633,-0.5736729733833892,-0.7272680852305132,-1.5580246260838309,0.39885376190344024,-0.499869260730401,-0.10734381669964776,-0.2992149003913966,1.0,1.0,0.0,0.0,0.0,1.0,1.0,0.0,1
659,-0.3718076044288053,-0.5736729733833892,0.38312063412098096,-0.12995439135987974,0.39885376190344024,0.27501240815246025,0.2976938471924533,0.40123276279760467,1.0,0.0,0.0,0.0,0.0,0.0,0.0,1.0,0
4516,-0.5030124094760142,-0.5736729733833892,1.9902622016034066,0.5840807260020958,0.39885376190344024,1.2106408062184681,1.3330994758142307,2.102760325200925,0.0,0.0,0.0,0.0,0.0,0.0,1.0,0.0,1
1899,-0.4479369041015463,-0.5736729733833892,-0.25973599287198934,0.5840807260020958,0.39885376190344024,-0.37621793058951886,-0.11687064229156376,0.005283502378972165,0.0,0.0,0.0,0.0,0.0,1.0,1.0,0.0,1
4917,-0.48470476226012466,-0.5736729733833892,1.2305225515208054,0.5840807260020958,0.39885376190344024,0.6748183756079791,0.8120542561104906,1.3490342598676066,0.0,0.0,1.0,0.0,0.0,0.0,0.0,1.0,0
4389,0.15774109129080202,0.08917876147551682,0.6168866803002429,-1.5580246260838309,0.39885376190344024,1.3961178014297912,0.19865991910045516,-0.07788766904950986,1.0,1.0,0.0,0.0,0.0,0.0,0.0,1.0,1
1067,0.85800859729858,-0.5736729733833892,-0.7272680852305132,-0.8439895087218553,0.39885376190344024,-0.6029120358478028,-0.4699240626329881,-0.5427857690560467,0.0,1.0,1.0,0.0,0.0,0.0,0.0,1.0,1
3190,-0.4996560074864345,-0.5736729733833892,-0.5519435505960668,0.5840807260020958,0.39885376190344024,-0.5823034808243225,-0.2570920730855373,-0.19755598891862183,0.0,1.0,1.0,0.0,0.0,0.0,1.0,0.0,1
354,-0.30132316264763026,-0.5736729733833892,-0.7272680852305132,-0.8439895087218553,0.39885376190344024,-0.6029120358478028,-0.3483206534890212,-0.4255142340220189,0.0,1.0,0.0,0.0,0.0,0.0,1.0,0.0,1
501,2.4143111743759973,-0.5736729733833892,2.428573538189523,0.5840807260020958,0.39885376190344024,1.5197691315706736,-0.21255043873840718,-0.13312359508711044,0.0,1.0,0.0,0.0,0.0,0.0,1.0,0.0,1
1253,-0.02853921913087489,1.9702744368912646,-0.7272680852305132,-0.12995439135987974,0.39885376190344024,-0.6647377009182438,-0.4903599398830233,-0.5487434544635817,0.0,0.0,0.0,0.0,0.0,1.0,1.0,0.0,1
2048,-0.4630407130546553,-0.09102828399030276,0.7045489476174661,0.5840807260020958,0.39885376190344024,0.30386438518533276,0.1976112542982491,0.46020218039692473,0.0,0.0,0.0,0.0,0.0,0.0,0.0,1.0,1
3640,-0.5359661744646156,-0.5736729733833892,-0.7272680852305132,2.012150960726047,0.39885376190344024,-0.7574761985239055,-0.40150891883972567,-0.33612107033526284,1.0,1.0,0.0,0.0,1.0,0.0,0.0,1.0,1
4969,1.3571971113851706,0.8070527294786997,-0.11363221400995065,0.5840807260020958,0.39885376190344024,-0.2731751554721171,-0.44499871949707365,-0.469375270420284,0.0,0.0,0.0,0.0,1.0,0.0,0.0,1.0,1
4302,-0.6958529601500516,-0.5736729733833892,0.09091307639690353,0.5840807260020958,0.39885376190344024,-0.12891527030775465,0.5352637553403551,0.9486386566112632,0.0,1.0,0.0,0.0,0.0,1.0,0.0,1.0,0
1557,-0.6455069303063552,-0.5736729733833892,-0.7272680852305132,0.5840807260020958,0.39885376190344024,-0.7059548109652046,-0.2988543339176351,-0.2579678367699435,0.0,0.0,0.0,0.0,0.0,0.0,1.0,0.0,1
3696,-0.565258410010039,-0.5736729733833892,1.17208103997599,-0.8439895087218553,0.39885376190344024,1.4064220789415316,1.7759114717981224,1.6230464424808386,0.0,1.0,1.0,0.0,0.0,1.0,0.0,0.0,0
461,-0.26867452511262707,0.25572256783839514,-0.4350605275064358,0.5840807260020958,0.39885376190344024,-0.499869260730401,-0.37139709205422344,-0.36290569166439235,0.0,1.0,0.0,0.0,0.0,0.0,0.0,0.0,1
3032,0.03782600202672499,-0.5736729733833892,0.7045489476174661,-0.12995439135987974,0.39885376190344024,0.5470453344624009,0.09653374459913303,0.15874003392607636,0.0,1.0,0.0,0.0,0.0,1.0,0.0,1.0,1
1677,1.4923685733291556,3.3358597937203647,-0.7272680852305132,-1.5580246260838309,-2.5071845761908427,-0.499869260730401,-0.5001258486293864,-0.5833073786108091,0.0,0.0,0.0,0.0,1.0,0.0,0.0,1.0,1
4303,0.2764356707404864,0.3609664366042939,-0.7272680852305132,0.5840807260020958,0.39885376190344024,-0.7059548109652046,-0.48981818491626733,-0.5342095651096382,0.0,1.0,0.0,1.0,0.0,0.0,0.0,1.0,1
2992,-0.24563740236596598,3.946274232562577,-0.4935020390512513,0.5840807260020958,0.39885376190344024,-0.5410863707773618,-0.4811051552856038,-0.5216055966011339,0.0,0.0,0.0,0.0,0.0,1.0,1.0,0.0,1
670,0.9919595494281724,-0.5736729733833892,-0.7272680852305132,-0.12995439135987974,0.39885376190344024,-0.6647377009182438,-0.4895034676275669,-0.5477110017468109,0.0,1.0,0.0,0.0,1.0,0.0,1.0,0.0,1
1059,-0.4824163063581384,1.424114149506127,-0.4935020390512513,-0.12995439135987974,0.39885376190344024,-0.4668955726928325,-0.39428813582243116,-0.43293165265036604,1.0,1.0,0.0,0.0,0.0,1.0,1.0,0.0,1
1750,-0.9536856584404971,-0.5736729733833892,-0.7272680852305132,-2.2720597434458063,0.39885376190344024,-0.29378371049559754,2.8639578642245094,1.0274194571926971,0.0,1.0,0.0,0.0,0.0,1.0,0.0,1.0,0
4051,-0.17301706840960382,-0.5736729733833892,-0.7272680852305132,-0.8439895087218553,0.39885376190344024,-0.6029120358478028,-0.37778551829668683,-0.45392947295232056,0.0,0.0,0.0,0.0,0.0,0.0,0.0,1.0,1
3307,-0.0384558613728151,1.2394757832501644,-0.7272680852305132,-0.8439895087218553,-2.5071845761908427,-0.6029120358478028,-0.4634019744039755,-0.5364960169542932,0.0,0.0,0.0,0.0,0.0,1.0,0.0,1.0,0
1776,-0.5802096552363488,-0.5736729733833892,-0.4058397717340281,-1.5580246260838309,0.39885376190344024,-0.04648105021383322,0.3481860925910565,0.030262036722187666,0.0,1.0,0.0,0.0,0.0,0.0,1.0,0.0,1
2019,-0.7616079264004552,0.39530917272790295,-0.7272680852305132,-0.8439895087218553,0.39885376190344024,-0.6029120358478028,-0.330731802963674,-0.40855195052099036,0.0,0.0,0.0,0.0,0.0,0.0,0.0,1.0,1
3182,-0.7297221074994474,-0.5736729733833892,-0.4935020390512513,-1.5580246260838309,0.39885376190344024,-0.17013238035471537,0.5902836659383311,0.2053670415138435,1.0,1.0,0.0,0.0,0.0,1.0,1.0,0.0,1
545,-0.6435236018579671,1.2575703431432486,-0.7272680852305132,0.5840807260020958,0.39885376190344024,-0.7059548109652046,-0.46237575785099333,-0.49451229548135855,0.0,0.0,0.0,1.0,0.0,0.0,1.0,0.0,1
4109,-0.13731715633861905,-0.5736729733833892,1.0259772611139513,0.5840807260020958,0.39885376190344024,0.5305584904436167,0.2127997296732127,0.48217330564646155,0.0,1.0,0.0,0.0,0.0,0.0,1.0,0.0,1
455,-0.6423030920435745,0.24279788220047777,-0.7272680852305132,0.5840807260020958,0.39885376190344024,-0.7059548109652046,-0.4140166807298234,-0.42455772044003176,0.0,1.0,0.0,0.0,1.0,1.0,1.0,0.0,1
2334,0.488804378444806,-0.5736729733833892,2.194807492010261,0.5840807260020958,0.39885376190344024,1.3549006913828308,0.15791502646125927,0.4027789847035424,0.0,1.0,0.0,0.0,0.0,1.0,0.0,0.0,1
2898,-0.4441228109315693,-0.5736729733833892,-0.08441145823754291,-0.12995439135987974,0.39885376190344024,-0.12067184829836249,0.08438440511882028,0.1440943539597874,0.0,0.0,0.0,0.0,0.0,0.0,0.0,1.0,1
4059,-0.4195600509169174,-0.5736729733833892,-0.7272680852305132,-1.5580246260838309,0.39885376190344024,-0.499869260730401,-0.23137129034270132,-0.3889218357658001,0.0,1.0,0.0,0.0,0.0,0.0,0.0,0.0,1
132,-0.7193477740771099,-0.5736729733833892,-0.7272680852305132,0.5840807260020958,-2.5071845761908427,-0.7059548109652046,-0.24159948516331975,-0.17514494493460261,1.0,0.0,0.0,0.0,0.0,1.0,0.0,0.0,0
4939,-0.7953245100230519,1.5806874840911833,-0.7272680852305132,0.5840807260020958,0.39885376190344024,-0.7059548109652046,-0.46100396810475897,-0.49252791169124976,0.0,1.0,1.0,0.0,0.0,1.0,0.0,1.0,1
2514,-0.361738398460066,-0.5736729733833892,0.14935458794171902,-2.2720597434458063,0.39885376190344024,1.560986241617634,1.1870623890518537,0.21883971485876583,0.0,1.0,0.0,0.0,1.0,0.0,0.0,1.0,0
4287,-0.1699657938736222,-0.5736729733833892,-0.7272680852305132,2.012150960726047,0.39885376190344024,-0.7574761985239055,-0.46288642444712774,-0.4545031839587079,0.0,1.0,1.0,0.0,0.0,1.0,0.0,1.0,1
779,0.19206792982059506,-0.5736729733833892,-0.7272680852305132,0.5840807260020958,0.39885376190344024,-0.7059548109652046,-0.46782945875660925,-0.5024014313368452,1.0,0.0,0.0,0.0,0.0,0.0,0.0,1.0,1
2501,0.5869028547766145,-0.5736729733833892,0.6461074360726506,0.5840807260020958,0.39885376190344024,0.2626472751383721,-0.20395394495514324,-0.12068820332091033,0.0,0.0,1.0,0.0,0.0,0.0,0.0,1.0,1
364,0.2625523716017701,-0.5736729733833892,-0.6980473294581054,0.5840807260020958,0.39885376190344024,-0.6853462559417242,-0.464609474493137,-0.4977435130265647,0.0,0.0,0.0,0.0,1.0,0.0,1.0,0.0,1
1078,1.451176367093404,-0.5736729733833892,-0.11363221400995065,0.5840807260020958,0.39885376190344024,-0.2731751554721171,-0.4254142296820793,-0.44104502212012836,0.0,1.0,0.0,1.0,0.0,0.0,1.0,0.0,1
3941,0.966328843325927,-0.5736729733833892,-0.08441145823754291,-1.5580246260838309,0.39885376190344024,0.4069071603027345,-0.23470693550011013,-0.3913344504533232,0.0,0.0,1.0,0.0,0.0,0.0,0.0,0.0,0
1441,0.8772316268752641,-0.5736729733833892,-0.522722794823659,-0.8439895087218553,0.39885376190344024,-0.38652220810125915,-0.4170167328378084,-0.4917631552715375,0.0,1.0,0.0,1.0,0.0,0.0,0.0,1.0,1
4613,-0.5422212872633778,-0.5736729733833892,-0.7272680852305132,0.5840807260020958,-2.5071845761908427,-0.7059548109652046,-0.35043627422108986,-0.3325844946663291,0.0,1.0,0.0,0.0,0.0,1.0,0.0,1.0,0
1989,0.01936579108403629,-0.5736729733833892,-0.20129448132717387,0.5840807260020958,0.39885376190344024,-0.33500082054255825,-0.2882942392079148,-0.24269196754763236,0.0,1.0,1.0,0.0,0.0,0.0,0.0,1.0,1
2417,-0.05523787132071392,2.0740411987271155,3.0129886536376778,-0.8439895087218553,0.39885376190344024,3.353930528660425,0.4287635555824062,0.32388793068720034,0.0,1.0,0.0,0.0,0.0,0.0,0.0,1.0,1
4334,0.05491313942822197,-0.5736729733833892,0.0032508090796803113,2.012150960726047,0.39885376190344024,-0.3710657918336488,-0.3123748269824312,-0.16420332806878202,0.0,0.0,0.0,0.0,0.0,1.0,0.0,1.0,1
373,0.5753080115398844,-0.5736729733833892,0.06169232062449579,0.5840807260020958,-2.5071845761908427,-0.14952382533123507,-0.3228583199910268,-0.29269117611024187,0.0,1.0,0.0,1.0,0.0,1.0,1.0,0.0,0
3445,-0.7388759311073922,0.4067567514357726,0.2954583668037577,0.5840807260020958,0.39885376190344024,0.01534461485660781,0.07730925199726994,0.2861774481527765,0.0,0.0,0.0,0.0,0.0,1.0,0.0,1.0,0
4660,1.4139508177544284,-0.5736729733833892,2.2532490035550765,0.5840807260020958,0.39885376190344024,1.3961178014297912,-0.1000114971484981,0.029671360962132035,0.0,1.0,0.0,0.0,0.0,0.0,0.0,1.0,1
4113,-0.8194295788573066,-0.5736729733833892,0.12013383216931127,0.5840807260020958,-2.5071845761908427,-0.10830671528427435,1.1866122710199094,1.8908569810841163,0.0,0.0,1.0,0.0,0.0,1.0,0.0,1.0,0
2927,-0.14952225448254547,-0.5736729733833892,-0.7272680852305132,0.5840807260020958,0.39885376190344024,-0.7059548109652046,-0.4373048722703102,-0.4582456160674404,0.0,1.0,0.0,0.0,0.0,1.0,1.0,0.0,1
4904,0.21586787120125156,-0.02271208847559657,-0.7272680852305132,0.5840807260020958,0.39885376190344024,-0.7059548109652046,-0.48131498506343245,-0.5219091291293134,1.0,1.0,0.0,0.0,0.0,0.0,1.0,0.0,1
929,-0.3284795060178665,0.35505800888410305,1.17208103997599,-0.12995439135987974,0.39885376190344024,0.9427295909132237,0.2581576902437486,0.3535730605803778,0.0,1.0,0.0,0.0,0.0,0.0,0.0,0.0,1
1242,-0.569072503180016,-0.5736729733833892,-0.7272680852305132,0.5840807260020958,0.39885376190344024,-0.7059548109652046,-0.3392035188889807,-0.3163355777601604,0.0,1.0,0.0,0.0,1.0,0.0,0.0,0.0,1
1363,-0.6957003964232525,1.5156947791690845,1.5519508650172906,-0.8439895087218553,0.39885376190344024,1.8082889018993986,0.5242043410003511,0.4159288322507806,0.0,1.0,0.0,0.0,1.0,0.0,1.0,0.0,1
1559,-0.4363420608648162,-0.5736729733833892,3.3344169671341626,-1.5580246260838309,0.39885376190344024,5.2293090357971375,4.292252404075565,2.8829372652361145,0.0,1.0,0.0,0.0,0.0,0.0,1.0,0.0,1
857,0.053387502160231165,0.380168826694914,-0.7272680852305132,-0.8439895087218553,-2.5071845761908427,-0.6029120358478028,-0.4485406007889316,-0.5221640495463147,0.0,1.0,1.0,0.0,0.0,0.0,1.0,0.0,1
3699,-0.41238955575736064,-0.15048183792472275,-0.7272680852305132,0.5840807260020958,0.39885376190344024,-0.7059548109652046,-0.42522643163620627,-0.44077335993642447,0.0,1.0,0.0,0.0,0.0,1.0,0.0,1.0,1
4571,-0.4496151050963362,-0.5736729733833892,-0.7272680852305132,-0.8439895087218553,-2.5071845761908427,-0.6029120358478028,-0.2983083081243092,-0.37728347673602797,1.0,1.0,0.0,0.0,0.0,1.0,0.0,0.0,0
783,0.18215128757865484,-0.5736729733833892,0.06169232062449579,0.5840807260020958,0.39885376190344024,-0.14952382533123507,-0.25062056784051734,-0.18819453236810166,0.0,0.0,0.0,1.0,0.0,0.0,0.0,1.0,1
3170,-0.6880722100832986,0.7701250562275072,-0.7272680852305132,0.5840807260020958,0.39885376190344024,-0.7059548109652046,-0.4393232984278019,-0.4611654018140922,0.0,1.0,0.0,0.0,0.0,0.0,0.0,0.0,1
3466,-0.5005713898472289,2.1309098155339523,-0.6980473294581054,2.012150960726047,0.39885376190344024,-0.7420197822562952,-0.4985814363473368,-0.5233500833682396,1.0,0.0,0.0,0.0,0.0,1.0,1.0,0.0,1
311,0.7660126700387347,-0.5736729733833892,-0.6688265736856978,2.012150960726047,0.39885376190344024,-0.7265633659886849,-0.49854357425010953,-0.5232770566941897,1.0,0.0,1.0,0.0,0.0,0.0,1.0,0.0,1
3264,0.23692166549952462,0.2756635113940391,-0.1428529697823584,0.5840807260020958,0.39885376190344024,-0.29378371049559754,-0.3667369849937867,-0.3561645413268225,0.0,1.0,0.0,0.0,0.0,0.0,0.0,1.0,1
2971,-0.3301577070126564,-0.5736729733833892,-0.7272680852305132,0.5840807260020958,0.39885376190344024,-0.7059548109652046,-0.40928602763518296,-0.41771452063962367,0.0,1.0,1.0,0.0,0.0,1.0,0.0,1.0,1
830,-0.784187357966719,-0.5736729733833892,3.392858478678978,0.5840807260020958,0.39885376190344024,2.1998514473455253,5.240979691315783,7.755765222354881,0.0,1.0,0.0,1.0,0.0,1.0,0.0,1.0,1
3003,2.3548113209243557,-0.5736729733833892,-0.4935020390512513,0.5840807260020958,0.39885376190344024,-0.5410863707773618,-0.4954195835083402,-0.5423123553503147,0.0,1.0,0.0,0.0,0.0,0.0,0.0,1.0,1
2810,-0.35700892292929454,-0.24760161857535912,1.4642885977000673,-0.12995439135987974,0.39885376190344024,1.190032251194988,0.6754483843746829,0.8566050129803892,1.0,1.0,0.0,1.0,0.0,0.0,0.0,1.0,1
1198,-0.14296201423018504,-0.5736729733833892,-0.7272680852305132,-0.12995439135987974,0.39885376190344024,-0.6647377009182438,-0.41625360003907713,-0.4594103891898514,0.0,1.0,1.0,0.0,0.0,0.0,1.0,0.0,1
473,1.1980731443337298,0.5452355261277446,0.32467912257616544,0.5840807260020958,0.39885376190344024,0.03595316988008812,-0.3804131364937015,-0.3759479909567685,0.0,0.0,1.0,0.0,0.0,0.0,0.0,0.0,1
55,0.5396080994688998,-0.5736729733833892,-0.7272680852305132,0.5840807260020958,0.39885376190344024,-0.7059548109652046,-0.4853359247577794,-0.5277256819737784,0.0,1.0,0.0,0.0,0.0,0.0,0.0,1.0,1
1236,1.829839537008721,0.7228576344659807,-0.2889567486443971,-0.8439895087218553,0.39885376190344024,-0.1392195478194948,-0.43945523175353907,-0.5134023283032062,0.0,1.0,0.0,0.0,0.0,1.0,1.0,0.0,1
1675,-0.46044712969907087,-0.5736729733833892,-0.7272680852305132,0.5840807260020958,0.39885376190344024,-0.7059548109652046,-0.3782320873042623,-0.3727929603343033,0.0,1.0,1.0,0.0,0.0,0.0,1.0,0.0,1
1882,-0.7605399803128616,2.908975890936579,-0.7272680852305132,0.5840807260020958,-2.5071845761908427,-0.7059548109652046,-0.49034474742498096,-0.5349712722951881,0.0,0.0,1.0,0.0,0.0,0.0,0.0,0.0,0
3392,-0.33320898154863804,0.004245112997773982,-0.25973599287198934,-2.2720597434458063,0.39885376190344024,0.6954269306314594,0.2612687923063028,-0.2275673266020901,0.0,1.0,0.0,0.0,0.0,1.0,0.0,1.0,1
287,0.16063980209998455,-0.5736729733833892,-0.7272680852305132,-1.5580246260838309,0.39885376190344024,-0.499869260730401,-0.3841007838144926,-0.4993884477042971,0.0,0.0,0.0,0.0,0.0,0.0,1.0,0.0,1
1038,-0.14265688677658686,2.4292854154035877,-0.7272680852305132,-1.5580246260838309,0.39885376190344024,-0.499869260730401,-0.45569600668103083,-0.5511720392115185,1.0,1.0,0.0,0.0,0.0,0.0,1.0,0.0,1
4020,3.214813048890771,-0.5736729733833892,0.9675357495691358,0.5840807260020958,-2.5071845761908427,0.4893413803966559,-0.39073714170355583,-0.3908823412416222,0.0,1.0,0.0,0.0,0.0,1.0,1.0,0.0,0
376,0.46683520178573845,-0.5736729733833892,0.6168866803002429,0.5840807260020958,0.39885376190344024,0.2420387201148916,-0.18309134992627535,-0.09050909204781975,0.0,0.0,0.0,0.0,0.0,0.0,1.0,0.0,1
406,-0.7207208476183017,-0.5736729733833892,-0.7272680852305132,0.5840807260020958,-2.5071845761908427,-0.7059548109652046,-0.24028393235266254,-0.17324191155819302,0.0,1.0,0.0,0.0,0.0,0.0,0.0,1.0,0
1461,-0.7582515244108754,0.18703709559117704,0.8214319707070971,2.012150960726047,0.39885376190344024,0.06171386365943861,0.22979019954269808,0.8814996723642569,0.0,1.0,0.0,0.0,0.0,0.0,0.0,0.0,1
2287,-0.42673054607647415,-0.5736729733833892,-0.4935020390512513,0.5840807260020958,0.39885376190344024,-0.5410863707773618,-0.2596472796127704,-0.20125226265659116,0.0,1.0,1.0,0.0,0.0,0.0,0.0,1.0,1
742,-0.5850916944939194,-0.5736729733833892,-0.7272680852305132,-0.8439895087218553,0.39885376190344024,-0.6029120358478028,-0.22410948293356517,-0.3057278337726108,0.0,0.0,0.0,1.0,0.0,1.0,1.0,0.0,1
4883,0.05689646787661001,-0.5736729733833892,-0.7272680852305132,0.5840807260020958,0.39885376190344024,-0.7059548109652046,-0.4580238126034738,-0.4882169214064866,1.0,1.0,0.0,0.0,0.0,1.0,0.0,1.0,1
1020,0.09930918392675431,-0.5736729733833892,-0.7272680852305132,0.5840807260020958,-2.5071845761908427,-0.7059548109652046,-0.46135104909820657,-0.49302998709977564,0.0,1.0,0.0,0.0,0.0,0.0,0.0,0.0,0
4564,0.37285594607750505,-0.5736729733833892,-0.4935020390512513,0.5840807260020958,0.39885376190344024,-0.5410863707773618,-0.4225060614071452,-0.4368381660771161,1.0,1.0,0.0,0.0,0.0,0.0,0.0,0.0,1
3502,-0.2624194123138648,-0.5736729733833892,-0.7272680852305132,0.5840807260020958,0.39885376190344024,-0.7059548109652046,-0.42131884582277634,-0.4351207809111655,0.0,0.0,0.0,0.0,0.0,0.0,0.0,0.0,1
2806,-0.3368705109918159,-0.5736729733833892,-0.7272680852305132,2.012150960726047,0.39885376190344024,-0.7574761985239055,-0.44282358434255886,-0.4158068994915586,0.0,0.0,0.0,0.0,0.0,0.0,0.0,1.0,1
794,-0.7240772496078814,0.4399916573618459,-0.7272680852305132,-1.5580246260838309,0.39885376190344024,-0.499869260730401,-0.2805301338808827,-0.4244775805603087,0.0,1.0,1.0,0.0,0.0,0.0,0.0,1.0,1
1406,-0.799443730646627,-0.5736729733833892,-0.7272680852305132,-0.8439895087218553,0.39885376190344024,-0.6029120358478028,0.06409644151987692,-0.02778865916820334,0.0,1.0,0.0,0.0,0.0,1.0,1.0,0.0,1
1787,-0.6290300478120545,-0.5736729733833892,0.12013383216931127,0.5840807260020958,0.39885376190344024,-0.10830671528427435,0.3830334133907101,0.728427488130932,0.0,1.0,1.0,0.0,0.0,1.0,0.0,0.0,1
1160,-0.938429285760589,0.11428957928632774,-0.08441145823754291,0.5840807260020958,0.39885376190344024,-0.2525666004486368,0.265861967036716,0.5589313102751504,0.0,1.0,0.0,0.0,1.0,0.0,1.0,0.0,0
2208,-0.45617534534869664,2.2091964828264805,-0.4935020390512513,0.5840807260020958,-2.5071845761908427,-0.5410863707773618,-0.4456103688584786,-0.47026006131577963,0.0,1.0,0.0,1.0,0.0,0.0,0.0,1.0,1
3939,-0.635742851791214,-0.5736729733833892,-0.4935020390512513,0.5840807260020958,0.39885376190344024,-0.5410863707773618,-0.11083231078200283,0.014018344726182304,0.0,1.0,0.0,0.0,0.0,1.0,0.0,1.0,1
3171,0.17986283167666864,-0.5736729733833892,-0.4935020390512513,0.5840807260020958,0.39885376190344024,-0.5410863707773618,-0.402746054784518,-0.4082540212094185,0.0,1.0,0.0,0.0,0.0,0.0,1.0,0.0,1
3677,-0.375011442691586,-0.1700535047478548,-0.2889567486443971,0.5840807260020958,0.39885376190344024,-0.39682648561299927,-0.2527350380946706,-0.1912532521963605,0.0,1.0,0.0,1.0,0.0,0.0,0.0,1.0,1
1157,3.5051418209894205,-0.5736729733833892,2.98376789786527,-0.12995439135987974,0.39885376190344024,2.4760060846601624,-0.19284834450162786,-0.19010176704702267,0.0,0.0,0.0,0.0,1.0,0.0,0.0,0.0,1
1659,0.8264279058511704,1.8410275805120908,0.7922112149346893,0.5840807260020958,0.39885376190344024,0.3656900502557739,-0.33519766795435774,-0.31054085179571944,0.0,0.0,1.0,0.0,0.0,1.0,0.0,1.0,1
2613,-0.2940001037612744,-0.5736729733833892,-0.7272680852305132,-2.2720597434458063,0.39885376190344024,-0.29378371049559754,-0.153157836505984,-0.42739908815351085,0.0,0.0,0.0,0.0,1.0,1.0,1.0,0.0,1
3987,-0.5562571501288932,2.2047651620363373,-0.4935020390512513,0.5840807260020958,0.39885376190344024,-0.5410863707773618,-0.4392525593308669,-0.46106307307335764,0.0,1.0,1.0,0.0,0.0,0.0,1.0,0.0,1
3337,-0.3742486240575906,0.14309316442225792,-0.7272680852305132,0.5840807260020958,0.39885376190344024,-0.7059548109652046,-0.44547761589157686,-0.47006802544706733,0.0,1.0,1.0,0.0,0.0,0.0,1.0,0.0,1
4768,0.6685244486141224,-0.5736729733833892,-0.3473982601892126,0.5840807260020958,0.39885376190344024,-0.43804359565996,-0.41543286007220387,-0.42660631669074817,0.0,1.0,0.0,0.0,0.0,0.0,0.0,1.0,1
505,-0.5319995175678395,0.5681306835434841,0.2077960994865345,0.5840807260020958,0.39885376190344024,-0.04648105021383322,-0.12714977347972087,-0.00958593469195955,0.0,1.0,0.0,1.0,0.0,1.0,0.0,0.0,1
4933,0.8004920722953268,-0.14420413347202002,1.4350678419276597,-1.5580246260838309,0.39885376190344024,2.5501968827446917,0.26869046409878206,-0.02723578209356675,0.0,1.0,0.0,1.0,0.0,0.0,0.0,0.0,0
3694,0.4666826380589394,1.9717515438213122,-0.7272680852305132,0.5840807260020958,0.39885376190344024,-0.7059548109652046,-0.5090771261104873,-0.5620688859898081,1.0,0.0,0.0,1.0,0.0,0.0,0.0,0.0,1
2388,0.48849925099120783,-0.5736729733833892,-0.7272680852305132,0.5840807260020958,0.39885376190344024,-0.7059548109652046,-0.4832607672037378,-0.5247238305432176,1.0,0.0,1.0,0.0,0.0,0.0,0.0,1.0,1
2084,-0.5571725324896877,-0.5736729733833892,0.0032508090796803113,0.5840807260020958,0.39885376190344024,-0.19074093537819567,0.16330555004246092,0.41057673041792736,0.0,1.0,0.0,0.0,0.0,0.0,1.0,0.0,1
3852,1.074801653080073,-0.011633786500238809,-0.17207372555476613,0.5840807260020958,0.39885376190344024,-0.31439226551907784,-0.426273931788179,-0.44228863757092884,0.0,0.0,1.0,0.0,0.0,0.0,1.0,0.0,1
1472,-0.3663153102640384,-0.009418126105167256,-0.7272680852305132,0.5840807260020958,0.39885376190344024,-0.7059548109652046,-0.43928692988365037,-0.4611127923309829,0.0,1.0,0.0,0.0,1.0,0.0,0.0,1.0,1
44,-0.8101231915225626,-0.5736729733833892,-0.7272680852305132,0.5840807260020958,0.39885376190344024,-0.7059548109652046,-0.12078487652103824,-0.0003786940159054163,0.0,0.0,0.0,1.0,0.0,0.0,0.0,0.0,1
3506,-0.06896860673263114,-0.25978775074825267,-0.7272680852305132,0.5840807260020958,0.39885376190344024,-0.7059548109652046,-0.4583335180885389,-0.48866493069213557,0.0,1.0,0.0,0.0,1.0,0.0,0.0,0.0,1
317,-0.454954835534304,0.23873583814284657,-0.4935020390512513,-0.8439895087218553,0.39885376190344024,-0.35560937556603855,-0.25990955974414026,-0.3402526056640124,0.0,1.0,0.0,0.0,0.0,1.0,1.0,0.0,1
1703,0.7818792976258391,-0.5736729733833892,2.3409112708722994,0.5840807260020958,-2.5071845761908427,1.4579434665002327,0.07135107595249968,0.27755855593965656,0.0,1.0,0.0,0.0,0.0,0.0,1.0,0.0,0
1773,-0.16371068107485992,-0.5736729733833892,0.09091307639690353,-0.8439895087218553,0.39885376190344024,0.2626472751383721,0.09026812251832425,-0.0025492910722384144,0.0,1.0,0.0,0.0,0.0,0.0,0.0,0.0,1
2962,-0.5487815275157383,-0.5736729733833892,-0.7272680852305132,0.5840807260020958,-2.5071845761908427,-0.7059548109652046,-0.3478052973383407,-0.3287786141422837,0.0,0.0,0.0,0.0,0.0,1.0,0.0,1.0,0
3263,0.8761636807876706,0.23910511487535852,-0.4350605275064358,-0.12995439135987974,0.39885376190344024,-0.41743504063647957,-0.442925602726004,-0.4915627227422823,0.0,0.0,0.0,0.0,0.0,0.0,1.0,0.0,1
3513,-0.8546717997478941,-0.5736729733833892,-0.7272680852305132,-0.8439895087218553,0.39885376190344024,-0.6029120358478028,0.246434967499725,0.1480544276993955,0.0,1.0,0.0,0.0,0.0,0.0,1.0,0.0,1
266,1.7277744037801364,0.01236920111303634,-0.4935020390512513,0.5840807260020958,0.39885376190344024,-0.5410863707773618,-0.4887728131782142,-0.5326973663653882,0.0,1.0,0.0,0.0,0.0,0.0,0.0,0.0,1
2005,-0.15059020057013903,-0.5736729733833892,0.6753281918450583,0.5840807260020958,0.39885376190344024,0.2832558301618524,0.09188217121753636,0.3072581310742263,0.0,1.0,1.0,0.0,0.0,0.0,1.0,0.0,1
710,-0.15211583783812985,-0.5736729733833892,0.4123413898933887,0.5840807260020958,-2.5071845761908427,0.09777883495052925,-0.006387484812711213,0.1651046319528804,0.0,0.0,0.0,0.0,0.0,0.0,1.0,0.0,1
3644,-0.6479479499351404,0.5426505890001612,-0.7272680852305132,-0.8439895087218553,-2.5071845761908427,-0.6029120358478028,-0.3750557933651871,-0.45129698891925674,0.0,1.0,1.0,0.0,0.0,0.0,0.0,1.0,1
1892,-0.5110982869963655,-0.5736729733833892,-0.7272680852305132,2.012150960726047,0.39885376190344024,-0.7574761985239055,-0.4083695685486308,-0.34935357637037795,1.0,0.0,0.0,0.0,0.0,0.0,1.0,0.0,1
3628,-0.8217180347592927,-0.5736729733833892,-0.46428128327884355,-0.8439895087218553,0.39885376190344024,-0.32469654303081796,0.7330567117977611,0.617341262143363,0.0,1.0,0.0,0.0,0.0,0.0,0.0,1.0,1
4974,-0.80890268170817,-0.30225457498712405,-0.08441145823754291,0.5840807260020958,0.39885376190344024,-0.2525666004486368,0.36675035122549,0.7048729713380375,0.0,0.0,0.0,0.0,0.0,1.0,1.0,0.0,1
4634,-0.6044672877974026,0.1460473782823533,-0.7272680852305132,0.5840807260020958,0.39885376190344024,-0.7059548109652046,-0.4136279111164533,-0.4239953397100575,0.0,1.0,0.0,0.0,0.0,0.0,1.0,0.0,1
87,-0.0645442586554578,0.5212325385144695,0.12013383216931127,-2.2720597434458063,0.39885376190344024,1.4991605765471934,0.25586792393378616,-0.23017156331313457,0.0,0.0,0.0,1.0,0.0,0.0,1.0,0.0,0
721,-0.8490269418563281,-0.21473598938179775,-0.2889567486443971,0.5840807260020958,0.39885376190344024,-0.39682648561299927,0.17513453122302955,0.42768812709708953,0.0,0.0,1.0,0.0,0.0,0.0,0.0,0.0,1
4245,-0.8217180347592927,-0.5736729733833892,0.5584451687554274,0.5840807260020958,0.39885376190344024,0.200821610067931,1.8787217310565867,2.8920386834899494,0.0,1.0,0.0,1.0,0.0,0.0,1.0,0.0,1
4283,0.5933105313021759,1.4425779861317232,-0.7272680852305132,-0.8439895087218553,0.39885376190344024,-0.6029120358478028,-0.4877755726026618,-0.5600013552929458,0.0,1.0,0.0,1.0,0.0,0.0,1.0,0.0,1
46,-0.5211674929651048,0.10801187483362501,-0.7272680852305132,-0.12995439135987974,0.39885376190344024,-0.6647377009182438,-0.40042994817043004,-0.4403354311197679,1.0,0.0,0.0,0.0,0.0,1.0,0.0,1.0,1
3340,0.2791818178228698,-0.5736729733833892,-0.7272680852305132,-1.5580246260838309,0.39885376190344024,-0.499869260730401,-0.3987755012613622,-0.5100024180689001,0.0,0.0,0.0,0.0,0.0,0.0,1.0,0.0,1
3743,-0.18217089201754863,-0.5736729733833892,-0.4935020390512513,0.5840807260020958,0.39885376190344024,-0.5410863707773618,-0.34169200957738066,-0.31993534266396806,0.0,1.0,1.0,0.0,0.0,1.0,0.0,0.0,1
350,-0.07827499406737502,1.0264031085907834,0.5292244129830197,-2.2720597434458063,-2.5071845761908427,2.3647198875333686,0.4130521427832723,-0.15437913793063313,0.0,0.0,0.0,0.0,0.0,1.0,1.0,0.0,0
24,-0.5547315128609024,0.791173829980687,-0.7272680852305132,0.5840807260020958,0.39885376190344024,-0.7059548109652046,-0.45395569503175576,-0.48233212266984754,1.0,0.0,1.0,0.0,0.0,0.0,1.0,0.0,1
1091,-0.3120026235235659,0.6272149607453921,-0.7272680852305132,0.5840807260020958,0.39885376190344024,-0.7059548109652046,-0.4673137820311827,-0.5016554711503939,0.0,1.0,1.0,0.0,0.0,1.0,1.0,0.0,1
4068,-0.7503182106173232,-0.5736729733833892,-0.1428529697823584,0.5840807260020958,0.39885376190344024,-0.29378371049559754,0.4681043664897167,0.8514881982741468,0.0,1.0,0.0,1.0,0.0,0.0,0.0,1.0,0
4143,-0.07781730288697779,1.1456794931921352,-0.7272680852305132,-0.8439895087218553,0.39885376190344024,-0.6029120358478028,-0.4594790486677427,-0.5327128374681994,1.0,1.0,1.0,0.0,0.0,1.0,1.0,0.0,1
2973,2.6362913968686588,0.5854866899715445,1.0844187726587666,0.5840807260020958,0.39885376190344024,0.5717756004905774,-0.37754513545510865,-0.3717992394541264,0.0,1.0,0.0,0.0,0.0,1.0,1.0,0.0,1
3697,-0.06149298411947621,-0.5736729733833892,-0.4350605275064358,0.5840807260020958,0.39885376190344024,-0.499869260730401,-0.34702724053951206,-0.32765310398038183,0.0,0.0,0.0,0.0,0.0,0.0,0.0,1.0,1
4855,3.8491730249213463,0.003506559532750131,2.779222607458416,0.5840807260020958,0.39885376190344024,1.7670717918524377,-0.2988839138627042,-0.25801062609948067,0.0,1.0,1.0,0.0,0.0,0.0,1.0,0.0,1
1597,2.8488126682997774,1.2391065065176523,1.2597433072932132,-2.2720597434458063,0.39885376190344024,3.9103615142943946,-0.05282631331787551,-0.3790203797793001,0.0,0.0,0.0,1.0,0.0,0.0,0.0,1.0,1
652,-0.43512155105042355,1.4322382376213894,-0.7272680852305132,0.5840807260020958,0.39885376190344024,-0.7059548109652046,-0.47901535504688153,-0.51858256356734,0.0,1.0,1.0,0.0,0.0,0.0,0.0,1.0,1
3024,-0.8719115008761902,-0.5736729733833892,1.4350678419276597,0.5840807260020958,0.39885376190344024,0.8190782607723417,4.354293459373302,6.473115464686576,0.0,0.0,0.0,0.0,0.0,0.0,0.0,0.0,0
2369,0.9753301032070727,-0.5736729733833892,-0.7272680852305132,0.5840807260020958,-2.5071845761908427,-0.7059548109652046,-0.4987535469450417,-0.5471351520061194,0.0,1.0,0.0,0.0,0.0,0.0,1.0,0.0,0
2093,-0.738418239926995,1.4351924514814847,-0.7272680852305132,0.5840807260020958,0.39885376190344024,-0.7059548109652046,-0.4607593405906474,-0.49217404195651077,1.0,1.0,0.0,1.0,0.0,0.0,0.0,0.0,1
1563,0.4810236283780529,-0.5736729733833892,0.7629904591622816,0.5840807260020958,-2.5071845761908427,0.3450814952322936,-0.15426644415944263,-0.04881197635488313,0.0,0.0,0.0,0.0,0.0,0.0,0.0,1.0,1
3848,-0.3748588789647869,-0.5736729733833892,-0.7272680852305132,0.5840807260020958,0.39885376190344024,-0.7059548109652046,-0.4000028950076458,-0.40428586077532386,0.0,0.0,0.0,0.0,0.0,0.0,0.0,1.0,1
3276,0.8721970238908945,-0.5736729733833892,-0.6980473294581054,-0.8439895087218553,0.39885376190344024,-0.5719992033125822,-0.4628095579001426,-0.5359247040834366,0.0,1.0,1.0,0.0,0.0,1.0,0.0,1.0,1
213,0.22273323890721017,-0.5736729733833892,-0.7272680852305132,0.5840807260020958,0.39885376190344024,-0.7059548109652046,-0.469761812151011,-0.5051967071895322,0.0,1.0,0.0,0.0,1.0,1.0,1.0,0.0,1
2211,0.1762013022334907,5.168210940444538,2.3116905150998917,2.012150960726047,-2.5071845761908427,0.8499910933075622,-0.3138411175504711,-0.16703144196674638,0.0,0.0,0.0,0.0,0.0,0.0,0.0,0.0,1
494,1.4960301027723335,-0.5736729733833892,0.5876659245278352,-0.8439895087218553,0.39885376190344024,0.788165428237121,-0.22851470414134578,-0.3099761279350653,0.0,0.0,0.0,0.0,0.0,0.0,1.0,0.0,1
3418,-0.7733553333639843,0.7793569745403053,0.8798734822519125,0.5840807260020958,0.39885376190344024,0.4275157153262148,0.2243801313580389,0.49892511579039944,0.0,0.0,0.0,1.0,0.0,0.0,0.0,0.0,0
4643,1.2380448407550888,-0.5736729733833892,-0.7272680852305132,0.5840807260020958,0.39885376190344024,-0.7059548109652046,-0.5043630943362706,-0.5552497300189371,0.0,1.0,0.0,0.0,0.0,0.0,0.0,0.0,1
286,-0.3757742613255814,-0.5736729733833892,-0.7272680852305132,-2.2720597434458063,0.39885376190344024,-0.29378371049559754,-0.10461436287740933,-0.4039919825946236,1.0,1.0,0.0,0.0,0.0,1.0,0.0,1.0,1
3562,-0.9098998688491611,-0.5736729733833892,1.9902622016034066,-2.2720597434458063,0.39885376190344024,5.4560031410554215,22.75349140121387,10.617924137172878,0.0,1.0,0.0,0.0,0.0,1.0,0.0,1.0,0
2511,0.12188861549301817,-0.5736729733833892,-0.7272680852305132,-2.2720597434458063,-2.5071845761908427,-0.29378371049559754,-0.29428501900182785,-0.49544899498926875,0.0,0.0,1.0,0.0,0.0,0.0,0.0,1.0,0
3219,0.2955061365903714,-0.5736729733833892,-0.05519070246513517,0.5840807260020958,0.39885376190344024,-0.2319580454251564,-0.3051721364760735,-0.26710695230895976,0.0,0.0,0.0,0.0,0.0,1.0,1.0,0.0,1
3050,-0.7896796521314859,-0.5736729733833892,-0.7272680852305132,-1.5580246260838309,0.39885376190344024,-0.499869260730401,0.23610875748510934,-0.05080156928352632,1.0,1.0,1.0,0.0,0.0,1.0,0.0,1.0,0
4009,0.20457815541811963,-0.5736729733833892,-0.4058397717340281,0.5840807260020958,-2.5071845761908427,-0.4792607057069206,-0.38198982343526783,-0.3782287719711399,0.0,1.0,0.0,0.0,0.0,0.0,0.0,1.0,1
1872,-0.45388688944671046,-0.06924095677209917,-0.025969946692727428,0.5840807260020958,0.39885376190344024,-0.21134949040167608,-0.12787998193756506,-0.010642229092121175,0.0,1.0,0.0,0.0,0.0,0.0,1.0,0.0,1
4835,-0.23221179440764694,-0.5736729733833892,-0.7272680852305132,-0.12995439135987974,0.39885376190344024,-0.6647377009182438,-0.4017624375927506,-0.4419417088659281,0.0,1.0,1.0,0.0,0.0,0.0,1.0,0.0,1
4811,-0.8777089224945552,0.35173451829149577,-0.7272680852305132,0.5840807260020958,0.39885376190344024,-0.7059548109652046,-0.367378145618653,-0.35709202219940755,0.0,1.0,0.0,0.0,0.0,0.0,0.0,1.0,1
1493,-0.17072861250761762,0.6899920052724193,-0.5811643063684745,-1.5580246260838309,0.39885376190344024,-0.29378371049559754,-0.3360301162922706,-0.46461976187884063,0.0,1.0,0.0,0.0,0.0,0.0,0.0,1.0,1
4942,-0.23877203466000738,-0.5736729733833892,-0.7272680852305132,-0.12995439135987974,-2.5071845761908427,-0.6647377009182438,-0.40056988578155506,-0.4405041218927193,1.0,1.0,1.0,0.0,0.0,0.0,0.0,1.0,0
4698,-0.21039518147537847,-0.5736729733833892,-0.7272680852305132,-0.8439895087218553,0.39885376190344024,-0.6029120358478028,-0.37014275708206307,-0.4465589695606242,0.0,1.0,0.0,1.0,0.0,1.0,0.0,1.0,1
2117,-0.7014978180416176,-0.5736729733833892,2.5454565612791535,0.5840807260020958,0.39885376190344024,1.6022033516645953,2.9864875786356926,4.494494597165102,0.0,1.0,0.0,0.0,0.0,0.0,0.0,1.0,0
4547,-0.32375003048709505,-0.5736729733833892,-0.7272680852305132,0.5840807260020958,0.39885376190344024,-0.7059548109652046,-0.4105217474453714,-0.41950207034772274,1.0,1.0,0.0,0.0,0.0,0.0,0.0,1.0,1
1650,0.15224879712603512,-0.5736729733833892,-0.7272680852305132,0.5840807260020958,0.39885376190344024,-0.7059548109652046,-0.4651719293466906,-0.4985571408417045,1.0,0.0,0.0,0.0,1.0,0.0,0.0,1.0,1
681,-0.7359772202982097,0.10431910750850576,-0.7272680852305132,-1.5580246260838309,0.39885376190344024,-0.499869260730401,-0.21172316322320878,-0.3747106838494997,1.0,1.0,0.0,0.0,0.0,1.0,0.0,1.0,1
2751,1.5993157458153109,-0.5736729733833892,-0.46428128327884355,-2.2720597434458063,-2.5071845761908427,0.2626472751383721,-0.3356990035903623,-0.5154183428009865,0.0,1.0,0.0,1.0,0.0,0.0,0.0,0.0,0
3805,0.09091817895280489,-0.5736729733833892,-0.7272680852305132,0.5840807260020958,0.39885376190344024,-0.7059548109652046,-0.4607125877105701,-0.49210641085078116,1.0,0.0,0.0,1.0,0.0,0.0,0.0,0.0,1
2057,0.46927622141452374,-0.5736729733833892,0.7922112149346893,0.5840807260020958,0.39885376190344024,0.3656900502557739,-0.14471147065904366,-0.03499008084854928,0.0,1.0,0.0,0.0,1.0,0.0,0.0,0.0,1
3426,-0.12221334738551012,-0.5736729733833892,-0.7272680852305132,0.5840807260020958,-2.5071845761908427,-0.7059548109652046,-0.4405809607763013,-0.4629846928422133,0.0,0.0,0.0,1.0,0.0,0.0,1.0,0.0,0
269,-0.20734390693939686,0.3908778519377598,-0.08441145823754291,0.5840807260020958,0.39885376190344024,-0.2525666004486368,-0.2926016095439066,-0.2489228610910499,0.0,1.0,1.0,0.0,0.0,0.0,0.0,1.0,0
4090,-0.7285015976850547,3.1419895091516037,0.12013383216931127,0.5840807260020958,0.39885376190344024,-0.10830671528427435,-0.3403663355636546,-0.3180176683038646,0.0,1.0,0.0,0.0,0.0,0.0,1.0,0.0,1
2502,-0.46471891404944515,-0.5736729733833892,-0.7272680852305132,0.5840807260020958,-2.5071845761908427,-0.7059548109652046,-0.37697572403584084,-0.3709755485106711,1.0,1.0,1.0,0.0,0.0,1.0,0.0,1.0,0
1245,-0.7582515244108754,1.6907319503797371,0.0032508090796803113,0.5840807260020958,0.39885376190344024,-0.19074093537819567,-0.26553627288085385,-0.20977107744823392,0.0,1.0,1.0,0.0,0.0,1.0,0.0,1.0,1
349,-0.40781264395338823,1.4178364450534242,-0.7272680852305132,0.5840807260020958,0.39885376190344024,-0.7059548109652046,-0.48001921307181633,-0.5200347100042991,1.0,0.0,0.0,0.0,0.0,0.0,0.0,0.0,1
1564,0.31213558281147114,-0.5736729733833892,-0.4935020390512513,0.5840807260020958,0.39885376190344024,-0.5410863707773618,-0.4168973078916006,-0.4287247364575152,1.0,1.0,1.0,0.0,0.0,0.0,1.0,0.0,1
1280,-0.2055131422178079,0.015323414973131742,0.5292244129830197,0.5840807260020958,0.39885376190344024,0.18021305504445068,-0.06535729863701681,0.0798009307261341,0.0,0.0,0.0,0.0,0.0,0.0,0.0,1.0,1
2670,-0.6104172731425667,0.4060181979707488,0.6753281918450583,0.5840807260020958,0.39885376190344024,0.2832558301618524,0.13408738886411592,0.36831074499395505,0.0,0.0,0.0,0.0,0.0,0.0,1.0,0.0,1
2963,-0.7178221368091191,0.746491345346744,0.12013383216931127,0.5840807260020958,-2.5071845761908427,-0.10830671528427435,-0.10672468393753136,0.01996029621573123,0.0,1.0,0.0,0.0,1.0,0.0,0.0,1.0,0
838,0.6081092128016867,1.384232262394839,1.2597433072932132,0.5840807260020958,0.39885376190344024,0.6954269306314594,-0.23621051118174047,-0.16734944081764916,1.0,1.0,0.0,0.0,1.0,0.0,0.0,0.0,1
4014,-0.33595512863102145,-0.5736729733833892,-0.7272680852305132,0.5840807260020958,0.39885376190344024,-0.7059548109652046,-0.4081486103854929,-0.4160691720291162,1.0,1.0,0.0,0.0,0.0,0.0,1.0,0.0,1
4619,-0.3509063738573313,-0.5736729733833892,-0.7272680852305132,-0.8439895087218553,0.39885376190344024,-0.6029120358478028,-0.33399418614788406,-0.41169811793993644,0.0,1.0,1.0,0.0,0.0,0.0,1.0,0.0,1
3736,-0.5200995468775113,-0.5736729733833892,0.0032508090796803113,-0.8439895087218553,0.39885376190344024,0.16990877753271053,0.4426200765351126,0.33725084126507093,1.0,1.0,0.0,0.0,0.0,0.0,0.0,1.0,0
4058,0.5788169772562634,1.7682800642072414,0.17857534371412676,0.5840807260020958,0.39885376190344024,-0.06708960523731362,-0.39200480446825886,-0.3927160985273189,0.0,1.0,0.0,0.0,0.0,0.0,0.0,1.0,1
2867,-0.6709850726818015,-0.5736729733833892,-0.7272680852305132,-0.8439895087218553,0.39885376190344024,-0.6029120358478028,-0.1488372340833211,-0.23313700568422402,1.0,1.0,0.0,0.0,0.0,1.0,0.0,1.0,1
1128,-0.32756412365707205,3.4414729392187753,-0.7272680852305132,-0.12995439135987974,-2.5071845761908427,-0.6647377009182438,-0.49778715354159164,-0.5576967473122101,0.0,1.0,0.0,0.0,0.0,1.0,0.0,1.0,0
2616,-0.6230800624668904,1.0666542724345833,-0.7272680852305132,-0.8439895087218553,0.39885376190344024,-0.6029120358478028,-0.41305921614212227,-0.48794661705856307,0.0,1.0,0.0,0.0,0.0,1.0,0.0,1.0,1
1956,-0.904102447230796,0.17891300747591468,0.6461074360726506,0.5840807260020958,0.39885376190344024,0.2626472751383721,0.7033195050137204,1.1917423147351562,0.0,1.0,0.0,0.0,0.0,0.0,0.0,0.0,1
2033,0.08359512006644905,0.6881456216098597,-0.7272680852305132,-0.12995439135987974,0.39885376190344024,-0.6647377009182438,-0.4758809566474755,-0.5312894558286174,1.0,1.0,1.0,0.0,0.0,0.0,1.0,0.0,1
4985,1.7352500263932913,-0.5736729733833892,0.47078290143820417,0.5840807260020958,0.39885376190344024,0.13899594499748985,-0.36726037926610283,-0.3569216654507424,0.0,0.0,0.0,1.0,0.0,0.0,0.0,1.0,1
4416,-0.11519541595275243,-0.5736729733833892,-0.522722794823659,0.5840807260020958,0.39885376190344024,-0.561694925800842,-0.36719103293509286,-0.35682135143721555,1.0,1.0,0.0,0.0,0.0,0.0,0.0,1.0,1
3823,-0.1722542497756084,-0.5736729733833892,1.610392376562106,0.5840807260020958,-2.5071845761908427,0.9427295909132237,0.46935431858344717,0.8532963359133295,0.0,1.0,0.0,1.0,0.0,0.0,0.0,1.0,0
999,0.1455359931468756,0.7169492067457899,-0.7272680852305132,-0.12995439135987974,0.39885376190344024,-0.6647377009182438,-0.47895344238485443,-0.534993249181627,0.0,0.0,0.0,0.0,0.0,0.0,1.0,0.0,1
3931,1.5060993087410728,0.666727571124168,-0.4935020390512513,0.5840807260020958,0.39885376190344024,-0.5410863707773618,-0.489705603966283,-0.5340467093856925,0.0,1.0,0.0,0.0,0.0,0.0,1.0,0.0,1
1639,-0.7207208476183017,0.2752942346615272,-0.4935020390512513,-1.5580246260838309,0.39885376190344024,-0.17013238035471537,-0.020656946229777522,-0.23651578011881763,0.0,1.0,0.0,0.0,0.0,1.0,0.0,1.0,1
1027,-0.21451440209895364,-0.5736729733833892,-0.08441145823754291,0.5840807260020958,0.39885376190344024,-0.2525666004486368,-0.16737262902452285,-0.06777093188566172,0.0,1.0,0.0,0.0,1.0,0.0,0.0,1.0,1
4841,-0.2431963827371807,-0.5736729733833892,-0.7272680852305132,0.5840807260020958,0.39885376190344024,-0.7059548109652046,-0.4243608357261539,-0.4395212187118617,0.0,1.0,0.0,0.0,1.0,0.0,1.0,0.0,1
3030,-0.9375139033997946,-0.5736729733833892,-0.7272680852305132,0.5840807260020958,0.39885376190344024,-0.7059548109652046,0.4100903916788315,0.7675671808365098,0.0,1.0,0.0,1.0,0.0,0.0,0.0,0.0,1
1700,-0.04730455752716175,0.26569303961621715,-0.20129448132717387,0.5840807260020958,0.39885376190344024,-0.33500082054255825,-0.342480851973912,-0.3210764548999535,0.0,0.0,1.0,0.0,0.0,0.0,1.0,0.0,1
1777,-0.3120026235235659,-0.5736729733833892,-0.6103850621408823,0.5840807260020958,-2.5071845761908427,-0.6235205908712832,-0.35886604711436115,-0.3447787137364349,0.0,0.0,1.0,0.0,0.0,0.0,1.0,0.0,0
3058,-0.7532169214265058,0.14383171788728177,-0.7272680852305132,0.5840807260020958,0.39885376190344024,-0.7059548109652046,-0.3792943186390793,-0.3743295475904356,0.0,0.0,0.0,0.0,0.0,0.0,1.0,0.0,1
2729,-0.5313892626606431,-0.5736729733833892,-0.4935020390512513,-1.5580246260838309,-2.5071845761908427,-0.17013238035471537,0.14654561574155384,-0.11558104702601804,0.0,1.0,1.0,0.0,0.0,0.0,0.0,1.0,0
3597,0.6384693944347036,1.9034353483066062,1.9902622016034066,0.5840807260020958,0.39885376190344024,1.2106408062184681,-0.17371514422298853,-0.07694579587841538,0.0,1.0,0.0,0.0,0.0,1.0,0.0,0.0,1
1053,-0.116263362040346,-0.5736729733833892,-0.7272680852305132,-0.12995439135987974,0.39885376190344024,-0.6647377009182438,-0.4200443656128446,-0.4639800482656051,1.0,1.0,0.0,0.0,0.0,0.0,1.0,0.0,1
3915,-0.3431256237905782,0.6530643320212268,-0.7272680852305132,0.5840807260020958,-2.5071845761908427,-0.7059548109652046,-0.4659535920862062,-0.499687867233183,0.0,1.0,0.0,0.0,0.0,0.0,0.0,1.0,0
3686,4.435322863283412,-0.5736729733833892,1.8441584227413679,0.5840807260020958,0.39885376190344024,1.1075980311010667,-0.3719517362925385,-0.363708020912596,0.0,1.0,0.0,0.0,0.0,0.0,0.0,1.0,1
2251,1.471925033938079,-0.5736729733833892,1.17208103997599,-0.12995439135987974,0.39885376190344024,0.9427295909132237,-0.19618745019582773,-0.194126963103986,1.0,1.0,0.0,0.0,1.0,0.0,1.0,0.0,1
4851,4.722142669665683,-0.5736729733833892,-0.7272680852305132,-0.8439895087218553,0.39885376190344024,-0.6029120358478028,-0.5218759462952682,-0.5928869725327676,0.0,0.0,0.0,0.0,0.0,0.0,0.0,0.0,1
3116,-0.39804856543824707,0.9843055610844239,-0.7272680852305132,-0.12995439135987974,0.39885376190344024,-0.6647377009182438,-0.4558940692085183,-0.5071958367946324,0.0,1.0,0.0,0.0,1.0,0.0,0.0,1.0,1
1802,-0.6143839300393428,-0.5736729733833892,0.032471564852088054,0.5840807260020958,0.39885376190344024,-0.17013238035471537,0.28189961196055324,0.5821308149410407,0.0,1.0,0.0,0.0,0.0,1.0,0.0,0.0,1
1799,-0.2772180938133756,1.8029920770633625,-0.4935020390512513,-0.8439895087218553,0.39885376190344024,-0.35560937556603855,-0.39569399070768707,-0.47119999245943534,0.0,0.0,0.0,1.0,0.0,1.0,0.0,1.0,0
3387,-0.2416707454691899,-0.5736729733833892,-0.7272680852305132,0.5840807260020958,0.39885376190344024,-0.7059548109652046,-0.4245959878508629,-0.4398613816747086,0.0,1.0,0.0,0.0,0.0,0.0,0.0,1.0,1
3007,-0.8224808533932881,-0.5736729733833892,-0.7272680852305132,-1.5580246260838309,0.39885376190344024,-0.499869260730401,0.3543212169550602,0.03469946650020226,1.0,1.0,0.0,0.0,1.0,0.0,0.0,0.0,1
4102,1.170001418602699,-0.5736729733833892,-0.4935020390512513,-0.8439895087218553,0.39885376190344024,-0.35560937556603855,-0.4276360156874489,-0.5020041477692355,0.0,0.0,0.0,0.0,0.0,0.0,0.0,0.0,1
3131,-0.312307750977164,-0.5736729733833892,-0.7272680852305132,-0.8439895087218553,0.39885376190344024,-0.6029120358478028,-0.34531516644358,-0.4226158113394238,0.0,0.0,1.0,0.0,0.0,1.0,1.0,0.0,1
1123,-0.7393336222877894,0.31222190791271975,-0.7272680852305132,0.5840807260020958,0.39885376190344024,-0.7059548109652046,-0.40034024802290374,-0.40477386402571985,0.0,1.0,1.0,0.0,0.0,1.0,0.0,1.0,1
763,-0.3455666434193635,-0.5736729733833892,-0.7272680852305132,-1.5580246260838309,0.39885376190344024,-0.499869260730401,-0.2650496580553174,-0.41328081903918273,0.0,1.0,0.0,1.0,0.0,0.0,0.0,1.0,1
3535,1.6449323001282357,-0.5736729733833892,0.38312063412098096,0.5840807260020958,0.39885376190344024,0.07717027992704895,-0.3721531579338782,-0.3639993905201826,0.0,1.0,0.0,0.0,0.0,1.0,0.0,1.0,1
2568,0.4502057555646387,-0.5736729733833892,0.7337697033898738,-0.8439895087218553,0.39885376190344024,0.9427295909132237,0.044625463919185426,-0.04656602279575556,1.0,1.0,1.0,0.0,0.0,0.0,0.0,0.0,1
2140,-0.18445934791953483,0.4806120979381577,-0.6103850621408823,0.5840807260020958,0.39885376190344024,-0.6235205908712832,-0.4410984826541671,-0.4637333221626194,0.0,1.0,0.0,0.0,0.0,0.0,1.0,0.0,1
4457,-0.7817463383379337,0.9447929507056478,0.9967565053415435,-0.8439895087218553,0.39885376190344024,1.2209450837302085,0.5982958145107182,0.48738094771908175,1.0,1.0,0.0,0.0,0.0,0.0,1.0,0.0,1
4140,0.19038972882580518,0.9359303091253617,-0.37661901596162034,0.5840807260020958,0.39885376190344024,-0.4586521506834403,-0.4310793811686673,-0.4492400351017866,1.0,1.0,0.0,0.0,0.0,0.0,0.0,0.0,1
2445,-0.11412746986515887,-0.5736729733833892,-0.20129448132717387,0.5840807260020958,0.39885376190344024,-0.33500082054255825,-0.25093251958938995,-0.18864579102159282,0.0,0.0,0.0,1.0,0.0,1.0,1.0,0.0,1
1998,-0.3817242466707455,-0.5736729733833892,1.8441584227413679,0.5840807260020958,0.39885376190344024,1.1075980311010667,0.9120919308845326,1.493745313997236,1.0,1.0,0.0,1.0,0.0,0.0,1.0,0.0,1
2452,-0.32924232465186193,0.8628135160880004,0.8798734822519125,-1.5580246260838309,0.39885376190344024,1.7670717918524377,0.4296925785452588,0.08921427410413381,0.0,1.0,1.0,0.0,0.0,0.0,1.0,0.0,1
1727,0.3913161570201938,1.359859998049052,0.7629904591622816,-1.5580246260838309,0.39885376190344024,1.6022033516645953,-0.011157505479552354,-0.22964499824732748,0.0,0.0,1.0,0.0,0.0,0.0,1.0,0.0,1
805,-0.4543445806271077,0.20439310201923752,-0.7272680852305132,-2.2720597434458063,0.39885376190344024,-0.29378371049559754,-0.22318504053567034,-0.4611654018140922,0.0,1.0,1.0,0.0,0.0,0.0,0.0,1.0,1
524,-0.6326915772552324,0.7575696473221017,-0.7272680852305132,0.5840807260020958,-2.5071845761908427,-0.7059548109652046,-0.4449902961044444,-0.4693630854306841,0.0,1.0,0.0,0.0,0.0,1.0,0.0,1.0,0
99,-0.41833954110252475,-0.5736729733833892,0.38312063412098096,-0.12995439135987974,0.39885376190344024,0.27501240815246025,0.3609612290635206,0.4774997753944733,0.0,0.0,1.0,0.0,0.0,0.0,0.0,1.0,1
4453,-0.0892595823969088,0.6109667845148673,-0.37661901596162034,2.012150960726047,0.39885376190344024,-0.5719992033125822,-0.43508422702275035,-0.40087958257733847,1.0,0.0,0.0,0.0,0.0,0.0,1.0,0.0,1
72,-0.3112398048895705,-0.5736729733833892,-0.4935020390512513,0.5840807260020958,0.39885376190344024,-0.5410863707773618,-0.30525512652549036,-0.26722700285552137,0.0,0.0,1.0,0.0,0.0,0.0,1.0,0.0,1
4335,-0.5925673171070743,0.7439064082191604,-0.2305152370995816,-0.12995439135987974,0.39885376190344024,-0.24432317843924464,-0.22714535846104766,-0.23144583279339184,0.0,1.0,0.0,0.0,0.0,0.0,0.0,1.0,1
903,1.0452042900810514,-0.5736729733833892,-0.7272680852305132,-0.12995439135987974,0.39885376190344024,-0.6647377009182438,-0.4909817179349832,-0.5494929900555227,0.0,0.0,1.0,0.0,0.0,0.0,1.0,0.0,0
4445,-0.632081322348036,-0.5736729733833892,-0.7272680852305132,0.5840807260020958,0.39885376190344024,-0.7059548109652046,-0.30703665798203783,-0.26980410488857437,0.0,1.0,0.0,0.0,0.0,0.0,0.0,1.0,1
3437,-0.7698463676476055,-0.5736729733833892,-0.3181775044168048,0.5840807260020958,0.39885376190344024,-0.41743504063647957,0.32375465274052034,0.6426768750687728,0.0,0.0,1.0,0.0,0.0,1.0,0.0,0.0,1
4957,0.7110897283910659,-0.5736729733833892,-0.4935020390512513,0.5840807260020958,0.39885376190344024,-0.5410863707773618,-0.44663022916424405,-0.4717353561009257,0.0,1.0,1.0,0.0,0.0,0.0,1.0,0.0,1
3866,-0.07171475381501458,-0.07404155429475419,-0.6688265736856978,0.5840807260020958,0.39885376190344024,-0.6647377009182438,-0.4472540761722527,-0.4726377916918015,0.0,1.0,0.0,0.0,0.0,0.0,0.0,1.0,1
1108,-0.5846340033135221,0.6401396463833094,-0.7272680852305132,0.5840807260020958,0.39885376190344024,-0.7059548109652046,-0.44494130768253276,-0.469292220467149,0.0,0.0,1.0,0.0,0.0,0.0,0.0,1.0,1
4269,0.5371670798401145,2.4344552896587546,-0.37661901596162034,0.5840807260020958,0.39885376190344024,-0.4586521506834403,-0.47092020222180386,-0.5068723943605542,1.0,1.0,0.0,0.0,1.0,1.0,0.0,0.0,1
527,-0.26058864759227585,1.7125192775979408,2.399352782417115,-2.2720597434458063,0.39885376190344024,6.321562452041596,1.4484241141440606,0.34486533748098036,0.0,1.0,0.0,0.0,0.0,0.0,0.0,0.0,1
2668,0.12646552729699057,-0.5736729733833892,-0.4058397717340281,0.5840807260020958,0.39885376190344024,-0.4792607057069206,-0.37091250058156433,-0.3622046983337385,1.0,1.0,0.0,0.0,0.0,0.0,0.0,1.0,1
1624,2.3159075705905905,-0.5736729733833892,-0.522722794823659,-0.8439895087218553,-2.5071845761908427,-0.38652220810125915,-0.4729106589823364,-0.5456659739851737,0.0,1.0,0.0,0.0,0.0,0.0,0.0,1.0,0
2077,0.924526382182979,-0.5736729733833892,-0.6688265736856978,0.5840807260020958,0.39885376190344024,-0.6647377009182438,-0.4875162883632095,-0.5308797208540339,1.0,0.0,0.0,0.0,0.0,0.0,0.0,0.0,1
389,-0.567241738458427,0.5884409038316399,1.7857169111965525,0.5840807260020958,0.39885376190344024,1.066380921054106,0.4402330853899221,0.8111705631731247,0.0,1.0,1.0,0.0,0.0,0.0,0.0,0.0,0
1742,-0.24685791218035863,1.2040252169290195,-0.7272680852305132,0.5840807260020958,0.39885376190344024,-0.7059548109652046,-0.4832223343270876,-0.52466823486783,0.0,1.0,0.0,0.0,0.0,0.0,1.0,0.0,1
2521,7.128530332467574,0.4093416885633561,4.357143419168433,0.5840807260020958,0.39885376190344024,2.8799337631203765,-0.3370572873074611,-0.31323091308987977,0.0,1.0,1.0,0.0,0.0,0.0,1.0,0.0,1
1023,3.121596611816533,-0.5736729733833892,0.8214319707070971,-1.5580246260838309,0.39885376190344024,1.6846375717585165,-0.2506173332666363,-0.40284216710915427,0.0,1.0,0.0,0.0,0.0,0.0,0.0,1.0,1
2740,0.00502480076492275,-0.5736729733833892,0.9675357495691358,-0.8439895087218553,0.39885376190344024,1.190032251194988,0.40941935685163716,0.30523282969019744,0.0,0.0,0.0,0.0,0.0,0.0,0.0,0.0,1
1747,0.07962846316967295,-0.31776419775262493,-0.6103850621408823,-0.8439895087218553,0.39885376190344024,-0.4792607057069206,-0.37939478818483036,-0.45548141587394714,0.0,1.0,0.0,1.0,0.0,0.0,0.0,1.0,1
2380,-0.6931068130676682,-0.5736729733833892,-0.7272680852305132,0.5840807260020958,0.39885376190344024,-0.7059548109652046,-0.2647391182738407,-0.20861794105491294,0.0,1.0,0.0,1.0,0.0,0.0,1.0,0.0,1
3229,-0.3130705696111594,0.7871117859230558,-0.7272680852305132,0.5840807260020958,0.39885376190344024,-0.7059548109652046,-0.4713513607879567,-0.5074960934893668,1.0,0.0,0.0,1.0,0.0,0.0,0.0,0.0,1
4496,-0.6461171852135514,0.6434631369759167,0.7629904591622816,0.5840807260020958,0.39885376190344024,0.3450814952322936,0.11945680295871745,0.34714664343235324,0.0,1.0,0.0,0.0,0.0,0.0,0.0,1.0,1
1418,1.5070146911018674,0.06665288079228937,3.8603905710375015,0.5840807260020958,0.39885376190344024,2.529588327721211,0.03483381668185352,0.2247339466620385,0.0,1.0,0.0,0.0,1.0,0.0,1.0,0.0,1
498,-0.6677812344190208,-0.5736729733833892,-0.7272680852305132,0.5840807260020958,0.39885376190344024,-0.7059548109652046,-0.2839766948669545,-0.23644635663911198,1.0,1.0,0.0,0.0,0.0,1.0,0.0,1.0,1
4417,-0.8822858342985276,-0.5736729733833892,-0.7272680852305132,-1.5580246260838309,0.39885376190344024,-0.499869260730401,0.6965010316471605,0.2821922325896839,0.0,1.0,0.0,1.0,0.0,0.0,1.0,0.0,1
412,-0.8201923974913019,-0.5736729733833892,-0.7272680852305132,0.5840807260020958,0.39885376190344024,-0.7059548109652046,-0.10123203044028356,0.027905779548394318,0.0,0.0,1.0,0.0,0.0,1.0,0.0,1.0,1
2932,-0.6717478913157969,0.5588987652306858,-0.7272680852305132,0.5840807260020958,0.39885376190344024,-0.7059548109652046,-0.4301531989825608,-0.4479002518574211,0.0,1.0,1.0,0.0,0.0,1.0,0.0,1.0,1
697,-0.7643540734828386,-0.5736729733833892,-0.7272680852305132,0.5840807260020958,-2.5071845761908427,-0.7059548109652046,-0.19164991819094346,-0.10288962206531568,0.0,0.0,0.0,0.0,0.0,0.0,1.0,0.0,0
1308,0.747552459096046,0.558529488498174,-0.7272680852305132,0.5840807260020958,0.39885376190344024,-0.7059548109652046,-0.5039293661112265,-0.5546223137100946,0.0,0.0,0.0,0.0,0.0,0.0,1.0,0.0,1
4760,-0.7684732941064137,-0.5736729733833892,-0.7272680852305132,-1.5580246260838309,0.39885376190344024,-0.499869260730401,0.1748908459081572,-0.09507943027902167,0.0,0.0,0.0,1.0,0.0,0.0,1.0,0.0,1
2402,-0.555646895221697,1.2671715381885587,0.47078290143820417,0.5840807260020958,0.39885376190344024,0.13899594499748985,-0.14579885523509556,-0.03656305391694774,0.0,1.0,1.0,0.0,0.0,0.0,0.0,1.0,1
949,-0.12892615136466964,-0.5736729733833892,-0.2305152370995816,-1.5580246260838309,0.39885376190344024,0.200821610067931,0.033639769336155805,-0.19724390098392933,1.0,1.0,1.0,0.0,0.0,1.0,0.0,1.0,1
3465,-0.7825091569719291,0.6689432315192396,-0.4935020390512513,-0.12995439135987974,-2.5071845761908427,-0.4668955726928325,-0.2727017506869674,-0.286362755811365,0.0,1.0,0.0,1.0,0.0,0.0,0.0,1.0,0
3968,2.7195911917009568,-0.07662649142233767,1.5519508650172906,-0.12995439135987974,0.39885376190344024,1.264223049279517,-0.2863298808165776,-0.30279107545299166,1.0,1.0,1.0,0.0,0.0,0.0,0.0,1.0,1
4645,1.6923796191627496,-0.5736729733833892,0.17857534371412676,-1.5580246260838309,0.39885376190344024,0.7778611507253809,-0.2532240222707485,-0.4047275403669055,1.0,0.0,0.0,0.0,0.0,0.0,0.0,0.0,1
1511,-0.39774343798464895,-0.5736729733833892,-0.7272680852305132,-2.2720597434458063,0.39885376190344024,-0.29378371049559754,-0.08946586173996814,-0.39668754929642025,1.0,1.0,0.0,0.0,0.0,0.0,1.0,0.0,1
1633,0.6692872672481178,-0.5736729733833892,-0.7272680852305132,0.5840807260020958,0.39885376190344024,-0.7059548109652046,-0.4900443088712914,-0.5345366682332304,0.0,0.0,1.0,0.0,0.0,0.0,1.0,0.0,1
4002,-0.27920142226176364,1.681869308799451,-0.7272680852305132,-0.8439895087218553,-2.5071845761908427,-0.6029120358478028,-0.46052507048036284,-0.5337215968813489,1.0,1.0,0.0,0.0,0.0,0.0,0.0,0.0,0
3888,-0.19910546569224652,0.03637218872631149,-0.7272680852305132,-1.5580246260838309,0.39885376190344024,-0.499869260730401,-0.36800642386015514,-0.4877476743666795,0.0,1.0,1.0,0.0,0.0,1.0,0.0,0.0,1
2871,0.04209778637709923,-0.5736729733833892,-0.7272680852305132,-0.8439895087218553,0.39885376190344024,-0.6029120358478028,-0.4115060120641466,-0.48644874271665495,0.0,0.0,0.0,0.0,0.0,0.0,1.0,0.0,1
8,-0.5248290224082828,-0.5736729733833892,0.5584451687554274,-0.8439895087218553,0.39885376190344024,0.7572525957019005,0.994081171510411,0.8690672564013856,0.0,1.0,0.0,0.0,0.0,1.0,1.0,0.0,0
4507,-0.11260183259716806,0.48688980239086044,-0.7272680852305132,0.5840807260020958,0.39885376190344024,-0.7059548109652046,-0.4756079612750563,-0.5136535451183476,0.0,1.0,0.0,0.0,0.0,0.0,1.0,0.0,1
2970,-0.8775563587677561,0.6353390488606544,-0.7272680852305132,0.5840807260020958,0.39885376190344024,-0.7059548109652046,-0.3992893910473667,-0.4032537305258866,0.0,1.0,0.0,0.0,0.0,1.0,0.0,1.0,1
2321,0.3583623920315924,1.3314256896456338,-0.025969946692727428,2.012150960726047,0.39885376190344024,-0.38652220810125915,-0.43301788272571623,-0.3968941126085629,0.0,1.0,0.0,0.0,0.0,0.0,1.0,0.0,1
4065,-0.5879904053031019,1.7627409132195626,0.12013383216931127,0.5840807260020958,0.39885376190344024,-0.10830671528427435,-0.2776500666053233,-0.2272944741418938,0.0,0.0,0.0,0.0,0.0,0.0,0.0,0.0,1
4577,2.1772271429302266,-0.5736729733833892,1.2597433072932132,-2.2720597434458063,0.39885376190344024,3.9103615142943946,0.16555017873767255,-0.2737217429278395,1.0,1.0,1.0,0.0,0.0,0.0,0.0,1.0,1
4700,-0.7010401268612203,-0.5736729733833892,-0.7272680852305132,-2.2720597434458063,0.39885376190344024,-0.29378371049559754,0.32042068147488656,-0.1990449648862687,0.0,0.0,0.0,0.0,0.0,1.0,0.0,1.0,1
3567,0.7310755766017454,-0.5736729733833892,1.6688338881069216,-0.8439895087218553,-2.5071845761908427,1.9319402320402808,0.21639973388252298,0.11908913818826938,0.0,1.0,0.0,0.0,1.0,0.0,1.0,0.0,0
4288,1.4678058133145038,-0.5736729733833892,-0.7272680852305132,-1.5580246260838309,-2.5071845761908427,-0.499869260730401,-0.46921867649665633,-0.5609527533678909,0.0,0.0,1.0,0.0,0.0,0.0,0.0,0.0,0
4796,0.06635541893815299,4.634606061964806,3.1298716767273085,-1.5580246260838309,0.39885376190344024,4.940789265468412,0.3070292814997383,0.0004940241654616773,0.0,0.0,0.0,0.0,0.0,1.0,1.0,0.0,0
323,2.958811115321914,-0.27566665024626547,1.2013017957483976,0.5840807260020958,0.39885376190344024,0.6542098205844988,-0.36666253937589804,-0.3560568508605623,0.0,1.0,1.0,0.0,0.0,0.0,0.0,0.0,1
1120,0.7759293122806749,-0.5736729733833892,-0.2305152370995816,0.5840807260020958,0.39885376190344024,-0.35560937556603855,-0.40164619789329503,-0.4066630061195524,0.0,1.0,0.0,0.0,0.0,0.0,1.0,0.0,1
1508,-0.23511050521682947,-0.5736729733833892,1.1136395284311744,-1.5580246260838309,-2.5071845761908427,2.096808672228123,1.2308210674378237,0.668656711079902,1.0,1.0,0.0,0.0,0.0,0.0,1.0,0.0,0
3105,-0.03860842509961418,2.7882223994051794,0.26623761103134996,-0.8439895087218553,0.39885376190344024,0.4481242703496953,-0.2767402021580137,-0.3564836906753464,1.0,0.0,0.0,0.0,1.0,0.0,0.0,1.0,1
1715,-0.3425153688833819,1.5149562257040605,-0.7272680852305132,-0.8439895087218553,0.39885376190344024,-0.6029120358478028,-0.45316083869913004,-0.5266197008785065,0.0,1.0,1.0,0.0,0.0,0.0,0.0,0.0,1
37,-0.8835063441129202,-0.5736729733833892,-0.1428529697823584,-1.5580246260838309,0.39885376190344024,0.32447294020881307,3.213413259949221,2.102631494757824,0.0,0.0,0.0,1.0,0.0,0.0,1.0,0.0,1
3296,1.8269408261995383,0.9377766927879213,2.165586736237853,0.5840807260020958,0.39885376190344024,1.3342921363593505,-0.24137365485728243,-0.17481826659351865,0.0,1.0,0.0,1.0,0.0,0.0,1.0,0.0,1
1299,-0.0700365528202247,1.6342326103054126,-0.11363221400995065,0.5840807260020958,0.39885376190344024,-0.2731751554721171,-0.38594138879478856,-0.3839449702927221,0.0,0.0,0.0,0.0,0.0,0.0,0.0,1.0,1
2264,0.25217803817943263,-0.5736729733833892,2.0779244689206298,0.5840807260020958,0.39885376190344024,1.2724664712889096,0.2567393826148237,0.5457348939144103,1.0,0.0,0.0,0.0,1.0,0.0,0.0,1.0,0
2536,0.5968194970185547,-0.5736729733833892,0.4123413898933887,0.5840807260020958,0.39885376190344024,0.09777883495052925,-0.2539446495249331,-0.19300303442146627,0.0,0.0,0.0,1.0,0.0,1.0,1.0,0.0,1
137,-0.46044712969907087,-0.5736729733833892,-0.7272680852305132,0.5840807260020958,0.39885376190344024,-0.7059548109652046,-0.3782320873042623,-0.3727929603343033,0.0,1.0,0.0,0.0,0.0,0.0,0.0,1.0,1
2453,-0.6169775133949271,-0.5736729733833892,-0.7272680852305132,0.5840807260020958,-2.5071845761908427,-0.7059548109652046,-0.31562079260317455,-0.28222161831660225,0.0,0.0,0.0,0.0,0.0,1.0,1.0,0.0,1
4518,-0.04913532224875072,1.2919130792668576,-0.7272680852305132,0.5840807260020958,0.39885376190344024,-0.7059548109652046,-0.4917479642191508,-0.5370011173702097,0.0,0.0,0.0,0.0,1.0,0.0,1.0,0.0,1
2841,-0.8169885592285213,-0.5736729733833892,-0.3473982601892126,0.5840807260020958,0.39885376190344024,-0.43804359565996,0.4640266244016493,0.8455894770437117,0.0,1.0,1.0,0.0,0.0,0.0,0.0,1.0,1
1122,0.2100704495828865,1.5190182697616919,-0.4935020390512513,-0.12995439135987974,0.39885376190344024,-0.4668955726928325,-0.4472670811529282,-0.4967962503529243,1.0,0.0,0.0,0.0,0.0,0.0,0.0,1.0,1
4112,1.5694132553626912,-0.5736729733833892,1.8441584227413679,0.5840807260020958,0.39885376190344024,1.1075980311010667,-0.1792572743874478,-0.08496285045344472,0.0,0.0,0.0,0.0,0.0,1.0,0.0,1.0,1
370,-0.27523476536498753,-0.5736729733833892,-0.7272680852305132,0.5840807260020958,0.39885376190344024,-0.7059548109652046,-0.4192058807688474,-0.4320642384536987,0.0,0.0,0.0,0.0,0.0,1.0,1.0,0.0,1
3124,-0.36921402107322093,-0.5736729733833892,0.6753281918450583,0.5840807260020958,0.39885376190344024,0.2832558301618524,0.300271729857546,0.6087072877896231,0.0,1.0,0.0,0.0,0.0,1.0,0.0,1.0,1
3832,0.6776782722220672,-0.5736729733833892,-0.4935020390512513,0.5840807260020958,0.39885376190344024,-0.5410863707773618,-0.44467011889528796,-0.46889992810970504,1.0,1.0,1.0,0.0,0.0,0.0,0.0,1.0,1
776,-0.6207916065649042,-0.5736729733833892,-0.7272680852305132,0.5840807260020958,0.39885376190344024,-0.7059548109652046,-0.31351147666969537,-0.27917035455106937,0.0,0.0,1.0,0.0,0.0,0.0,1.0,0.0,1
4822,-0.658627410811076,-0.5736729733833892,-0.7272680852305132,0.5840807260020958,0.39885376190344024,-0.7059548109652046,-0.29030120225007366,-0.24559517114653678,0.0,1.0,0.0,0.0,0.0,1.0,0.0,1.0,1
3246,0.02745166860438754,0.03415652833123994,2.428573538189523,-0.12995439135987974,-2.5071845761908427,2.00613103012481,0.5053024300242522,0.651498949476838,0.0,1.0,0.0,0.0,0.0,0.0,0.0,0.0,0
96,-0.08956470985050696,-0.5736729733833892,2.3701320266447072,-0.8439895087218553,-2.5071845761908427,2.6738482128855736,1.2472768462764583,1.1132433502528138,0.0,1.0,1.0,0.0,0.0,1.0,0.0,1.0,0
1640,-0.27538732909178665,-0.5736729733833892,-0.7272680852305132,0.5840807260020958,0.39885376190344024,-0.7059548109652046,-0.41918029973779475,-0.4320272338154189,0.0,1.0,0.0,0.0,0.0,0.0,0.0,0.0,1
837,-0.7025657641292111,-0.5736729733833892,-0.17207372555476613,-1.5580246260838309,0.39885376190344024,0.2832558301618524,1.1379678780034703,0.6014975985120932,1.0,1.0,0.0,0.0,0.0,0.0,0.0,0.0,0
3815,-0.8612320400002546,0.6840835775522286,-0.7272680852305132,-0.12995439135987974,0.39885376190344024,-0.6647377009182438,-0.37894908765325735,-0.4144408704282342,0.0,1.0,1.0,0.0,0.0,0.0,1.0,0.0,1
1064,-0.4787547769149605,-0.05446988747162215,-0.7272680852305132,0.5840807260020958,0.39885376190344024,-0.7059548109652046,-0.4210212685256456,-0.43469031584437823,1.0,0.0,1.0,0.0,0.0,0.0,0.0,0.0,1
486,-0.5928724445606725,-0.5736729733833892,-0.7272680852305132,-0.8439895087218553,0.39885376190344024,-0.6029120358478028,-0.21848237366173742,-0.3003011788230756,0.0,1.0,0.0,0.0,0.0,0.0,0.0,0.0,1
3937,-0.7817463383379337,0.13016847878434054,-0.025969946692727428,0.5840807260020958,0.39885376190344024,-0.21134949040167608,0.059722998803683085,0.26073778011188264,0.0,1.0,1.0,0.0,0.0,0.0,0.0,0.0,1
2648,-0.28057449580295535,-0.27345098985119387,0.06169232062449579,0.5840807260020958,0.39885376190344024,-0.14952382533123507,-0.13683239371892192,-0.02359247957334112,0.0,0.0,0.0,0.0,0.0,1.0,1.0,0.0,1
1917,-0.5835660572259286,-0.5736729733833892,0.38312063412098096,0.5840807260020958,0.39885376190344024,0.07717027992704895,0.48365426724496663,0.8739821490280603,0.0,0.0,0.0,0.0,0.0,0.0,0.0,0.0,1
434,1.4542276416293856,0.05705168574697931,-0.4935020390512513,-0.8439895087218553,0.39885376190344024,-0.35560937556603855,-0.45132067154324207,-0.5248450859346548,0.0,0.0,0.0,0.0,0.0,0.0,0.0,1.0,1
4215,0.13211038518855653,-0.5736729733833892,-0.46428128327884355,0.5840807260020958,-2.5071845761908427,-0.5204778157538814,-0.38848916702366115,-0.3876304985101808,0.0,1.0,1.0,0.0,0.0,0.0,0.0,0.0,1
4497,0.7347371060449233,0.049296874364228874,0.8506527264795047,0.5840807260020958,-2.5071845761908427,0.4069071603027345,-0.23867448922986953,-0.17091374658047712,0.0,1.0,1.0,0.0,0.0,0.0,0.0,0.0,0
4226,2.3040075999002623,0.15491001986263953,-0.3181775044168048,-0.8439895087218553,0.39885376190344024,-0.17013238035471537,-0.45058210140577504,-0.5241328258560867,0.0,1.0,0.0,0.0,0.0,0.0,1.0,0.0,1
12,-0.1299940974522632,-0.5736729733833892,-0.7272680852305132,0.5840807260020958,0.39885376190344024,-0.7059548109652046,-0.4396675830438272,-0.4616634320793715,0.0,1.0,1.0,0.0,0.0,0.0,1.0,0.0,1
2875,-0.677697876660961,-0.5736729733833892,-0.7272680852305132,0.5840807260020958,0.39885376190344024,-0.7059548109652046,-0.27676438542594806,-0.2260132782586462,0.0,1.0,0.0,0.0,0.0,0.0,0.0,0.0,1
3967,-0.8745050842317745,-0.5736729733833892,-0.7272680852305132,-0.12995439135987974,0.39885376190344024,-0.6647377009182438,0.16383005039479784,0.23986379865369223,0.0,0.0,0.0,0.0,0.0,0.0,0.0,1.0,1
4030,0.45463010364181206,-0.5736729733833892,-0.05519070246513517,0.5840807260020958,0.39885376190344024,-0.2319580454251564,-0.33096182240976074,-0.3044134235515756,0.0,0.0,1.0,0.0,0.0,0.0,0.0,1.0,1
2138,-0.7616079264004552,-0.5736729733833892,1.6980546438793294,-0.12995439135987974,0.39885376190344024,1.3878743794203994,3.3835154908725515,4.121102168012649,1.0,1.0,0.0,0.0,1.0,0.0,0.0,1.0,0
1786,-0.4543445806271077,0.2509219703157401,-0.7272680852305132,0.5840807260020958,-2.5071845761908427,-0.7059548109652046,-0.44156620902691307,-0.4644099190207249,0.0,0.0,0.0,1.0,0.0,0.0,1.0,0.0,0
3742,-0.0700365528202247,0.10875042829864885,-0.7272680852305132,0.5840807260020958,-2.5071845761908427,-0.7059548109652046,-0.4690900542374433,-0.504224965333158,0.0,0.0,0.0,1.0,0.0,1.0,1.0,0.0,1
4414,-0.15959146045128478,-0.5736729733833892,-0.6103850621408823,0.5840807260020958,-2.5071845761908427,-0.6235205908712832,-0.3915069230033121,-0.39199588035164873,0.0,1.0,0.0,0.0,0.0,1.0,0.0,1.0,1
3794,-0.2853039713337268,-0.5736729733833892,-0.7272680852305132,-1.5580246260838309,0.39885376190344024,-0.499869260730401,-0.2875982617514006,-0.42958983570406306,0.0,0.0,1.0,0.0,0.0,0.0,0.0,1.0,1
4626,-0.6001955034470283,-0.5736729733833892,-0.7272680852305132,-0.8439895087218553,-2.5071845761908427,-0.6029120358478028,-0.21300434362073034,-0.2950182924599898,1.0,1.0,0.0,0.0,0.0,0.0,1.0,0.0,0
56,-0.6567966460894871,-0.5736729733833892,-0.7272680852305132,0.5840807260020958,0.39885376190344024,-0.7059548109652046,-0.2915298341503068,-0.24737246772826596,0.0,1.0,0.0,0.0,0.0,1.0,0.0,1.0,1
3671,0.46683520178573845,-0.5736729733833892,1.6980546438793294,-0.8439895087218553,-2.5071845761908427,1.9628530645755011,0.36010757805361676,0.25767768271190916,0.0,1.0,0.0,1.0,0.0,0.0,0.0,1.0,0
3825,0.8746380435196798,-0.5736729733833892,0.7045489476174661,0.5840807260020958,0.39885376190344024,0.30386438518533276,-0.2453302126676974,-0.18054168682257954,0.0,1.0,1.0,0.0,0.0,0.0,0.0,1.0,1
4596,-0.43939333540079784,4.233571530456855,1.2305225515208054,-0.8439895087218553,0.39885376190344024,1.4682477440119726,-0.10970576217395199,-0.19539951286837948,0.0,0.0,0.0,1.0,0.0,0.0,0.0,0.0,1
3109,-0.8719115008761902,-0.13866498248434114,0.5000036572106119,2.012150960726047,0.39885376190344024,-0.10830671528427435,0.5520532896858112,1.5030659184412833,0.0,1.0,1.0,0.0,0.0,0.0,1.0,0.0,0
4426,-0.04745712125396083,-0.5736729733833892,1.7857169111965525,0.5840807260020958,0.39885376190344024,1.066380921054106,0.4007584299989019,0.7540678865471316,0.0,0.0,0.0,0.0,0.0,0.0,0.0,0.0,1
2375,1.3491112338648192,1.1929469149536618,0.5292244129830197,-1.5580246260838309,0.39885376190344024,1.2724664712889096,-0.21426165895464208,-0.3765467340877175,1.0,0.0,0.0,0.0,0.0,1.0,1.0,0.0,1
549,-0.5774635081539654,-0.5736729733833892,-0.08441145823754291,0.5840807260020958,0.39885376190344024,-0.2525666004486368,0.13090091115135677,0.3637012961056689,0.0,1.0,1.0,0.0,0.0,0.0,0.0,0.0,1
4469,-0.017707194528140197,0.746491345346744,3.3636377229065704,0.5840807260020958,0.39885376190344024,2.1792428923220455,0.39052139975658645,0.7392593512541186,1.0,1.0,0.0,0.0,0.0,0.0,0.0,0.0,0
2761,-0.6458120577599533,0.7778798676102576,-0.7272680852305132,-0.12995439135987974,0.39885376190344024,-0.6647377009182438,-0.42389968896264973,-0.46862752988707956,1.0,1.0,0.0,0.0,1.0,0.0,0.0,0.0,1
3406,0.2541613666278207,-0.5736729733833892,-0.7272680852305132,0.5840807260020958,0.39885376190344024,-0.7059548109652046,-0.4716472055412384,-0.5079240523179063,0.0,1.0,0.0,0.0,0.0,0.0,1.0,0.0,1
1060,0.3502765145112412,-0.1353414918917338,-0.7272680852305132,0.5840807260020958,0.39885376190344024,-0.7059548109652046,-0.4850105483968445,-0.5272550037389424,0.0,1.0,1.0,0.0,0.0,0.0,0.0,1.0,1
2088,-0.5181162184291231,0.19885395103155865,0.0032508090796803113,0.5840807260020958,0.39885376190344024,-0.19074093537819567,-0.13943734744911002,-0.027360715901363596,0.0,0.0,0.0,0.0,1.0,0.0,1.0,0.0,1
2939,-0.4921803848732796,3.9887410568014485,0.32467912257616544,-1.5580246260838309,0.39885376190344024,0.9839467009601843,-0.1766973543995107,-0.34937711962947515,0.0,1.0,1.0,0.0,0.0,1.0,0.0,1.0,1
3041,-0.18979907835750265,-0.5736729733833892,-0.4350605275064358,0.5840807260020958,0.39885376190344024,-0.499869260730401,-0.31678547418493685,-0.2839064065706563,0.0,1.0,0.0,0.0,0.0,0.0,0.0,0.0,1
4538,-0.41055879103577164,-0.5736729733833892,-0.7272680852305132,-0.8439895087218553,0.39885376190344024,-0.6029120358478028,-0.31376661952500906,-0.39219111723521727,1.0,0.0,0.0,0.0,1.0,0.0,0.0,1.0,1
1234,-0.6456594940331543,-0.1235246364513522,-0.20129448132717387,0.5840807260020958,0.39885376190344024,-0.33500082054255825,-0.07436620585501126,0.06676895589248605,0.0,1.0,0.0,0.0,0.0,0.0,0.0,0.0,1
3771,-0.5362713019182137,-0.5736729733833892,-0.7272680852305132,0.5840807260020958,-2.5071845761908427,-0.7059548109652046,-0.3527632327103229,-0.33595059265544575,0.0,0.0,1.0,0.0,0.0,0.0,1.0,0.0,1
4054,-0.7082106220207771,-0.5736729733833892,-0.4935020390512513,-0.8439895087218553,0.39885376190344024,-0.35560937556603855,0.25052460265270776,0.15199837791835355,0.0,1.0,1.0,0.0,0.0,1.0,0.0,0.0,1
1711,-0.3588396876508835,-0.24243174432019216,-0.7272680852305132,0.5840807260020958,0.39885376190344024,-0.7059548109652046,-0.42755079865080087,-0.4441357091876027,1.0,1.0,0.0,0.0,0.0,0.0,1.0,0.0,1
392,-0.7791527549823494,-0.5736729733833892,0.2077960994865345,0.5840807260020958,0.39885376190344024,-0.04648105021383322,1.0315297965315253,1.6665200159263769,1.0,1.0,0.0,0.0,1.0,0.0,1.0,0.0,1
737,0.6059733206264996,0.7778798676102576,0.14935458794171902,0.5840807260020958,0.39885376190344024,-0.08769816026079394,-0.36952117278240554,-0.36019205146933553,1.0,1.0,0.0,0.0,0.0,0.0,0.0,0.0,1
4350,-0.8928127314476642,-0.5736729733833892,-0.7272680852305132,0.5840807260020958,0.39885376190344024,-0.7059548109652046,0.11907123609538665,0.34658889569025414,0.0,0.0,0.0,0.0,0.0,0.0,0.0,1.0,1
4664,0.29230229832759075,-0.5736729733833892,-0.025969946692727428,-0.8439895087218553,0.39885376190344024,0.13899594499748985,-0.17215170874351476,-0.25562094960619014,1.0,0.0,0.0,0.0,0.0,0.0,0.0,1.0,1
595,-0.5413059049025833,1.2819426074890357,-0.7272680852305132,-0.8439895087218553,0.39885376190344024,-0.6029120358478028,-0.4311852095544366,-0.505426908823757,0.0,0.0,0.0,1.0,0.0,0.0,1.0,0.0,1
4751,-0.4290190019784604,-0.5736729733833892,0.5000036572106119,-1.5580246260838309,0.39885376190344024,1.2312493612419488,1.121363342975122,0.5894878243309558,0.0,1.0,0.0,0.0,0.0,0.0,0.0,0.0,1
3547,1.3838957635750095,-0.5736729733833892,-0.08441145823754291,-0.8439895087218553,0.39885376190344024,0.07717027992704895,-0.3532802184228427,-0.43029712454280694,1.0,1.0,0.0,0.0,0.0,1.0,1.0,0.0,1
4727,-0.5326097724750358,-0.5736729733833892,-0.4350605275064358,-0.8439895087218553,0.39885376190344024,-0.29378371049559754,0.032280629694728766,-0.05847109741030595,0.0,1.0,1.0,0.0,0.0,0.0,0.0,1.0,1
2614,0.17070900806872383,0.6792829800295735,-0.025969946692727428,0.5840807260020958,0.39885376190344024,-0.21134949040167608,-0.35456039141104734,-0.33855030052158214,0.0,0.0,1.0,0.0,0.0,0.0,0.0,0.0,1
4694,-0.39621780071665813,0.5441276959302088,0.47078290143820417,0.5840807260020958,0.39885376190344024,0.13899594499748985,-0.09519784345443058,0.03663462657038322,0.0,0.0,1.0,0.0,0.0,0.0,0.0,1.0,1
3155,-0.8365167162588035,3.946274232562577,1.405847086155252,0.5840807260020958,0.39885376190344024,0.7984697057488611,-0.15451619778938397,-0.049173261352191855,0.0,0.0,1.0,0.0,0.0,1.0,0.0,0.0,1
3001,-0.6632043226150485,-0.5736729733833892,-0.7272680852305132,0.5840807260020958,0.39885376190344024,-0.7059548109652046,-0.2871773720541588,-0.24107634599797276,0.0,0.0,0.0,0.0,0.0,0.0,0.0,0.0,1
2329,0.43906860350830584,-0.5736729733833892,-0.7272680852305132,-0.8439895087218553,0.39885376190344024,-0.6029120358478028,-0.44797975382563765,-0.5216231816153277,0.0,0.0,0.0,0.0,1.0,0.0,0.0,1.0,1
457,-0.7123298426443523,2.270127143690948,-0.5519435505960668,0.5840807260020958,0.39885376190344024,-0.5823034808243225,-0.4430104661091461,-0.46649913156266165,0.0,1.0,1.0,0.0,0.0,0.0,1.0,0.0,1
4132,0.7254307187101794,-0.5736729733833892,-0.6688265736856978,0.5840807260020958,0.39885376190344024,-0.6647377009182438,-0.4807633403544887,-0.5211111388969675,0.0,0.0,0.0,0.0,0.0,1.0,0.0,0.0,1
1269,0.97578779438747,-0.5736729733833892,-0.7272680852305132,-0.8439895087218553,0.39885376190344024,-0.6029120358478028,-0.47445067310679667,-0.5471511282388322,1.0,1.0,0.0,0.0,1.0,0.0,0.0,0.0,1
940,-0.7706091862816009,0.28009483218418224,-0.20129448132717387,-0.8439895087218553,0.39885376190344024,-0.04648105021383322,0.11446140648787304,0.020782156364931307,0.0,1.0,0.0,0.0,0.0,1.0,0.0,1.0,1
4477,0.3334945045633424,-0.5736729733833892,0.14935458794171902,0.5840807260020958,0.39885376190344024,-0.08769816026079394,-0.2619132131617543,-0.204530084069392,0.0,1.0,0.0,0.0,1.0,0.0,1.0,0.0,1
2728,-0.6258262095492738,-0.5736729733833892,-0.7272680852305132,0.5840807260020958,0.39885376190344024,-0.7059548109652046,-0.31066767734278394,-0.27505661241082047,0.0,1.0,0.0,0.0,0.0,0.0,0.0,0.0,1
1528,-0.5327623362018349,1.8144396557712321,-0.5811643063684745,0.5840807260020958,0.39885376190344024,-0.6029120358478028,-0.4489646408988864,-0.47511223569809446,0.0,1.0,1.0,0.0,0.0,0.0,1.0,0.0,1
377,-0.1716439948684121,-0.5736729733833892,-0.7272680852305132,-1.5580246260838309,0.39885376190344024,-0.499869260730401,-0.3216075137965135,-0.4541881419158225,0.0,1.0,0.0,0.0,0.0,0.0,1.0,0.0,1
4475,0.09137587013320213,-0.5736729733833892,-0.7272680852305132,-0.8439895087218553,-2.5071845761908427,-0.6029120358478028,-0.4174252719623313,-0.49215714102071617,0.0,1.0,0.0,0.0,0.0,0.0,1.0,0.0,1
1074,0.623823276661992,-0.5736729733833892,-0.7272680852305132,0.5840807260020958,0.39885376190344024,-0.7059548109652046,-0.48847716175402706,-0.5322696872000569,0.0,1.0,0.0,0.0,0.0,0.0,1.0,0.0,1
2100,-0.026555890682486847,-0.5736729733833892,-0.7272680852305132,0.5840807260020958,0.39885376190344024,-0.7059548109652046,-0.45066388603325314,-0.477570305172163,0.0,1.0,0.0,0.0,1.0,0.0,0.0,1.0,1
2943,-0.39606523698985907,0.3521037950240077,0.09091307639690353,0.5840807260020958,0.39885376190344024,-0.12891527030775465,-0.18446843569547133,-0.09250113688230226,0.0,1.0,0.0,1.0,0.0,1.0,1.0,0.0,1
1669,0.12127836058582185,0.9326068185327543,0.0032508090796803113,-0.8439895087218553,0.39885376190344024,0.16990877753271053,-0.2588575598958611,-0.33923808117056503,0.0,0.0,1.0,0.0,0.0,0.0,0.0,1.0,1
809,-0.6732735285837878,-0.5736729733833892,-0.4935020390512513,-0.12995439135987974,0.39885376190344024,-0.4668955726928325,0.030109569555895124,0.07866759778381288,0.0,1.0,0.0,0.0,0.0,0.0,0.0,0.0,1
4023,0.3635495587427612,-0.5736729733833892,-0.37661901596162034,0.5840807260020958,0.39885376190344024,-0.4586521506834403,-0.3937413634010886,-0.3952281448568206,0.0,1.0,1.0,0.0,0.0,0.0,1.0,0.0,1
1284,-0.6400146361415883,-0.5736729733833892,-0.7272680852305132,0.5840807260020958,0.39885376190344024,-0.7059548109652046,-0.30226805820776265,-0.2629060127286321,1.0,0.0,1.0,0.0,0.0,0.0,1.0,0.0,1
3514,0.021806810712821572,-0.5736729733833892,-0.7272680852305132,0.5840807260020958,0.39885376190344024,-0.7059548109652046,-0.45507011503238737,-0.4839442042520995,0.0,0.0,0.0,0.0,0.0,0.0,1.0,0.0,1
4005,0.1647590227235597,-0.5736729733833892,1.3181848188380287,-0.8439895087218553,0.39885376190344024,1.560986241617634,0.4290072254899028,0.3241229203498661,0.0,1.0,1.0,0.0,0.0,1.0,0.0,1.0,1
4616,0.8355817294591152,0.14715520847988908,0.12013383216931127,0.5840807260020958,0.39885376190344024,-0.10830671528427435,-0.37149654887762273,-0.36304956247893305,1.0,1.0,0.0,0.0,0.0,0.0,1.0,0.0,1
2797,-0.8601640939126609,-0.22839922848473898,-0.7272680852305132,-1.5580246260838309,0.39885376190344024,-0.499869260730401,0.060720181792588625,-0.17765710510084254,0.0,1.0,0.0,0.0,0.0,0.0,1.0,0.0,1
2110,-0.5547315128609024,-0.5736729733833892,-0.7272680852305132,0.5840807260020958,0.39885376190344024,-0.7059548109652046,-0.3453575306492258,-0.3252377591729404,1.0,0.0,0.0,0.0,1.0,0.0,0.0,0.0,1
3504,-0.5379495029130036,-0.5736729733833892,-0.7272680852305132,0.5840807260020958,0.39885376190344024,-0.7059548109652046,-0.3521124968011135,-0.3350092605063889,0.0,1.0,0.0,0.0,0.0,1.0,0.0,0.0,1
4850,-0.9480408005489311,5.5079455343555095,0.3538998783485732,-0.8439895087218553,0.39885376190344024,0.5408627679553569,-0.28206407228806446,-0.3616179087607432,0.0,1.0,1.0,0.0,0.0,0.0,0.0,1.0,1
2450,-0.6796812051093492,-0.5736729733833892,-0.7272680852305132,-0.8439895087218553,-2.5071845761908427,-0.6029120358478028,-0.13921519002675137,-0.2238577273759731,0.0,1.0,0.0,0.0,1.0,0.0,1.0,0.0,0
1781,-0.3382435845330077,0.18149794460349816,-0.7272680852305132,-0.8439895087218553,0.39885376190344024,-0.6029120358478028,-0.40234329170611605,-0.47761242563444517,0.0,1.0,0.0,0.0,0.0,0.0,0.0,0.0,1
2889,-0.02121616024451904,-0.5736729733833892,-0.7272680852305132,0.5840807260020958,0.39885376190344024,-0.7059548109652046,-0.45117092496494726,-0.4783037702237643,0.0,1.0,1.0,0.0,0.0,0.0,1.0,0.0,1
1289,-0.905933211952385,-0.5736729733833892,-0.7272680852305132,-0.8439895087218553,-2.5071845761908427,-0.6029120358478028,0.5502231277246991,0.441020752620175,0.0,1.0,0.0,0.0,0.0,0.0,1.0,0.0,0
4183,-0.5702930129944086,-0.5736729733833892,-0.6688265736856978,0.5840807260020958,0.39885376190344024,-0.6647377009182438,-0.29691641506027655,-0.2551645101102678,0.0,0.0,0.0,1.0,0.0,0.0,1.0,0.0,1
378,3.2830090347699596,-0.5736729733833892,0.5584451687554274,-0.12995439135987974,0.39885376190344024,0.4233940043215188,-0.40046417976960924,-0.44037669632987464,0.0,1.0,0.0,0.0,0.0,0.0,1.0,0.0,1
499,-0.791815544306673,0.8990026358741692,-0.7272680852305132,0.5840807260020958,-2.5071845761908427,-0.7059548109652046,-0.4329515703050466,-0.4519482794114174,1.0,1.0,1.0,0.0,0.0,0.0,1.0,0.0,0
1735,-0.8340756966300182,-0.5736729733833892,-0.7272680852305132,-0.8439895087218553,0.39885376190344024,-0.6029120358478028,0.1669933823937687,0.0714427874789942,0.0,0.0,0.0,0.0,0.0,0.0,0.0,1.0,1
3760,-0.06973142536662653,-0.5736729733833892,-0.7272680852305132,-0.8439895087218553,-2.5071845761908427,-0.6029120358478028,-0.39584242621385163,-0.47134314025261004,0.0,1.0,0.0,0.0,0.0,0.0,0.0,0.0,1
3718,-0.39133576145908755,-0.5736729733833892,0.09091307639690353,0.5840807260020958,0.39885376190344024,-0.12891527030775465,0.026917074395262468,0.2132818599941615,0.0,0.0,0.0,0.0,0.0,0.0,0.0,1.0,1
1246,-0.2692847800198234,2.144942331369405,-0.7272680852305132,0.5840807260020958,0.39885376190344024,-0.7059548109652046,-0.49563451457403185,-0.5426232672257827,0.0,0.0,0.0,0.0,0.0,0.0,0.0,1.0,1
4908,-0.11092363160237818,2.1238935576162254,0.09091307639690353,-0.8439895087218553,0.39885376190344024,0.2626472751383721,-0.2739801130517191,-0.353821924129454,0.0,1.0,0.0,0.0,0.0,0.0,0.0,0.0,1
3165,-0.8552820546550904,-0.5736729733833892,-0.7272680852305132,0.5840807260020958,0.39885376190344024,-0.7059548109652046,-0.01642468226282543,0.15058516789302448,0.0,0.0,0.0,1.0,0.0,1.0,0.0,1.0,1
3377,-0.6932593767944673,0.4732265632879192,-0.4350605275064358,-0.8439895087218553,0.39885376190344024,-0.29378371049559754,-0.169986334804241,-0.25353271270914174,0.0,0.0,0.0,0.0,0.0,0.0,1.0,0.0,1
1248,-0.13579151907062825,-0.5736729733833892,-0.2889567486443971,0.5840807260020958,0.39885376190344024,-0.39682648561299927,-0.27635337422487966,-0.22541872361410814,1.0,1.0,0.0,0.0,0.0,1.0,1.0,0.0,1
862,1.5460710051624318,-0.5736729733833892,-0.7272680852305132,-1.5580246260838309,0.39885376190344024,-0.499869260730401,-0.47158464311612586,-0.5626640162711536,0.0,0.0,0.0,0.0,0.0,0.0,0.0,1.0,1
2856,-0.6177403320289225,-0.5736729733833892,-0.7272680852305132,0.5840807260020958,0.39885376190344024,-0.7059548109652046,-0.31520197866249755,-0.28161577649774294,0.0,0.0,0.0,0.0,0.0,0.0,0.0,1.0,1
4739,0.27429977856529925,-0.5736729733833892,-0.7272680852305132,0.5840807260020958,0.39885376190344024,-0.7059548109652046,-0.4728079170901015,-0.509603097659132,1.0,1.0,0.0,0.0,0.0,1.0,0.0,0.0,1
2411,1.5262377206785513,0.6046890800621646,-0.7272680852305132,-1.5580246260838309,-2.5071845761908427,-0.499869260730401,-0.48318064669480504,-0.5710512059242114,0.0,0.0,0.0,0.0,0.0,1.0,0.0,1.0,0
2671,0.15453725302802132,-0.5736729733833892,0.7045489476174661,2.012150960726047,0.39885376190344024,-0.00011180141100241981,-0.18426379673639187,0.08289134267284283,0.0,1.0,0.0,0.0,0.0,0.0,0.0,0.0,1
1100,0.6262642962907773,0.11465885601883967,-0.3473982601892126,0.5840807260020958,0.39885376190344024,-0.43804359565996,-0.4318129800024143,-0.4503012339029341,0.0,1.0,1.0,0.0,0.0,1.0,0.0,1.0,1
3846,0.7547229542556028,-0.346937059621067,0.23701685525894223,0.5840807260020958,0.39885376190344024,-0.02587249519035291,-0.32418606251867227,-0.294611842711323,0.0,0.0,0.0,0.0,0.0,1.0,0.0,1.0,1
4722,-0.274166819277394,0.37352184550969936,-0.7272680852305132,0.5840807260020958,0.39885376190344024,-0.7059548109652046,-0.4626784279560985,-0.4949501276287193,1.0,1.0,0.0,1.0,0.0,0.0,0.0,1.0,1
3281,-0.27187836337540777,-0.5736729733833892,-0.7272680852305132,-0.8439895087218553,0.39885376190344024,-0.6029120358478028,-0.3559529245179794,-0.43287462091957707,0.0,0.0,0.0,0.0,1.0,0.0,0.0,0.0,1
4218,-0.06790066064503758,-0.5736729733833892,0.44156214566579643,0.5840807260020958,0.39885376190344024,0.11838738997400955,-0.04317725582751612,0.11188581657392101,0.0,1.0,0.0,0.0,1.0,0.0,0.0,0.0,1
1237,-0.5583930423040804,-0.5736729733833892,-0.2305152370995816,0.5840807260020958,0.39885376190344024,-0.35560937556603855,0.002250038810471656,0.17759937607207016,0.0,1.0,0.0,0.0,0.0,1.0,1.0,0.0,1
4668,-0.6618312490738567,2.4388866104488978,-0.7272680852305132,-1.5580246260838309,0.39885376190344024,-0.499869260730401,-0.4265817896182525,-0.530114227487936,1.0,1.0,0.0,0.0,0.0,1.0,0.0,1.0,1
4281,-0.8162257405945259,-0.5736729733833892,-0.7272680852305132,0.5840807260020958,0.39885376190344024,-0.7059548109652046,-0.10914483420581783,0.016459390209400182,0.0,1.0,0.0,0.0,0.0,0.0,1.0,0.0,1
4175,0.07108489446892446,-0.5736729733833892,1.0844187726587666,0.5840807260020958,-2.5071845761908427,0.5717756004905774,0.08784390816683538,0.301416518859232,0.0,1.0,0.0,0.0,1.0,1.0,1.0,0.0,0
1313,0.1316526940081593,-0.5736729733833892,-0.7272680852305132,-1.5580246260838309,0.39885376190344024,-0.499869260730401,-0.38006049051116125,-0.49646617315004243,0.0,0.0,0.0,1.0,0.0,0.0,0.0,0.0,1
2878,-0.09261598438648856,0.17522024015079543,-0.025969946692727428,0.5840807260020958,0.39885376190344024,-0.21134949040167608,-0.28219863067763995,-0.2338742702353941,0.0,1.0,0.0,0.0,0.0,1.0,0.0,0.0,1
1798,0.7335165962305307,-0.5736729733833892,-0.7272680852305132,0.5840807260020958,0.39885376190344024,-0.7059548109652046,-0.49212135273653435,-0.5375412483365934,1.0,1.0,1.0,0.0,0.0,0.0,0.0,1.0,1
4067,-0.08880189121651157,0.3480417509663765,-0.4935020390512513,-0.8439895087218553,0.39885376190344024,-0.35560937556603855,-0.34869006502818894,-0.4258704860264853,0.0,1.0,1.0,0.0,0.0,1.0,1.0,0.0,1
1740,-0.3501435552233359,-0.5736729733833892,-0.7272680852305132,0.5840807260020958,0.39885376190344024,-0.7059548109652046,-0.4052842717480412,-0.4119257184297987,0.0,1.0,0.0,0.0,0.0,0.0,0.0,0.0,1
1093,-0.2583001916902896,-0.5736729733833892,-0.7272680852305132,0.5840807260020958,0.39885376190344024,-0.7059548109652046,-0.4219832976482457,-0.4360819540321842,0.0,1.0,1.0,0.0,0.0,1.0,1.0,0.0,1
4205,-0.5855493856743166,-0.5736729733833892,-0.7272680852305132,0.5840807260020958,0.39885376190344024,-0.7059548109652046,-0.3316533502803951,-0.3054137639467873,1.0,0.0,0.0,0.0,0.0,0.0,0.0,0.0,1
490,-0.2947629223952698,-0.01643438402289384,-0.4935020390512513,-1.5580246260838309,0.39885376190344024,-0.17013238035471537,-0.18560680283082057,-0.3558211702190185,0.0,0.0,0.0,0.0,0.0,1.0,0.0,1.0,1
4890,-0.6514569156515193,-0.5736729733833892,-0.7272680852305132,0.5840807260020958,0.39885376190344024,-0.7059548109652046,-0.29504719108778704,-0.2524605551045731,0.0,0.0,0.0,0.0,0.0,0.0,0.0,1.0,1
1343,0.9037777153383041,0.3365941722585068,-0.7272680852305132,-0.8439895087218553,0.39885376190344024,-0.6029120358478028,-0.4840115357345028,-0.55637140458218,1.0,0.0,0.0,0.0,0.0,0.0,0.0,1.0,1
3654,-0.1948336813418723,-0.5736729733833892,-0.7272680852305132,-0.8439895087218553,0.39885376190344024,-0.6029120358478028,-0.37340678784028003,-0.44970672586210425,0.0,1.0,0.0,0.0,0.0,0.0,1.0,0.0,1
3828,0.890199543653186,-0.5736729733833892,1.6396131323345138,-0.12995439135987974,0.39885376190344024,1.3384138473640463,0.007171086158756014,0.05101591455519639,0.0,0.0,0.0,1.0,0.0,1.0,0.0,1.0,1
460,2.5706889943450544,-0.5736729733833892,-0.7272680852305132,0.5840807260020958,-2.5071845761908427,-0.7059548109652046,-0.5202450018864865,-0.5782239503651445,0.0,0.0,0.0,0.0,0.0,0.0,0.0,0.0,0
471,-0.921037020905494,-0.5736729733833892,-0.7272680852305132,0.5840807260020958,0.39885376190344024,-0.7059548109652046,0.27734566195137117,0.5755432277368111,0.0,1.0,1.0,0.0,0.0,0.0,1.0,0.0,0
1333,1.4311905188827245,0.7978208111659015,2.779222607458416,0.5840807260020958,0.39885376190344024,1.7670717918524377,-0.12791964194889183,-0.010699599898258461,1.0,1.0,1.0,0.0,0.0,0.0,0.0,1.0,1
784,0.13348345872974826,-0.5736729733833892,-0.7272680852305132,0.5840807260020958,0.39885376190344024,-0.7059548109652046,-0.4638570000452548,-0.49665500941225543,1.0,1.0,1.0,0.0,0.0,0.0,0.0,1.0,1
3329,0.42228659356040704,-0.5736729733833892,-0.7272680852305132,0.5840807260020958,-2.5071845761908427,-0.7059548109652046,-0.48035664152408036,-0.5205228223792694,0.0,1.0,0.0,0.0,0.0,1.0,0.0,1.0,0
2162,0.07718744354088768,0.44109948755938166,-0.7272680852305132,-0.8439895087218553,0.39885376190344024,-0.6029120358478028,-0.4516916868200899,-0.5252028845469086,1.0,1.0,1.0,0.0,0.0,1.0,0.0,0.0,1
3602,2.825012726919121,-0.5736729733833892,1.9025999342861835,-0.8439895087218553,0.39885376190344024,2.1792428923220455,-0.1669769782061648,-0.2506305583188535,0.0,0.0,1.0,0.0,0.0,0.0,0.0,0.0,1
957,0.04072471283590751,-0.5736729733833892,0.7629904591622816,-2.2720597434458063,0.39885376190344024,2.8593252080968967,1.1125283378377386,0.18290025123798864,0.0,1.0,0.0,0.0,0.0,0.0,0.0,0.0,1
1583,-0.25219764261832645,-0.5736729733833892,-0.7272680852305132,-1.5580246260838309,0.39885376190344024,-0.499869260730401,-0.29851736574909093,-0.4374874355494507,0.0,1.0,0.0,0.0,1.0,0.0,1.0,0.0,1
3739,-0.7847976128739154,0.6316462815355351,-0.522722794823659,-0.12995439135987974,0.39885376190344024,-0.49162583872100896,-0.28186552663802955,-0.2974094246512234,0.0,1.0,0.0,0.0,0.0,0.0,0.0,1.0,1
1600,-0.39209858009308296,-0.5736729733833892,-0.7272680852305132,0.5840807260020958,0.39885376190344024,-0.7059548109652046,-0.3960803756582856,-0.3986116794114336,0.0,1.0,0.0,0.0,0.0,0.0,1.0,0.0,1
1538,-0.7457412988133508,-0.5736729733833892,-0.7272680852305132,0.5840807260020958,0.39885376190344024,-0.7059548109652046,-0.21416059563924048,-0.1354527925915506,0.0,1.0,0.0,1.0,0.0,0.0,1.0,0.0,1
3361,-0.8455179761399493,-0.5736729733833892,-0.4935020390512513,0.5840807260020958,0.39885376190344024,-0.5410863707773618,0.36033735979398934,0.6955961588544117,1.0,1.0,1.0,0.0,0.0,0.0,0.0,0.0,1
256,1.0261338242311664,0.7350437666388743,-0.7272680852305132,0.5840807260020958,0.39885376190344024,-0.7059548109652046,-0.5097902401103559,-0.5631004521359493,0.0,1.0,0.0,1.0,0.0,0.0,0.0,1.0,1
3064,-0.8166834317749231,-0.5736729733833892,-0.7272680852305132,2.012150960726047,-2.5071845761908427,-0.7574761985239055,-0.21803273585761965,0.01775936397101892,1.0,0.0,1.0,0.0,0.0,1.0,1.0,0.0,0
678,0.5451003936336666,-0.5736729733833892,1.5519508650172906,-0.8439895087218553,0.39885376190344024,1.8082889018993986,0.26891490007955093,0.169733558405152,0.0,0.0,0.0,0.0,0.0,0.0,0.0,1.0,1
3000,-0.8769461038605598,-0.5736729733833892,-0.7272680852305132,-0.8439895087218553,0.39885376190344024,-0.6029120358478028,0.3549544428288866,0.25270811744810495,0.0,1.0,1.0,0.0,0.0,0.0,0.0,1.0,0
1017,-0.5307790077534469,-0.5736729733833892,1.4642885977000673,-0.12995439135987974,0.39885376190344024,1.190032251194988,1.4164085645831246,1.7498112391033351,0.0,0.0,1.0,0.0,0.0,0.0,0.0,1.0,1
3391,-0.645354366579556,1.3111154693574778,-0.7272680852305132,0.5840807260020958,0.39885376190344024,-0.7059548109652046,-0.4638461371808428,-0.49663929556681186,0.0,1.0,0.0,1.0,0.0,0.0,0.0,0.0,1
4357,-0.46136251205986534,-0.14863545426216312,0.2077960994865345,-0.8439895087218553,0.39885376190344024,0.3862986052792542,0.2714558673826515,0.1721840089163962,0.0,0.0,0.0,0.0,0.0,0.0,1.0,0.0,1
4506,0.26285749905536826,-0.5736729733833892,0.7045489476174661,0.5840807260020958,0.39885376190344024,0.30386438518533276,-0.10347876859090359,0.0246557255376044,0.0,0.0,0.0,0.0,0.0,0.0,0.0,1.0,1
3082,-0.8844217264737148,-0.5736729733833892,0.44156214566579643,0.5840807260020958,0.39885376190344024,0.11838738997400955,2.605065725640661,3.942742884226348,0.0,0.0,0.0,0.0,0.0,1.0,0.0,1.0,0
1710,0.778065204455862,-0.5736729733833892,-0.4935020390512513,-1.5580246260838309,0.39885376190344024,-0.17013238035471537,-0.3532924359586528,-0.47710530035865445,1.0,0.0,0.0,0.0,0.0,0.0,0.0,1.0,1
3156,-0.761302798946857,0.6161366587700343,-0.7272680852305132,-1.5580246260838309,0.39885376190344024,-0.499869260730401,-0.29284766842602256,-0.43338664113339503,0.0,0.0,1.0,0.0,0.0,0.0,1.0,0.0,1
1846,1.0241504957827783,0.5614837023582694,2.866884874775639,-0.8439895087218553,0.39885376190344024,3.199366365984322,0.22459431496835985,0.1269918039906662,0.0,1.0,0.0,0.0,0.0,0.0,1.0,0.0,1
1317,-0.4525138159055187,-0.5736729733833892,-0.2889567486443971,-1.5580246260838309,0.39885376190344024,0.11838738997400955,0.28698545780062723,-0.014003328271199742,0.0,0.0,0.0,0.0,0.0,0.0,0.0,1.0,1
422,-0.4255100362620815,-0.5736729733833892,-0.7272680852305132,-1.5580246260838309,0.39885376190344024,-0.499869260730401,-0.2283107429515378,-0.3867081945541798,1.0,1.0,0.0,1.0,0.0,0.0,0.0,1.0,1
153,-0.1370120288850209,-0.5736729733833892,1.405847086155252,-0.12995439135987974,0.39885376190344024,1.1405717191386353,0.5338868691756823,0.6859566702859471,1.0,0.0,0.0,0.0,0.0,0.0,0.0,0.0,1
3452,-0.3628063445476596,-0.5736729733833892,-0.5811643063684745,0.5840807260020958,0.39885376190344024,-0.6029120358478028,-0.33024360867703534,-0.3033744803075646,0.0,1.0,0.0,0.0,1.0,1.0,0.0,0.0,1
3500,0.888368778931597,-0.5736729733833892,0.6168866803002429,-0.12995439135987974,0.39885376190344024,0.4728545363778716,-0.2057985568898969,-0.20571287631278964,1.0,0.0,0.0,0.0,0.0,0.0,1.0,0.0,1
4825,-0.13045178863266044,0.18039011440596237,-0.7272680852305132,-0.12995439135987974,-2.5071845761908427,-0.6647377009182438,-0.45105790708132315,-0.5013659821844487,0.0,1.0,1.0,0.0,0.0,1.0,1.0,0.0,0
2185,1.5170838970706066,-0.5736729733833892,-0.6103850621408823,0.5840807260020958,0.39885376190344024,-0.6235205908712832,-0.49372540110787083,-0.5398616094526962,0.0,1.0,0.0,0.0,0.0,1.0,1.0,0.0,1
4444,-0.8806076333037377,-0.5736729733833892,-0.7272680852305132,-1.5580246260838309,0.39885376190344024,-0.499869260730401,0.6833948745118815,0.2727127748807821,0.0,0.0,0.0,0.0,0.0,0.0,1.0,0.0,0
1778,-0.5080470124603839,-0.5736729733833892,0.4123413898933887,0.5840807260020958,0.39885376190344024,0.09777883495052925,0.35567921943145914,0.6888578534742825,0.0,1.0,1.0,0.0,0.0,0.0,0.0,1.0,0
3133,1.4395815238566738,2.7029194741949243,2.0779244689206298,-0.8439895087218553,0.39885376190344024,2.3647198875333686,-0.14081378266973463,-0.2253993734075807,0.0,1.0,0.0,1.0,0.0,0.0,1.0,0.0,1
3104,-0.6215544251988996,-0.15195894485477043,0.23701685525894223,-1.5580246260838309,0.39885376190344024,0.8602953708193023,0.875174605485428,0.4114237509833578,0.0,1.0,0.0,1.0,0.0,0.0,1.0,0.0,1
3549,-0.3112398048895705,-0.5736729733833892,-0.4935020390512513,-0.8439895087218553,-2.5071845761908427,-0.35560937556603855,-0.18418647610130168,-0.26722700285552137,1.0,1.0,0.0,0.0,1.0,1.0,0.0,1.0,0
2596,-0.5783788905147599,2.46805947231734,0.4123413898933887,0.5840807260020958,0.39885376190344024,0.09777883495052925,-0.2678587956243232,-0.21313075884033578,0.0,0.0,1.0,0.0,0.0,0.0,0.0,1.0,1
4319,-0.46700736995143133,-0.5736729733833892,-0.7272680852305132,-0.8439895087218553,0.39885376190344024,-0.6029120358478028,-0.2907462336650683,-0.3699907857981704,0.0,1.0,0.0,0.0,0.0,0.0,1.0,0.0,1
1355,-0.9455997809201458,-0.5736729733833892,-0.7272680852305132,0.5840807260020958,-2.5071845761908427,-0.7059548109652046,0.4922046140247748,0.8863507861287798,0.0,1.0,0.0,1.0,0.0,0.0,1.0,0.0,0
2439,-0.8325500593620274,0.8953098685490499,0.26623761103134996,0.5840807260020958,0.39885376190344024,-0.005263940166872497,-0.017718026967049477,0.14871425999833396,0.0,1.0,0.0,0.0,1.0,0.0,1.0,0.0,1
2440,1.9997955286628963,-0.5736729733833892,0.6168866803002429,-0.12995439135987974,0.39885376190344024,0.4728545363778716,-0.33069874492822887,-0.3562764674201838,0.0,1.0,0.0,0.0,0.0,0.0,0.0,1.0,1
606,-0.6362005429716112,-0.5736729733833892,-0.6980473294581054,0.5840807260020958,0.39885376190344024,-0.6853462559417242,-0.2803032101619261,-0.23113242021271607,1.0,1.0,0.0,0.0,0.0,0.0,0.0,1.0,1
1724,-0.685173499274116,-0.5736729733833892,0.2077960994865345,-0.8439895087218553,0.39885376190344024,0.3862986052792542,1.1934966569192396,1.0613789707527705,1.0,1.0,0.0,1.0,0.0,1.0,0.0,1.0,1
2948,-0.3942344722682701,-0.5736729733833892,-0.7272680852305132,0.5840807260020958,-2.5071845761908427,-0.7059548109652046,-0.39557981594089003,-0.3978875869680341,0.0,1.0,0.0,0.0,0.0,0.0,1.0,0.0,0
2833,-0.43771513440600796,0.7210112508034211,-0.3473982601892126,-0.8439895087218553,0.39885376190344024,-0.20104521288993593,-0.2499920715485563,-0.33068840781326747,1.0,0.0,0.0,0.0,0.0,0.0,1.0,0.0,1
1102,2.9459957622707917,-0.0655481894469799,-0.7272680852305132,0.5840807260020958,0.39885376190344024,-0.7059548109652046,-0.5240315455622044,-0.5837014340037706,1.0,1.0,0.0,0.0,0.0,0.0,1.0,0.0,1
331,-0.6740363472177832,-0.5736729733833892,-0.1428529697823584,-2.2720597434458063,0.39885376190344024,0.9427295909132237,1.86388311235059,0.545194895699605,0.0,1.0,0.0,0.0,0.0,0.0,1.0,0.0,1
2870,-0.5895160425710927,-0.5736729733833892,-0.6688265736856978,-0.8439895087218553,0.39885376190344024,-0.5410863707773618,-0.1556418349443792,-0.23969920648013596,1.0,1.0,1.0,0.0,0.0,0.0,1.0,0.0,1
2807,-0.6548133176410991,-0.5736729733833892,-0.7272680852305132,-0.8439895087218553,0.39885376190344024,-0.6029120358478028,-0.16557528895210002,-0.24927880139343475,1.0,0.0,0.0,0.0,0.0,0.0,0.0,1.0,1
3581,1.1353694526193079,1.7841589637052542,-0.4935020390512513,-1.5580246260838309,0.39885376190344024,-0.17013238035471537,-0.43534982224362007,-0.5364559944608583,0.0,1.0,0.0,0.0,0.0,0.0,0.0,0.0,1
3865,-0.6212492977453014,1.0411741778912604,0.23701685525894223,-0.12995439135987974,0.39885376190344024,0.15136107801157822,-0.08158517524863185,-0.05597721060056145,0.0,0.0,0.0,0.0,0.0,0.0,1.0,0.0,1
4860,-0.5274226057638671,-0.5736729733833892,-0.7272680852305132,0.5840807260020958,0.39885376190344024,-0.7059548109652046,-0.3561239035321406,-0.34081202329451654,0.0,1.0,0.0,0.0,1.0,0.0,0.0,1.0,1
1516,1.4765019457420512,-0.5736729733833892,-0.7272680852305132,-2.2720597434458063,-2.5071845761908427,-0.29378371049559754,-0.4305370305778762,-0.5611481503890993,0.0,1.0,0.0,0.0,1.0,0.0,0.0,0.0,1
3279,0.12814372829178045,-0.5736729733833892,2.6915603401411925,0.5840807260020958,0.39885376190344024,1.7052461267819967,0.5183574863044742,0.9241826302281282,0.0,1.0,0.0,0.0,1.0,0.0,0.0,1.0,1
3751,-0.06423913120185964,-0.5736729733833892,0.8506527264795047,-0.8439895087218553,0.39885376190344024,1.066380921054106,0.41706751433213185,0.31260853711676895,0.0,1.0,1.0,0.0,0.0,0.0,1.0,0.0,1
3441,-0.5811250375971433,-0.5736729733833892,-0.7272680852305132,-0.8439895087218553,0.39885376190344024,-0.6029120358478028,-0.2269047461711601,-0.30842352144291985,0.0,1.0,0.0,1.0,0.0,0.0,0.0,1.0,1
440,-0.020300777883724558,-0.5736729733833892,-0.37661901596162034,-1.5580246260838309,0.39885376190344024,-0.005263940166872497,-0.1243979226647267,-0.31154984148743536,0.0,1.0,0.0,0.0,0.0,1.0,0.0,1.0,1
4846,-0.9086793590347685,-0.5736729733833892,-0.7272680852305132,0.5840807260020958,0.39885376190344024,-0.7059548109652046,0.19966684191027304,0.46317572262352785,1.0,0.0,0.0,1.0,0.0,0.0,1.0,0.0,1
2342,0.07154258564932171,-0.5736729733833892,0.6753281918450583,0.5840807260020958,0.39885376190344024,0.2832558301618524,-0.03588499632523425,0.12243454795882763,0.0,1.0,0.0,0.0,0.0,0.0,0.0,1.0,1
4510,-0.7497079557101269,-0.5736729733833892,-0.7272680852305132,2.012150960726047,0.39885376190344024,-0.7574761985239055,-0.29405213889423,-0.12886336888212527,0.0,0.0,0.0,0.0,1.0,1.0,0.0,1.0,1
4806,-0.6247582634616803,1.2464920411678908,-0.7272680852305132,0.5840807260020958,0.39885376190344024,-0.7059548109652046,-0.46340929383342827,-0.4960073730292613,0.0,0.0,0.0,0.0,0.0,0.0,0.0,1.0,1
3456,0.7516716797196211,0.03932640258640689,1.3474055746104363,0.5840807260020958,0.39885376190344024,0.7572525957019005,-0.15912003538451272,-0.05583301421967416,0.0,1.0,1.0,0.0,0.0,1.0,0.0,1.0,1
3548,-0.7317054359478354,1.0001844605824366,0.7337697033898738,-1.5580246260838309,-2.5071845761908427,1.560986241617634,0.6798682633316931,0.2701620377582775,0.0,1.0,0.0,0.0,0.0,0.0,0.0,1.0,0
1861,0.39451999528297443,0.7058709047704321,-0.7272680852305132,-2.2720597434458063,0.39885376190344024,-0.29378371049559754,-0.3975973768762316,-0.5452650276202801,0.0,1.0,0.0,0.0,0.0,0.0,1.0,0.0,1
1092,0.30206637684273185,-0.5736729733833892,-0.7272680852305132,-0.12995439135987974,0.39885376190344024,-0.6647377009182438,-0.4597429087402576,-0.5118355023595628,1.0,1.0,0.0,0.0,0.0,0.0,1.0,0.0,1
4247,3.3052833388826253,-0.5736729733833892,-0.7272680852305132,-2.2720597434458063,0.39885376190344024,-0.29378371049559754,-0.47971878828980863,-0.5848630292035643,0.0,1.0,1.0,0.0,0.0,0.0,0.0,0.0,1
20,1.3820649988534206,-0.5736729733833892,-0.20129448132717387,0.5840807260020958,0.39885376190344024,-0.33500082054255825,-0.43407471270072046,-0.45357297850985967,1.0,1.0,0.0,0.0,0.0,0.0,0.0,1.0,1
1966,-0.3995742027062379,-0.5736729733833892,0.9675357495691358,0.5840807260020958,0.39885376190344024,0.4893413803966559,0.493542194206703,0.888285683541649,0.0,1.0,1.0,0.0,0.0,0.0,1.0,0.0,1
2387,-0.6819696610113353,1.0057236115701156,-0.7272680852305132,0.5840807260020958,0.39885376190344024,-0.7059548109652046,-0.4503863921052037,-0.47716889201523677,0.0,0.0,0.0,0.0,0.0,0.0,0.0,0.0,1
2236,-0.2814898781637498,1.3879250297199583,0.8214319707070971,0.5840807260020958,0.39885376190344024,0.3862986052792542,-0.15377508603559334,-0.04810119461972184,0.0,1.0,0.0,0.0,1.0,0.0,1.0,0.0,1
3046,0.8552624502161966,-0.5736729733833892,0.6168866803002429,0.5840807260020958,0.39885376190344024,0.2420387201148916,-0.25775811398854953,-0.198519460744472,0.0,1.0,0.0,0.0,0.0,1.0,0.0,0.0,1
2486,-0.4897393652444943,0.8535815977752023,-0.7272680852305132,2.012150960726047,0.39885376190344024,-0.7574761985239055,-0.48289594381232687,-0.4930966258328896,0.0,1.0,0.0,1.0,0.0,0.0,1.0,0.0,1
103,-0.645201802852757,-0.5736729733833892,-0.7272680852305132,-0.8439895087218553,0.39885376190344024,-0.6029120358478028,-0.17487350299174878,-0.2582457854704487,0.0,0.0,0.0,0.0,0.0,0.0,0.0,1.0,1
1603,-0.6442864204919625,-0.5736729733833892,-0.5811643063684745,-0.12995439135987974,0.39885376190344024,-0.5410863707773618,-0.10140409384056649,-0.07986834801142732,0.0,1.0,0.0,0.0,0.0,0.0,1.0,0.0,1
375,-0.6340646507964242,1.7616330830220268,-0.6688265736856978,-2.2720597434458063,0.39885376190344024,-0.17013238035471537,-0.2899463568369465,-0.4933569419142298,0.0,1.0,0.0,0.0,0.0,0.0,0.0,1.0,1
2922,-0.3982011291650462,-0.5736729733833892,0.5584451687554274,0.5840807260020958,0.39885376190344024,0.200821610067931,0.2774633136046273,0.5757134185654287,0.0,1.0,1.0,0.0,0.0,0.0,1.0,0.0,1
304,-0.3025436724620229,-0.5736729733833892,1.7857169111965525,0.5840807260020958,0.39885376190344024,1.066380921054106,0.728775858827222,1.2285665992156718,1.0,1.0,0.0,0.0,0.0,0.0,0.0,1.0,1
3247,-0.6227749350132922,0.5408042053376015,-0.7272680852305132,0.5840807260020958,0.39885376190344024,-0.7059548109652046,-0.43569719587450023,-0.4559200067761162,0.0,1.0,0.0,0.0,0.0,1.0,0.0,1.0,1
2238,-0.49843549767204187,-0.5736729733833892,1.0844187726587666,-0.8439895087218553,-2.5071845761908427,1.31368358133587,1.4077178834492088,1.2679690018126692,0.0,1.0,1.0,0.0,0.0,0.0,1.0,0.0,0
1944,0.19298331218138953,-0.19147155523354645,-0.2889567486443971,0.5840807260020958,0.39885376190344024,-0.39682648561299927,-0.3711992034860986,-0.36261943287880744,0.0,1.0,0.0,1.0,0.0,0.0,1.0,0.0,1
868,0.22990373406676695,-0.5736729733833892,-0.7272680852305132,0.5840807260020958,0.39885376190344024,-0.7059548109652046,-0.4702001924123921,-0.5058308529738816,0.0,0.0,0.0,1.0,0.0,0.0,0.0,1.0,1
2490,-0.2982718881116487,-0.5736729733833892,-0.7272680852305132,-0.12995439135987974,0.39885376190344024,-0.6647377009182438,-0.38879025376736004,-0.4263041136634562,0.0,0.0,0.0,0.0,0.0,1.0,1.0,0.0,1
1451,1.8867458071047778,-0.5736729733833892,2.750001851686008,0.5840807260020958,0.39885376190344024,1.7464632368289574,-0.11534970551397829,0.00748363712666664,0.0,1.0,0.0,0.0,0.0,0.0,1.0,0.0,1
3921,-0.14280945050338595,-0.5736729733833892,0.26623761103134996,0.5840807260020958,0.39885376190344024,-0.005263940166872497,-0.06663183639237294,0.07795722831579534,0.0,1.0,0.0,0.0,0.0,0.0,0.0,0.0,1
2776,-0.4290190019784604,-0.5736729733833892,1.0259772611139513,-1.5580246260838309,0.39885376190344024,1.9731573420872415,1.6990095711728495,1.0072893915170638,1.0,1.0,0.0,0.0,0.0,0.0,1.0,0.0,1
3312,2.9386727033844355,-0.5736729733833892,2.165586736237853,-0.8439895087218553,0.39885376190344024,2.45745838513903,-0.14458544887074992,-0.22903668167173774,0.0,0.0,0.0,0.0,0.0,0.0,1.0,0.0,1
2650,-0.6772401854805639,-0.06628674291200376,0.9967565053415435,2.012150960726047,0.39885376190344024,0.1544523612651002,0.33898114712601735,1.0921021567034257,1.0,1.0,0.0,0.0,0.0,0.0,0.0,1.0,1
134,-0.6805965874701436,-0.5736729733833892,-0.7272680852305132,0.5840807260020958,0.39885376190344024,-0.7059548109652046,-0.27458097447180346,-0.2228548311887186,0.0,0.0,1.0,0.0,0.0,1.0,1.0,0.0,1
3154,-0.7132452250051468,-0.5736729733833892,-0.7272680852305132,-0.12995439135987974,0.39885376190344024,-0.6647377009182438,-0.18729660023643963,-0.18340929871206643,0.0,1.0,0.0,0.0,0.0,0.0,1.0,0.0,1
3052,-0.44458050211196654,-0.5736729733833892,0.23701685525894223,0.5840807260020958,-2.5071845761908427,-0.02587249519035291,0.160609924705259,0.40667733166674574,1.0,1.0,0.0,0.0,0.0,0.0,0.0,0.0,1
1051,-0.010689263095382508,-0.5736729733833892,-0.20129448132717387,2.012150960726047,0.39885376190344024,-0.4792607057069206,-0.34739405199184,-0.23174680076358734,0.0,1.0,0.0,0.0,0.0,0.0,0.0,1.0,1
307,-0.5727340326231939,-0.5736729733833892,-0.7272680852305132,0.5840807260020958,0.39885376190344024,-0.7059548109652046,-0.3375717312326654,-0.3139750899499982,0.0,0.0,0.0,0.0,0.0,0.0,1.0,0.0,1
430,-0.7489451370761315,-0.5736729733833892,0.9967565053415435,-0.8439895087218553,0.39885376190344024,1.2209450837302085,2.939537072310525,2.745220247784487,0.0,0.0,0.0,0.0,0.0,0.0,1.0,0.0,1
2764,-0.12175565620511287,-0.5736729733833892,-0.7272680852305132,-0.8439895087218553,0.39885376190344024,-0.6029120358478028,-0.38725509647048745,-0.46306171666476115,0.0,0.0,0.0,0.0,0.0,0.0,1.0,0.0,1
1044,-0.38675884965511514,-0.5736729733833892,-0.7272680852305132,-0.8439895087218553,0.39885376190344024,-0.6029120358478028,-0.32227996360920014,-0.40040119075251457,0.0,1.0,0.0,1.0,0.0,1.0,0.0,1.0,1
2673,-0.5525956206857153,-0.5736729733833892,-0.7272680852305132,0.5840807260020958,0.39885376190344024,-0.7059548109652046,-0.34624309375321605,-0.3265187842524037,0.0,1.0,0.0,0.0,1.0,0.0,1.0,0.0,1
4502,-0.8285834024652514,-0.5736729733833892,-0.7272680852305132,-0.8439895087218553,0.39885376190344024,-0.6029120358478028,0.14842450936009732,0.05353539277813895,1.0,1.0,0.0,0.0,1.0,1.0,0.0,1.0,1
629,0.7594524297863743,-0.1630372468301282,-0.7272680852305132,0.5840807260020958,-2.5071845761908427,-0.7059548109652046,-0.4976116299475263,-0.5454832942154195,0.0,0.0,0.0,0.0,0.0,0.0,0.0,0.0,1
3657,-0.8986101530660292,-0.5736729733833892,-0.7272680852305132,0.5840807260020958,0.39885376190344024,-0.7059548109652046,0.14642071688570152,0.38615171243908475,0.0,0.0,0.0,0.0,0.0,0.0,0.0,0.0,1
2621,0.36980467154152347,-0.5736729733833892,-0.4935020390512513,2.012150960726047,0.39885376190344024,-0.6338248683830233,-0.45352491529173694,-0.4364471350927087,0.0,0.0,0.0,0.0,0.0,0.0,0.0,1.0,1
3069,0.26514595495735443,-0.5736729733833892,0.9675357495691358,0.5840807260020958,0.39885376190344024,0.4893413803966559,-0.03666030126051075,0.12131301854794152,0.0,1.0,1.0,0.0,0.0,0.0,1.0,0.0,1
698,0.530454275860955,-0.5736729733833892,-0.2889567486443971,0.5840807260020958,0.39885376190344024,-0.39682648561299927,-0.3913468207518038,-0.39176428194998036,0.0,1.0,1.0,0.0,0.0,0.0,1.0,0.0,1
639,-0.7738130245443816,-0.5736729733833892,0.5876659245278352,-0.8439895087218553,0.39885376190344024,0.788165428237121,2.4918194508205005,2.3134516559043155,0.0,1.0,0.0,0.0,1.0,0.0,1.0,0.0,1
3806,-0.26897965256622525,-0.5736729733833892,0.8798734822519125,-2.2720597434458063,0.39885376190344024,3.1066278683786606,1.9319631922372624,0.5780223284572557,0.0,0.0,0.0,1.0,0.0,0.0,0.0,1.0,0
4745,-0.4430548648439757,1.5101556281814057,-0.7272680852305132,-0.12995439135987974,-2.5071845761908427,-0.6647377009182438,-0.4667053351811692,-0.5202285075601875,1.0,1.0,1.0,0.0,0.0,1.0,0.0,1.0,0
864,-0.5806673464167461,0.6187215958976178,-0.6688265736856978,0.5840807260020958,0.39885376190344024,-0.6647377009182438,-0.4238205142625944,-0.4387396082962142,0.0,1.0,1.0,0.0,0.0,1.0,0.0,0.0,1
2403,-0.4364946245916153,-0.5736729733833892,-0.25973599287198934,0.5840807260020958,0.39885376190344024,-0.37621793058951886,-0.1250347722235923,-0.006526446734535904,0.0,1.0,0.0,0.0,0.0,0.0,0.0,0.0,1
803,-0.5219303115991002,1.7165813216555719,0.0032508090796803113,0.5840807260020958,0.39885376190344024,-0.19074093537819567,-0.31308499791202915,-0.2785534250719988,0.0,1.0,1.0,0.0,0.0,0.0,0.0,1.0,1
4365,2.9766610713574067,-0.5736729733833892,2.0194829573758146,-0.8439895087218553,0.39885376190344024,2.302894222462927,-0.16669781132509517,-0.2503613361900977,0.0,0.0,1.0,0.0,0.0,1.0,0.0,0.0,1
736,-0.11961976402992576,-0.5736729733833892,-0.7272680852305132,-0.12995439135987974,0.39885376190344024,-0.6647377009182438,-0.4195798998703475,-0.46342014814667776,0.0,1.0,0.0,0.0,0.0,0.0,0.0,1.0,1
4612,1.3366010082672948,0.10948898176367271,-0.7272680852305132,-0.8439895087218553,-2.5071845761908427,-0.6029120358478028,-0.4920928085423681,-0.5641647984835395,0.0,0.0,0.0,0.0,1.0,0.0,0.0,0.0,0
1174,-0.6296403027192508,-0.5736729733833892,-0.7272680852305132,0.5840807260020958,0.39885376190344024,-0.7059548109652046,-0.30846681503308626,-0.2718729208111316,0.0,1.0,0.0,0.0,0.0,0.0,0.0,0.0,1
4429,-0.5303213165730496,-0.5736729733833892,-0.7272680852305132,0.5840807260020958,0.39885376190344024,-0.7059548109652046,-0.3550358490551966,-0.33923808117056503,0.0,1.0,0.0,0.0,0.0,1.0,0.0,0.0,1
2176,-0.8327026230888265,-0.5736729733833892,1.0844187726587666,0.5840807260020958,0.39885376190344024,0.5717756004905774,2.858933784266338,4.309979672331874,0.0,0.0,0.0,0.0,0.0,0.0,1.0,0.0,1
2891,-0.9034921923235998,-0.5736729733833892,-0.7272680852305132,-0.8439895087218553,0.39885376190344024,-0.6029120358478028,0.5305790014589529,0.4220764083965771,0.0,1.0,0.0,1.0,0.0,1.0,1.0,0.0,0
1844,-0.1878157499091146,-0.2834214616290159,0.7337697033898738,-0.12995439135987974,0.39885376190344024,0.5717756004905774,0.1786774196528785,0.2577618760633763,0.0,0.0,0.0,0.0,0.0,0.0,0.0,0.0,1
2209,-0.29049113804489557,-0.5736729733833892,-0.7272680852305132,2.012150960726047,0.39885376190344024,-0.7574761985239055,-0.4492952716962881,-0.42828919280183264,0.0,1.0,0.0,0.0,0.0,0.0,0.0,0.0,1
525,-0.8629102409950444,-0.5736729733833892,-0.25973599287198934,0.5840807260020958,0.39885376190344024,-0.37621793058951886,0.8926287158324587,1.4655904975913265,1.0,0.0,1.0,0.0,0.0,0.0,0.0,1.0,0
3379,-0.6210967340185023,-0.5736729733833892,-0.4935020390512513,-2.2720597434458063,0.39885376190344024,0.200821610067931,0.7164848937756949,-0.008067349721014645,0.0,1.0,0.0,0.0,0.0,0.0,0.0,1.0,1
2053,-0.4517509972715233,0.375368229172259,-0.7272680852305132,0.5840807260020958,0.39885376190344024,-0.7059548109652046,-0.4473969454152122,-0.4728444614169631,0.0,0.0,0.0,1.0,0.0,1.0,0.0,1.0,1
212,0.5685952075607249,1.5504067920252054,1.2597433072932132,0.5840807260020958,0.39885376190344024,0.6954269306314594,-0.23985799482658224,-0.17262576500608978,1.0,1.0,1.0,0.0,0.0,0.0,0.0,0.0,1
3840,-0.5811250375971433,-0.5736729733833892,-0.7272680852305132,-1.5580246260838309,0.39885376190344024,-0.499869260730401,-0.12007551910359092,-0.30842352144291985,0.0,1.0,0.0,0.0,0.0,0.0,0.0,0.0,1
359,-0.65298255291951,-0.5736729733833892,1.0844187726587666,-0.8439895087218553,0.39885376190344024,1.31368358133587,2.1886826882062183,2.021113523879287,1.0,1.0,0.0,0.0,0.0,0.0,0.0,1.0,0
1021,-0.5660212286440344,-0.5736729733833892,-0.7272680852305132,0.5840807260020958,0.39885376190344024,-0.7059548109652046,-0.3405440785057539,-0.3182747851208378,0.0,1.0,0.0,1.0,0.0,1.0,0.0,1.0,1
4134,-0.3536525209397148,-0.5736729733833892,-0.522722794823659,-0.8439895087218553,0.39885376190344024,-0.38652220810125915,-0.18316366402568607,-0.26624062637970414,0.0,1.0,0.0,0.0,0.0,0.0,0.0,0.0,1
131,-0.2477732945411531,0.7867425091905438,0.2077960994865345,0.5840807260020958,-2.5071845761908427,-0.04648105021383322,-0.24338408119830243,-0.17772648008124828,0.0,0.0,0.0,0.0,0.0,0.0,0.0,1.0,1
961,1.1315553594493308,-0.5736729733833892,-0.63960581791329,2.012150960726047,0.39885376190344024,-0.7111069497210747,-0.5033813828087899,-0.5326079996319083,0.0,1.0,0.0,0.0,0.0,0.0,0.0,1.0,1
656,-0.28164244189054893,-0.16820712108529515,0.5000036572106119,-1.5580246260838309,0.39885376190344024,1.2312493612419488,0.5537443729684783,0.17893880027991788,1.0,0.0,0.0,0.0,0.0,1.0,0.0,1.0,1
3103,0.7258884098905766,-0.5736729733833892,-0.2889567486443971,0.5840807260020958,0.39885376190344024,-0.39682648561299927,-0.4086178093540903,-0.4167478990936509,0.0,0.0,0.0,0.0,1.0,0.0,0.0,1.0,1
3185,1.133996379078116,-0.5736729733833892,0.6753281918450583,2.012150960726047,0.39885376190344024,-0.015568217678612755,-0.35125594576870445,-0.23919544409586546,0.0,1.0,1.0,0.0,0.0,0.0,0.0,0.0,1
1387,1.575210676981056,-0.5736729733833892,0.0032508090796803113,-0.8439895087218553,0.39885376190344024,0.16990877753271053,-0.3506143747037844,-0.4277262460839254,0.0,1.0,1.0,0.0,0.0,1.0,0.0,1.0,1
1328,-0.7550476861480947,0.8284707799643913,-0.7272680852305132,0.5840807260020958,-2.5071845761908427,-0.7059548109652046,-0.4339618179839734,-0.45340966890172407,0.0,0.0,0.0,0.0,1.0,0.0,1.0,0.0,0
79,-0.8870153098292991,-0.5736729733833892,-0.7272680852305132,-1.5580246260838309,0.39885376190344024,-0.499869260730401,0.7349847614172722,0.31002685146927894,1.0,0.0,0.0,0.0,1.0,0.0,1.0,0.0,1
4042,-0.8340756966300182,-0.5736729733833892,-0.7272680852305132,2.012150960726047,0.39885376190344024,-0.7574761985239055,-0.19019952249004946,0.0714427874789942,0.0,0.0,0.0,0.0,0.0,1.0,1.0,0.0,1
1853,0.5243517267889917,0.11945945354149469,-0.7272680852305132,0.5840807260020958,0.39885376190344024,-0.7059548109652046,-0.4944269721731783,-0.5408764779873438,0.0,0.0,0.0,0.0,0.0,1.0,1.0,0.0,1
3651,0.12509245375579886,0.2896960272294923,-0.7272680852305132,-0.12995439135987974,0.39885376190344024,-0.6647377009182438,-0.4700949373095771,-0.524314575618962,0.0,1.0,0.0,0.0,0.0,0.0,0.0,0.0,1
1714,-0.5512225471445236,1.4248527029711509,-0.7272680852305132,0.5840807260020958,0.39885376190344024,-0.7059548109652046,-0.4728165746072558,-0.5096156213252045,0.0,0.0,0.0,0.0,0.0,0.0,1.0,0.0,1
4763,-0.020300777883724558,-0.5736729733833892,0.12013383216931127,0.5840807260020958,0.39885376190344024,-0.10830671528427435,-0.17246548001803821,-0.07513807468922454,0.0,0.0,0.0,0.0,0.0,0.0,1.0,0.0,1
2355,-0.11580567085994875,-0.5736729733833892,-0.7272680852305132,0.5840807260020958,0.39885376190344024,-0.7059548109652046,-0.44132160492308986,-0.4640560831505025,0.0,1.0,0.0,0.0,1.0,0.0,0.0,1.0,1
3808,0.2263947683503881,-0.5736729733833892,-0.4935020390512513,-0.8439895087218553,0.39885376190344024,-0.35560937556603855,-0.3383958462560634,-0.41594297785971973,1.0,1.0,0.0,0.0,0.0,0.0,0.0,0.0,0
2062,-0.015113611172555833,-0.5736729733833892,1.405847086155252,-0.8439895087218553,0.39885376190344024,1.6537247392232959,0.6434313922219778,0.53090866227995,1.0,0.0,0.0,0.0,0.0,0.0,0.0,1.0,0
353,-0.3801986094027547,1.547821854897622,1.8149376669689603,0.5840807260020958,0.39885376190344024,1.0869894760775862,0.071533823928973,0.27782291286693656,0.0,1.0,0.0,1.0,0.0,1.0,1.0,0.0,1
1632,-0.5918044984730789,-0.5736729733833892,0.06169232062449579,-2.2720597434458063,0.39885376190344024,1.375509246406311,1.8807409688080892,0.5533235605046094,0.0,1.0,0.0,0.0,0.0,0.0,1.0,0.0,1
895,0.21998709182482673,-0.5736729733833892,-0.7272680852305132,-0.12995439135987974,0.39885376190344024,-0.6647377009182438,-0.45403263494213675,-0.5049519312236436,0.0,1.0,0.0,0.0,0.0,0.0,0.0,1.0,1
3463,0.6605911348205703,-0.5736729733833892,-0.7272680852305132,0.5840807260020958,0.39885376190344024,-0.7059548109652046,-0.4897510339067618,-0.534112426772573,0.0,1.0,0.0,1.0,0.0,0.0,1.0,0.0,1
4465,-0.7425374605505701,-0.5736729733833892,0.032471564852088054,0.5840807260020958,-2.5071845761908427,-0.17013238035471537,0.6393163964864197,1.0991576227830586,0.0,1.0,0.0,0.0,0.0,1.0,1.0,0.0,0
502,-0.7950193825694537,1.3236708782628832,-0.7272680852305132,0.5840807260020958,0.39885376190344024,-0.7059548109652046,-0.45211273412392533,-0.47966615890875214,0.0,1.0,0.0,1.0,0.0,1.0,1.0,0.0,1
1569,-0.5487815275157383,-0.5736729733833892,0.5000036572106119,0.5840807260020958,0.39885376190344024,0.15960450002097037,0.49046064881087226,0.8838280261282172,0.0,1.0,0.0,0.0,0.0,1.0,0.0,0.0,0
644,-0.4238318352672916,-0.01643438402289384,1.5519508650172906,-0.12995439135987974,0.39885376190344024,1.264223049279517,0.675699957686679,0.8569082773859584,0.0,1.0,0.0,0.0,0.0,0.0,0.0,1.0,0
2458,0.07840795335528032,-0.5736729733833892,-0.7272680852305132,0.5840807260020958,0.39885376190344024,-0.7059548109652046,-0.45974290874025764,-0.49070370665680424,1.0,0.0,0.0,0.0,0.0,0.0,1.0,0.0,1
4744,1.666291221880107,-0.5736729733833892,2.194807492010261,0.5840807260020958,0.39885376190344024,1.3549006913828308,-0.14897204810743564,-0.04115328541273325,1.0,1.0,0.0,0.0,0.0,1.0,0.0,1.0,1
3049,0.9141520487606416,-0.5736729733833892,-0.7272680852305132,-1.5580246260838309,-2.5071845761908427,-0.499869260730401,-0.44706904018080684,-0.5449323029371186,1.0,1.0,0.0,0.0,0.0,0.0,0.0,1.0,0
573,-0.41055879103577164,-0.5736729733833892,-0.7272680852305132,0.5840807260020958,-2.5071845761908427,-0.7059548109652046,-0.39164188880796186,-0.39219111723521727,0.0,0.0,0.0,1.0,0.0,1.0,0.0,1.0,0
1510,-0.7390284948341913,-0.5736729733833892,-0.4058397717340281,-0.8439895087218553,-2.5071845761908427,-0.26287087796037695,0.4788669846396908,0.37220652699447987,0.0,1.0,0.0,0.0,1.0,1.0,0.0,1.0,0
3380,3.1981836026696713,0.9953838630597817,4.064935861444356,0.5840807260020958,0.39885376190344024,2.6738482128855736,-0.19835424498446205,-0.11258787024742303,0.0,0.0,1.0,0.0,0.0,0.0,1.0,0.0,1
1704,0.0009055801413475858,-0.5736729733833892,-0.05519070246513517,0.5840807260020958,0.39885376190344024,-0.2319580454251564,-0.23661051499796737,-0.16792807255846903,1.0,0.0,0.0,0.0,0.0,0.0,0.0,0.0,1
80,-0.4108639184893698,0.9765507497016734,-0.7272680852305132,-0.12995439135987974,0.39885376190344024,-0.6647377009182438,-0.4547394811052421,-0.505804013981477,0.0,0.0,0.0,0.0,0.0,1.0,0.0,1.0,1
3725,0.15530007166201673,0.9813513472243285,0.032471564852088054,-1.5580246260838309,-2.5071845761908427,0.5717756004905774,-0.16335000351273027,-0.33972321063455496,0.0,1.0,0.0,1.0,0.0,1.0,1.0,0.0,0
3436,0.14675650296126824,0.17706662381335506,0.0032508090796803113,-0.12995439135987974,0.39885376190344024,-0.04648105021383322,-0.27235643913063895,-0.2859464926432444,0.0,0.0,0.0,1.0,0.0,0.0,1.0,0.0,1
1071,0.05842210514460081,-0.5736729733833892,0.17857534371412676,-1.5580246260838309,0.39885376190344024,0.7778611507253809,0.18441226313755907,-0.08819275319867687,0.0,1.0,0.0,0.0,0.0,0.0,0.0,0.0,1
3419,-0.550002037330131,0.3860772544151048,-0.7272680852305132,0.5840807260020958,-2.5071845761908427,-0.7059548109652046,-0.4368122257242357,-0.45753297054507314,0.0,1.0,0.0,0.0,0.0,0.0,0.0,1.0,0
3619,0.4939915451559747,0.7535076032644705,-0.7272680852305132,-1.5580246260838309,0.39885376190344024,-0.499869260730401,-0.45324369179585455,-0.5493983220949761,0.0,1.0,1.0,0.0,0.0,0.0,0.0,1.0,1
3534,2.969948267378247,0.7778798676102576,0.9675357495691358,0.5840807260020958,0.39885376190344024,0.4893413803966559,-0.40148845626964774,-0.40643482252082647,0.0,1.0,1.0,0.0,0.0,0.0,0.0,0.0,1
2823,-0.7962398923838464,-0.5736729733833892,0.8506527264795047,0.5840807260020958,0.39885376190344024,0.4069071603027345,2.0273190429704715,3.106994435874826,0.0,1.0,1.0,0.0,0.0,1.0,0.0,0.0,0
2923,-0.32756412365707205,-0.1951643225586657,0.032471564852088054,-1.5580246260838309,0.39885376190344024,0.5717756004905774,0.26500500771699986,-0.029901409214354566,0.0,0.0,0.0,0.0,1.0,0.0,0.0,1.0,0
2174,-0.6554235725482953,-0.03379039045095433,0.5000036572106119,2.012150960726047,0.39885376190344024,-0.10830671528427435,0.0818483534345222,0.5961562348569464,0.0,1.0,1.0,0.0,0.0,0.0,1.0,0.0,1
436,1.7193833988061868,-0.5736729733833892,-0.05519070246513517,0.5840807260020958,0.39885376190344024,-0.2319580454251564,-0.4301661636213302,-0.447919006057246,0.0,1.0,1.0,0.0,0.0,1.0,1.0,0.0,1
249,-0.0032136404822275793,-0.5736729733833892,-0.7272680852305132,0.5840807260020958,0.39885376190344024,-0.7059548109652046,-0.45284187967933326,-0.48072091575086534,0.0,1.0,0.0,0.0,0.0,0.0,1.0,0.0,1
2665,-0.7887642697706915,-0.5736729733833892,-0.7272680852305132,0.5840807260020958,0.39885376190344024,-0.7059548109652046,-0.15706984439430438,-0.05286727856028148,0.0,1.0,1.0,0.0,0.0,1.0,1.0,0.0,1
2685,-0.07430833717059894,-0.5736729733833892,-0.63960581791329,-0.12995439135987974,0.39885376190344024,-0.5905469028337145,-0.38903333183403455,-0.42659713729466747,0.0,1.0,0.0,0.0,0.0,1.0,1.0,0.0,1
1301,0.6183309824972251,-0.5736729733833892,-0.6103850621408823,-1.5580246260838309,0.39885376190344024,-0.33500082054255825,-0.38188329861904097,-0.49778457885750776,0.0,1.0,0.0,0.0,0.0,0.0,0.0,0.0,1
988,-0.4116267371233652,0.16635759857050922,-0.4935020390512513,-0.8439895087218553,0.39885376190344024,-0.35560937556603855,-0.2640419498701475,-0.34423778779704445,0.0,0.0,0.0,0.0,0.0,0.0,0.0,0.0,1
4314,-0.4995034437596354,-0.5736729733833892,0.12013383216931127,-0.12995439135987974,0.39885376190344024,0.05244001389887245,0.3014963775427923,0.405816603973778,0.0,1.0,0.0,1.0,0.0,0.0,0.0,1.0,1
2531,-0.6825799159185316,-0.5736729733833892,-0.2305152370995816,-0.12995439135987974,0.39885376190344024,-0.24432317843924464,0.3414230926659828,0.45394711285839645,0.0,0.0,0.0,0.0,0.0,0.0,1.0,0.0,1
4094,0.9736519022122828,1.9702744368912646,-0.7272680852305132,0.5840807260020958,0.39885376190344024,-0.7059548109652046,-0.5154080110058504,-0.5712269259867462,0.0,1.0,0.0,0.0,0.0,0.0,1.0,0.0,1
6,1.6124362263200316,-0.5736729733833892,-0.4935020390512513,0.5840807260020958,-2.5071845761908427,-0.5410863707773618,-0.4808725683659959,-0.5212691443756173,0.0,1.0,0.0,0.0,0.0,0.0,1.0,0.0,0
1448,0.9792967601038488,-0.5736729733833892,-0.7272680852305132,0.5840807260020958,0.39885376190344024,-0.7059548109652046,-0.49884909744682865,-0.5472733720703845,0.0,1.0,0.0,0.0,0.0,0.0,0.0,1.0,1
387,2.3236883206573435,-0.5736729733833892,1.5227301092448828,-0.8439895087218553,0.39885376190344024,1.777376069364178,-0.1671027653257018,-0.2507518645281075,0.0,0.0,0.0,0.0,0.0,1.0,0.0,0.0,1
2858,0.8868431416636062,-0.5736729733833892,0.17857534371412676,0.5840807260020958,0.39885376190344024,-0.06708960523731362,-0.33881447318146285,-0.31577279764190314,1.0,1.0,0.0,0.0,1.0,0.0,0.0,0.0,1
381,-0.5756327434323765,-0.5736729733833892,-0.7272680852305132,0.5840807260020958,-2.5071845761908427,-0.7059548109652046,-0.33626164473030495,-0.31207996394686194,0.0,1.0,0.0,1.0,0.0,0.0,0.0,1.0,0
1960,-0.32222439321910423,-0.5736729733833892,-0.05519070246513517,0.5840807260020958,0.39885376190344024,-0.2319580454251564,-0.09667937332871637,0.034491496491473435,0.0,0.0,0.0,0.0,1.0,0.0,1.0,0.0,1
3493,-0.5512225471445236,-0.5736729733833892,-0.7272680852305132,-1.5580246260838309,0.39885376190344024,-0.499869260730401,-0.14622416537926194,-0.3273363868966711,0.0,1.0,0.0,0.0,0.0,0.0,0.0,1.0,1
3427,1.2299589632347376,-0.5736729733833892,-0.2305152370995816,-0.12995439135987974,0.39885376190344024,-0.24432317843924464,-0.4074807491957973,-0.44883496934494005,1.0,0.0,0.0,0.0,0.0,0.0,0.0,0.0,1
4344,-0.5954660279162568,-0.5736729733833892,-0.7272680852305132,0.5840807260020958,0.39885376190344024,-0.7059548109652046,-0.32683939902358916,-0.29845006789452955,0.0,1.0,0.0,0.0,1.0,1.0,1.0,0.0,1
3439,-0.09215829320609133,-0.5736729733833892,-0.7272680852305132,0.5840807260020958,0.39885376190344024,-0.7059548109652046,-0.4439682529398108,-0.46788463299709654,0.0,1.0,0.0,0.0,0.0,0.0,0.0,1.0,1
1921,0.3240355535017994,-0.5736729733833892,0.12013383216931127,-1.5580246260838309,0.39885376190344024,0.6954269306314594,0.013152715619199062,-0.21206183405808174,1.0,1.0,0.0,0.0,0.0,0.0,1.0,0.0,1
764,0.8404637687166858,0.7457527918817201,1.9318206900585912,0.5840807260020958,0.39885376190344024,1.1694236961715074,-0.13923059487908548,-0.027061634755986608,0.0,1.0,0.0,1.0,0.0,0.0,0.0,0.0,1
3953,0.14355266469848754,-0.2546178764930857,-0.17207372555476613,0.5840807260020958,0.39885376190344024,-0.31439226551907784,-0.331272972833252,-0.30486352303537523,0.0,1.0,0.0,0.0,0.0,0.0,0.0,1.0,1
4583,0.3640072499231584,1.4987080494735359,-0.7272680852305132,0.5840807260020958,0.39885376190344024,-0.7059548109652046,-0.5040232514872495,-0.5547581250607916,0.0,1.0,0.0,1.0,0.0,0.0,1.0,0.0,1
1818,-0.4065921341389956,-0.5736729733833892,-0.5811643063684745,-0.8439895087218553,0.39885376190344024,-0.44834787317170016,-0.1991487063271771,-0.2816562340627123,1.0,0.0,0.0,1.0,0.0,0.0,1.0,0.0,1
2426,0.14507830196647836,-0.5736729733833892,-0.7272680852305132,-0.8439895087218553,0.39885376190344024,-0.6029120358478028,-0.423315376082952,-0.4978374221624864,0.0,0.0,0.0,0.0,1.0,1.0,0.0,1.0,1
2275,-0.725297759422274,-0.5736729733833892,0.6461074360726506,0.5840807260020958,-2.5071845761908427,0.2626472751383721,1.2285942545033672,1.9515866721536677,1.0,1.0,0.0,0.0,0.0,0.0,1.0,0.0,0
1345,-0.8113437013369553,-0.5736729733833892,-0.4935020390512513,-0.12995439135987974,0.39885376190344024,-0.4668955726928325,0.37900096289463703,0.4992461566521288,0.0,0.0,1.0,0.0,0.0,0.0,0.0,1.0,1
278,-0.24701047590715772,0.48725907912337235,-0.7272680852305132,0.5840807260020958,0.39885376190344024,-0.7059548109652046,-0.46778016323701993,-0.5023301221363888,0.0,1.0,1.0,0.0,0.0,0.0,0.0,1.0,1
1758,1.683530923008403,-0.5736729733833892,1.288964063065621,0.5840807260020958,0.39885376190344024,0.7160354856549399,-0.26306546106853723,-0.20619688619754867,0.0,1.0,0.0,0.0,0.0,1.0,1.0,0.0,1
3084,-0.3936242173610738,-0.5736729733833892,0.0032508090796803113,0.5840807260020958,0.39885376190344024,-0.19074093537819567,-0.01655002875600556,0.1504038459740523,0.0,1.0,0.0,0.0,0.0,0.0,0.0,1.0,1
2105,1.7506589627999982,0.11207391889125619,1.5811716207896984,0.5840807260020958,0.39885376190344024,0.9221210358897434,-0.2635929610694794,-0.20695994952706076,0.0,1.0,0.0,0.0,0.0,0.0,1.0,0.0,1
1302,-0.3879793594695078,0.5655457464159005,-0.7272680852305132,0.5840807260020958,0.39885376190344024,-0.7059548109652046,-0.46007644863176905,-0.49118619397374685,0.0,0.0,0.0,1.0,0.0,1.0,0.0,1.0,1
654,4.8354975186774,-0.5736729733833892,-0.4935020390512513,2.012150960726047,0.39885376190344024,-0.6338248683830233,-0.5248706592650445,-0.5740555290151025,0.0,1.0,0.0,0.0,0.0,0.0,1.0,0.0,1
3421,-0.335039746270227,-0.5736729733833892,-0.7272680852305132,-0.12995439135987974,0.39885376190344024,-0.6647377009182438,-0.38051685033896865,-0.41633076333930347,0.0,1.0,0.0,1.0,0.0,0.0,0.0,0.0,1
1315,-0.7773219902607604,0.4351910598391909,-0.7272680852305132,-0.8439895087218553,0.39885376190344024,-0.6029120358478028,-0.3309750778619562,-0.4087865592458414,0.0,1.0,0.0,0.0,0.0,1.0,1.0,0.0,1
3807,-0.8845742902005138,0.3380712791885545,-0.7272680852305132,-1.5580246260838309,-2.5071845761908427,-0.499869260730401,-0.17889746231257647,-0.35096841978722987,0.0,1.0,0.0,0.0,0.0,1.0,1.0,0.0,0
184,-0.4128472469377579,0.38792363807766445,0.47078290143820417,0.5840807260020958,-2.5071845761908427,0.13899594499748985,-0.05936711383793659,0.08846612570056922,0.0,0.0,0.0,0.0,0.0,0.0,0.0,1.0,0
1306,-0.27294630946300136,-0.5736729733833892,-0.3473982601892126,0.5840807260020958,0.39885376190344024,-0.43804359565996,-0.2534431067762885,-0.19227751995892625,0.0,0.0,0.0,0.0,0.0,0.0,1.0,0.0,1
1372,-0.7896796521314859,-0.5736729733833892,-0.7272680852305132,0.5840807260020958,-2.5071845761908427,-0.7059548109652046,-0.15564183494437914,-0.05080156928352632,0.0,0.0,0.0,1.0,0.0,0.0,0.0,1.0,0
119,0.32845990157897276,0.1910991396488082,0.4123413898933887,0.5840807260020958,0.39885376190344024,0.09777883495052925,-0.26223773889892477,-0.20499953182119357,0.0,1.0,1.0,0.0,0.0,0.0,1.0,0.0,1
1909,-0.1992580294190456,-0.5736729733833892,0.032471564852088054,0.5840807260020958,0.39885376190344024,-0.17013238035471537,-0.12762917915178057,-0.010279426422112062,0.0,1.0,0.0,0.0,0.0,1.0,1.0,0.0,1
4703,0.15072315985804433,-0.5736729733833892,-0.7272680852305132,0.5840807260020958,0.39885376190344024,-0.7059548109652046,-0.4650665724809459,-0.49840473522915757,0.0,1.0,0.0,0.0,0.0,0.0,0.0,1.0,1
627,-0.36189096218686506,-0.5736729733833892,0.0032508090796803113,0.5840807260020958,0.39885376190344024,-0.19074093537819567,-0.041395937602206036,0.11446261015401152,0.0,1.0,1.0,0.0,0.0,0.0,0.0,1.0,1
3911,-0.14677610740016203,-0.5736729733833892,1.6688338881069216,0.5840807260020958,0.39885376190344024,0.9839467009601843,0.4622988843063717,0.8430901877408129,1.0,1.0,0.0,0.0,0.0,0.0,0.0,0.0,1
1488,-0.8186667602233112,-0.5736729733833892,1.17208103997599,-0.8439895087218553,0.39885376190344024,1.4064220789415316,4.437296145263416,4.189624700198987,0.0,0.0,0.0,0.0,0.0,0.0,1.0,0.0,1
1721,-0.43069720297325026,0.004245112997773982,1.8149376669689603,0.5840807260020958,0.39885376190344024,1.0869894760775862,0.5738685341893388,1.0044829997979292,0.0,0.0,1.0,0.0,0.0,0.0,1.0,0.0,0
1321,0.1055642967255166,-0.5736729733833892,-0.7272680852305132,2.012150960726047,0.39885376190344024,-0.7574761985239055,-0.48321378743137017,-0.49370966800610444,0.0,0.0,1.0,0.0,0.0,0.0,1.0,0.0,1
890,0.4056571473393073,-0.5736729733833892,0.09091307639690353,0.5840807260020958,0.39885376190344024,-0.12891527030775465,-0.28972596911312126,-0.2447630587068314,0.0,1.0,0.0,0.0,0.0,0.0,0.0,1.0,1
2607,-0.9114255061171519,-0.5736729733833892,-0.4935020390512513,-0.8439895087218553,0.39885376190344024,-0.35560937556603855,1.5127876477778839,1.3692958694985866,0.0,1.0,0.0,1.0,0.0,0.0,0.0,0.0,1
777,-0.4247472176280861,0.870199050738239,-0.7272680852305132,0.5840807260020958,-2.5071845761908427,-0.7059548109652046,-0.4664970645453155,-0.5004740357704442,0.0,0.0,0.0,0.0,0.0,1.0,0.0,1.0,0
4079,-0.4526663796323178,-0.5736729733833892,-0.7272680852305132,-0.12995439135987974,0.39885376190344024,-0.6647377009182438,-0.3470897082516973,-0.3760353031629579,1.0,1.0,1.0,0.0,0.0,1.0,0.0,1.0,1
2778,-0.32619105011588034,-0.03859098797360936,-0.7272680852305132,-0.8439895087218553,0.39885376190344024,-0.6029120358478028,-0.3901039570986038,-0.4658090924275712,0.0,1.0,0.0,0.0,0.0,1.0,1.0,0.0,1
1728,-0.034031513295641774,-0.5736729733833892,-0.7272680852305132,-1.5580246260838309,0.39885376190344024,-0.499869260730401,-0.35249754747568435,-0.47653037121048264,0.0,1.0,1.0,0.0,0.0,0.0,1.0,0.0,1
4804,-0.432222840241241,-0.5736729733833892,-0.7272680852305132,-2.2720597434458063,0.39885376190344024,-0.29378371049559754,-0.06348258184208681,-0.38415871009572056,0.0,0.0,0.0,0.0,0.0,0.0,0.0,0.0,1
145,0.3615662302943731,-0.5736729733833892,-0.7272680852305132,0.5840807260020958,0.39885376190344024,-0.7059548109652046,-0.4774521953268002,-0.5163213505655696,0.0,1.0,0.0,0.0,0.0,0.0,1.0,0.0,1
4527,0.3415803820836936,-0.5736729733833892,-0.7272680852305132,2.012150960726047,0.39885376190344024,-0.7574761985239055,-0.4941783767180674,-0.5148576641966772,0.0,1.0,0.0,0.0,0.0,0.0,1.0,0.0,1
4735,0.5734772468182955,-0.5736729733833892,-0.20129448132717387,0.5840807260020958,0.39885376190344024,-0.33500082054255825,-0.37728191007493517,-0.37141846668702017,1.0,1.0,1.0,0.0,0.0,0.0,0.0,1.0,1
1184,-0.7001247445004258,-0.09619815824546972,1.961041445830999,-2.2720597434458063,-2.5071845761908427,5.39417747598498,5.037724541512907,2.075584787613764,0.0,1.0,0.0,0.0,0.0,0.0,1.0,0.0,0
3518,1.0470350548026404,-0.5736729733833892,0.5292244129830197,-0.12995439135987974,0.39885376190344024,0.39866373829334234,-0.24867794683606984,-0.2574027499325853,1.0,1.0,0.0,0.0,0.0,1.0,1.0,0.0,1
3292,1.0427632704522662,2.7121513925077227,2.399352782417115,0.5840807260020958,0.39885376190344024,1.4991605765471934,-0.2140335038057704,-0.1352689459234401,0.0,1.0,0.0,0.0,0.0,0.0,1.0,0.0,1
3817,-0.36067045237247247,0.6194601493626416,-0.7272680852305132,-0.8439895087218553,-2.5071845761908427,-0.6029120358478028,-0.42195881324181744,-0.49652918411332414,0.0,0.0,1.0,0.0,0.0,1.0,0.0,0.0,0
2126,-0.7483348821689352,-0.09065900725779083,-0.7272680852305132,0.5840807260020958,0.39885376190344024,-0.7059548109652046,-0.3478052973383407,-0.3287786141422837,0.0,0.0,0.0,1.0,0.0,0.0,1.0,0.0,1
4340,0.5521183250664243,-0.5736729733833892,1.2305225515208054,-0.8439895087218553,-2.5071845761908427,1.4682477440119726,0.16372781429353717,0.06829354860018187,0.0,0.0,0.0,0.0,0.0,1.0,0.0,0.0,0
4100,-0.8140898484193387,0.7272889552561238,-0.2889567486443971,0.5840807260020958,0.39885376190344024,-0.39682648561299927,-0.22634956729773278,-0.15308493909476273,0.0,1.0,0.0,0.0,0.0,0.0,0.0,0.0,1
3951,-0.6552710088214962,0.9979688001873651,-0.7272680852305132,0.5840807260020958,0.39885376190344024,-0.7059548109652046,-0.45259074940657223,-0.4803576393494776,0.0,1.0,0.0,0.0,0.0,0.0,0.0,0.0,1
1684,-0.747877190988538,-0.5736729733833892,-0.7272680852305132,0.5840807260020958,0.39885376190344024,-0.7059548109652046,-0.21172316322320878,-0.13192688682564396,0.0,0.0,0.0,0.0,0.0,0.0,1.0,0.0,1
4589,-0.7237721221542833,0.8842315665736921,-0.7272680852305132,-1.5580246260838309,0.39885376190344024,-0.499869260730401,-0.3339469218641131,-0.4631130232309435,1.0,1.0,0.0,0.0,0.0,0.0,1.0,0.0,1
1401,0.11197197325107795,0.028986654076072982,-0.05519070246513517,-2.2720597434458063,-2.5071845761908427,1.128206586124547,0.1453175071376957,-0.28347770484153717,0.0,1.0,0.0,0.0,0.0,0.0,0.0,1.0,1
2090,-0.06606989592344861,0.3668748643244847,-0.7272680852305132,-2.2720597434458063,0.39885376190344024,-0.29378371049559754,-0.3315567146355604,-0.513420978632894,0.0,1.0,0.0,0.0,0.0,0.0,0.0,0.0,1
4793,-0.11351721495796255,-0.5736729733833892,-0.37661901596162034,0.5840807260020958,0.39885376190344024,-0.4586521506834403,-0.314613089843302,-0.2807639102185294,0.0,0.0,0.0,1.0,0.0,0.0,1.0,0.0,1
3593,-0.8102757552493618,-0.5736729733833892,-0.7272680852305132,0.5840807260020958,0.39885376190344024,-0.7059548109652046,-0.12050141635435865,3.1349696292223105e-05,0.0,0.0,0.0,0.0,0.0,0.0,0.0,0.0,1
4061,-0.1023800629016297,-0.5736729733833892,1.7564961554241447,-0.12995439135987974,0.39885376190344024,1.4373349114767524,0.6444983905369078,0.8192956839060646,1.0,1.0,1.0,0.0,0.0,0.0,0.0,0.0,1
2372,-0.1876631861823155,0.9447929507056478,-0.7272680852305132,-2.2720597434458063,0.39885376190344024,-0.29378371049559754,-0.3486490870198685,-0.5216627243248588,0.0,1.0,0.0,0.0,0.0,0.0,0.0,0.0,1
439,-0.32268208439950147,2.6035840331492164,1.2305225515208054,0.5840807260020958,0.39885376190344024,0.6748183756079791,-0.1755753299518774,-0.079636676472276,0.0,1.0,1.0,0.0,0.0,0.0,0.0,0.0,1
2771,-0.6271992830904656,-0.5736729733833892,-0.7272680852305132,0.5840807260020958,0.39885376190344024,-0.7059548109652046,-0.3098800534055271,-0.27391726275604683,0.0,1.0,0.0,0.0,0.0,0.0,0.0,0.0,1
3033,-0.6981414160520378,-0.5736729733833892,1.17208103997599,0.5840807260020958,0.39885376190344024,0.6336012655610185,1.603738057841627,2.494256774731509,0.0,1.0,0.0,0.0,0.0,0.0,0.0,1.0,1
593,-0.06073016548548081,-0.5736729733833892,-0.7272680852305132,0.5840807260020958,-2.5071845761908427,-0.7059548109652046,-0.4472878820974013,-0.4726866941785408,1.0,1.0,0.0,0.0,0.0,0.0,1.0,0.0,0
782,-0.023504616146505244,-0.5736729733833892,-0.7272680852305132,0.5840807260020958,0.39885376190344024,-0.7059548109652046,-0.4509542749295024,-0.47799037174586817,0.0,1.0,1.0,0.0,0.0,0.0,0.0,1.0,1
3336,-0.7884591423170932,0.2985586688097785,-0.7272680852305132,-0.12995439135987974,0.39885376190344024,-0.6647377009182438,-0.35513178749824836,-0.38572979882664227,0.0,1.0,0.0,0.0,0.0,0.0,0.0,1.0,1
2759,0.1940512582689831,-0.5736729733833892,-0.7272680852305132,-0.8439895087218553,0.39885376190344024,-0.6029120358478028,-0.42823979911267307,-0.502586422638029,0.0,1.0,0.0,0.0,0.0,0.0,0.0,1.0,1
561,2.904956119761839,0.35062668809395997,0.938314993796728,0.5840807260020958,0.39885376190344024,0.4687328253731756,-0.3956097930432887,-0.3979309508116825,1.0,0.0,1.0,0.0,0.0,0.0,1.0,0.0,1
395,-0.5246764586814836,1.2867432050116907,1.6688338881069216,0.5840807260020958,0.39885376190344024,0.9839467009601843,0.15501196223707964,0.3985795120045222,0.0,0.0,1.0,0.0,0.0,0.0,0.0,1.0,1
2786,-0.6349800331572186,-0.5736729733833892,-0.7272680852305132,-0.12995439135987974,0.39885376190344024,-0.6647377009182438,-0.2569006542385122,-0.2673149876528129,1.0,1.0,1.0,0.0,0.0,0.0,1.0,0.0,1
2201,-0.39621780071665813,-0.5736729733833892,-0.5519435505960668,-0.12995439135987974,0.39885376190344024,-0.5163561047491853,-0.25501407576401375,-0.26504077146076677,1.0,0.0,1.0,0.0,0.0,1.0,1.0,0.0,1
49,-0.8569602556498803,-0.5736729733833892,-0.6103850621408823,0.5840807260020958,0.39885376190344024,-0.6235205908712832,0.20278218498485243,0.4676822705947409,0.0,1.0,1.0,0.0,0.0,1.0,0.0,1.0,1
1429,-0.43908820794719966,-0.5736729733833892,2.3116905150998917,0.5840807260020958,0.39885376190344024,1.4373349114767524,1.3124778306407885,2.07292976368821,0.0,1.0,0.0,0.0,0.0,0.0,0.0,1.0,1
3936,0.9974518435929394,-0.5736729733833892,-0.11363221400995065,-0.8439895087218553,-2.5071845761908427,0.04625744739182827,-0.3236774342731279,-0.40174887936648923,0.0,1.0,0.0,0.0,0.0,0.0,0.0,1.0,0
3576,-0.6545081901875008,1.2896974188717862,-0.7272680852305132,0.5840807260020958,0.39885376190344024,-0.7059548109652046,-0.46254417439125256,-0.4947559210467151,0.0,1.0,0.0,0.0,0.0,1.0,0.0,0.0,1
3740,-0.6165198222145299,0.28600325990437303,0.5584451687554274,-0.8439895087218553,0.39885376190344024,0.7572525957019005,0.4724027656171816,0.36597258262645366,0.0,0.0,0.0,0.0,0.0,0.0,0.0,1.0,1
3833,-0.7997488581002252,-0.5736729733833892,-0.7272680852305132,-1.5580246260838309,0.39885376190344024,-0.499869260730401,0.26896204732036505,-0.027039350627281935,0.0,1.0,0.0,0.0,0.0,1.0,1.0,0.0,0
2263,-0.7216362299790962,-0.5736729733833892,-0.4935020390512513,-0.12995439135987974,0.39885376190344024,-0.4668955726928325,0.11786994013438731,0.18446020513487824,0.0,0.0,0.0,0.0,0.0,1.0,1.0,0.0,1
4504,-0.4081177714069864,-0.5736729733833892,-0.3473982601892126,0.5840807260020958,-2.5071845761908427,-0.43804359565996,-0.19055030357670982,-0.10129895744499627,0.0,1.0,1.0,0.0,0.0,0.0,1.0,0.0,0
4737,-0.2694373437466225,1.3587521678515162,-0.37661901596162034,0.5840807260020958,0.39885376190344024,-0.4586521506834403,-0.4099387526208194,-0.4186587301181182,0.0,0.0,1.0,0.0,0.0,1.0,1.0,0.0,1
2756,-0.16340555362126177,-0.5736729733833892,1.7857169111965525,-1.5580246260838309,0.39885376190344024,3.04480220330822,1.599769044239663,0.9355104277550638,1.0,1.0,0.0,0.0,0.0,0.0,0.0,0.0,0
1925,-0.6805965874701436,1.617984434074888,-0.7272680852305132,-1.5580246260838309,-2.5071845761908427,-0.499869260730401,-0.39239339924736316,-0.5053863536107113,0.0,0.0,1.0,0.0,0.0,0.0,0.0,0.0,0
849,-0.5495443461497337,-0.5736729733833892,-0.7272680852305132,-1.5580246260838309,0.39885376190344024,-0.499869260730401,-0.1475971743655533,-0.32832946064705804,0.0,1.0,0.0,0.0,0.0,0.0,0.0,1.0,1
4049,-0.01282515527056963,1.0186482972080328,0.032471564852088054,0.5840807260020958,0.39885376190344024,-0.17013238035471537,-0.33796690240975136,-0.3145467309615163,1.0,1.0,0.0,0.0,0.0,1.0,1.0,0.0,1
1414,-0.5918044984730789,-0.03305183698593048,-0.4058397717340281,-1.5580246260838309,0.39885376190344024,-0.04648105021383322,0.0657359708661498,-0.17402927125841075,0.0,1.0,0.0,0.0,0.0,0.0,1.0,0.0,1
3560,-0.13655433770462366,-0.5736729733833892,-0.7272680852305132,-1.5580246260838309,0.39885376190344024,-0.499869260730401,-0.3303780812889627,-0.46053174231444305,0.0,1.0,0.0,0.0,0.0,0.0,0.0,0.0,1
1221,-0.0791903764281695,-0.5736729733833892,-0.7272680852305132,0.5840807260020958,0.39885376190344024,-0.7059548109652046,-0.44536432326328146,-0.46990414023379373,1.0,0.0,0.0,0.0,0.0,0.0,0.0,1.0,1
2189,0.1607923658267836,2.507941359428628,3.8019490594926864,0.5840807260020958,-2.5071845761908427,2.4883712176742505,0.10637081845665698,0.3282169090508366,0.0,1.0,0.0,0.0,0.0,0.0,0.0,0.0,0
2367,-0.8485692506759309,0.05631313228195546,0.38312063412098096,-0.8439895087218553,0.39885376190344024,0.5717756004905774,1.015374800804308,0.8896023434628387,0.0,1.0,0.0,0.0,0.0,1.0,0.0,0.0,1
683,0.06925412974733551,-0.5736729733833892,2.165586736237853,0.5840807260020958,0.39885376190344024,1.3342921363593505,0.41587216551052497,0.7759308956850745,0.0,0.0,0.0,0.0,1.0,1.0,0.0,1.0,1
2496,-0.44000359030799413,-0.5736729733833892,-0.7272680852305132,-2.2720597434458063,0.39885376190344024,-0.29378371049559754,-0.05720602992903475,-0.3811322288369058,1.0,1.0,0.0,0.0,0.0,1.0,1.0,0.0,1
358,-0.0692737341862293,-0.5736729733833892,0.8506527264795047,-0.8439895087218553,0.39885376190344024,1.066380921054106,0.42207021443843457,0.3174330262072553,1.0,1.0,0.0,0.0,0.0,0.0,1.0,0.0,1
2509,-0.7796104461627467,-0.5736729733833892,-0.7272680852305132,0.5840807260020958,0.39885376190344024,-0.7059548109652046,-0.17079748506181539,-0.07272521064632159,0.0,1.0,1.0,0.0,0.0,1.0,0.0,1.0,1
1660,1.1108066926046558,2.324780100102713,-0.7272680852305132,0.5840807260020958,0.39885376190344024,-0.7059548109652046,-0.5181173443708438,-0.5751461542987031,0.0,1.0,0.0,0.0,0.0,1.0,1.0,0.0,1
4932,1.5192197892457937,-0.5736729733833892,0.2077960994865345,-0.8439895087218553,0.39885376190344024,0.3862986052792542,-0.30609237246856924,-0.3847902496207774,0.0,1.0,1.0,0.0,0.0,0.0,1.0,0.0,1
865,-0.4900444926980924,0.528618073164708,0.8798734822519125,0.5840807260020958,0.39885376190344024,0.4275157153262148,0.08640045702412089,0.29932847216163894,0.0,1.0,0.0,0.0,1.0,0.0,1.0,0.0,1
2828,0.5652388055711451,-0.5736729733833892,-0.5811643063684745,-0.8439895087218553,0.39885376190344024,-0.44834787317170016,-0.4099948714319598,-0.48499143339583617,1.0,0.0,0.0,0.0,0.0,0.0,1.0,0.0,1
2910,-0.5512225471445236,-0.5736729733833892,-0.7272680852305132,0.5840807260020958,0.39885376190344024,-0.7059548109652046,-0.3468082963765648,-0.3273363868966711,0.0,0.0,1.0,0.0,0.0,0.0,1.0,0.0,1
2618,0.041182404016304755,1.6334940568403886,0.26623761103134996,0.5840807260020958,0.39885376190344024,-0.005263940166872497,-0.33098943610301185,-0.30445336856896843,1.0,1.0,0.0,0.0,0.0,0.0,1.0,0.0,1
952,-0.7643540734828386,-0.5736729733833892,-0.7272680852305132,0.5840807260020958,0.39885376190344024,-0.7059548109652046,-0.19164991819094346,-0.10288962206531568,1.0,1.0,0.0,0.0,0.0,0.0,1.0,0.0,0
2248,-0.39530241835586366,-0.5736729733833892,-0.522722794823659,-0.8439895087218553,0.39885376190344024,-0.38652220810125915,-0.1596288823939574,-0.2435442234739605,0.0,1.0,0.0,0.0,0.0,1.0,1.0,0.0,1
4136,-0.3228346481263006,-0.5736729733833892,0.032471564852088054,-0.12995439135987974,-2.5071845761908427,-0.021750784185656825,0.04313408267814081,0.09436827445140003,0.0,1.0,0.0,1.0,0.0,0.0,1.0,0.0,1
2351,0.18840640037741713,-0.33364309725063773,2.048703713148222,-0.8439895087218553,0.39885376190344024,2.3338070549981476,0.6155678993073972,0.5040377496262257,0.0,1.0,0.0,0.0,0.0,0.0,0.0,1.0,1
1635,-0.4970624241308501,-0.5736729733833892,-0.7272680852305132,0.5840807260020958,0.39885376190344024,-0.7059548109652046,-0.36682160905336136,-0.3562869555761885,0.0,0.0,0.0,0.0,0.0,1.0,0.0,1.0,1
191,0.4477647359358534,-0.5736729733833892,-0.4935020390512513,-1.5580246260838309,0.39885376190344024,-0.17013238035471537,-0.31019670409382455,-0.44593489980339585,1.0,1.0,0.0,1.0,0.0,1.0,0.0,1.0,1
3063,-0.5489340912425373,0.1907298629162963,-0.7272680852305132,0.5840807260020958,0.39885376190344024,-0.7059548109652046,-0.4258964040031488,-0.44174251888256116,0.0,1.0,0.0,1.0,0.0,0.0,0.0,1.0,1
2331,-0.3318359080074463,0.2900653039620042,-0.7272680852305132,0.5840807260020958,-2.5071845761908427,-0.7059548109652046,-0.4553478755709505,-0.4843460030786104,0.0,0.0,0.0,0.0,0.0,1.0,0.0,1.0,0
4858,-0.20749647066619595,3.7173226584051835,-0.7272680852305132,2.012150960726047,0.39885376190344024,-0.7574761985239055,-0.5191742715593752,-0.5630685980549365,0.0,1.0,1.0,0.0,0.0,0.0,1.0,0.0,1
702,-0.613010856498151,-0.5736729733833892,-0.7272680852305132,0.5840807260020958,0.39885376190344024,-0.7059548109652046,-0.31777449614285935,-0.2853370916641632,0.0,0.0,0.0,0.0,0.0,0.0,0.0,1.0,1
4154,0.6157373991416407,-0.27234315965365813,2.3409112708722994,0.5840807260020958,0.39885376190344024,1.4579434665002327,0.08582801942251157,0.2985004036470573,0.0,0.0,0.0,1.0,0.0,0.0,1.0,0.0,1
2689,0.1839820523002438,0.5031379786213851,-0.4935020390512513,-0.12995439135987974,0.39885376190344024,-0.4668955726928325,-0.42051938855303933,-0.4645526747832863,1.0,0.0,0.0,0.0,0.0,0.0,1.0,0.0,1
2660,-0.7471143723545426,0.963995340796268,-0.7272680852305132,0.5840807260020958,-2.5071845761908427,-0.7059548109652046,-0.44177497355431133,-0.4647119105943286,0.0,0.0,0.0,0.0,0.0,1.0,0.0,0.0,0
1931,0.07581436999969596,0.730981722581243,-0.7272680852305132,-2.2720597434458063,-2.5071845761908427,-0.29378371049559754,-0.36968516988234235,-0.5318060819237592,0.0,1.0,0.0,0.0,0.0,0.0,1.0,0.0,0
3008,0.7429755472920736,0.5408042053376015,-0.7272680852305132,-1.5580246260838309,0.39885376190344024,-0.499869260730401,-0.4600051896719687,-0.5542887970453276,0.0,1.0,0.0,0.0,0.0,0.0,0.0,1.0,1
3991,-0.5255918410422781,2.1139230858384037,-0.6103850621408823,-1.5580246260838309,0.39885376190344024,-0.33500082054255825,-0.37846400964110294,-0.49531146603531917,0.0,1.0,0.0,1.0,0.0,1.0,0.0,0.0,1
1794,-0.15059020057013903,-0.5736729733833892,0.6461074360726506,-0.8439895087218553,0.39885376190344024,0.8499910933075622,0.3949865067565641,0.291314120523406,0.0,0.0,1.0,0.0,0.0,0.0,0.0,1.0,1
3496,0.39985972572094225,0.8033599621535804,1.6396131323345138,0.5840807260020958,0.39885376190344024,0.9633381459367041,-0.10333304400627799,0.02486652570165667,0.0,1.0,1.0,0.0,0.0,0.0,0.0,1.0,1
4483,0.12753347338458412,-0.5736729733833892,0.9090942380243203,0.5840807260020958,0.39885376190344024,0.4481242703496953,0.006751379795079518,0.1841108608736794,0.0,1.0,1.0,0.0,0.0,0.0,0.0,1.0,1
3642,-0.7002773082272249,-0.5736729733833892,-0.7272680852305132,2.012150960726047,-2.5071845761908427,-0.7574761985239055,-0.33092646659746566,-0.1999848784441911,0.0,0.0,0.0,0.0,0.0,1.0,0.0,0.0,0
52,-0.6035519054366081,0.4137730093534992,0.7922112149346893,-2.2720597434458063,-2.5071845761908427,2.921150873167337,1.611978745641874,0.4237295026910432,0.0,0.0,0.0,0.0,0.0,1.0,1.0,0.0,0
4151,0.808425386088879,-0.5736729733833892,-0.7272680852305132,-0.12995439135987974,0.39885376190344024,-0.6647377009182438,-0.4837551871013762,-0.5407816145912819,0.0,1.0,0.0,1.0,0.0,0.0,0.0,0.0,1
2404,1.8200754584935799,-0.5736729733833892,0.6168866803002429,-0.12995439135987974,0.39885376190344024,0.4728545363778716,-0.31708169820247606,-0.33986150850373037,0.0,1.0,0.0,0.0,0.0,1.0,1.0,0.0,1
4336,-0.8413987555163741,0.11909017680898278,-0.7272680852305132,0.5840807260020958,-2.5071845761908427,-0.7059548109652046,-0.34516675170992017,-0.3249617849314858,0.0,1.0,0.0,0.0,0.0,0.0,0.0,1.0,1
1835,-0.03860842509961418,-0.5736729733833892,-0.6688265736856978,2.012150960726047,0.39885376190344024,-0.7265633659886849,-0.459288835354071,-0.44756431936051316,0.0,0.0,0.0,0.0,0.0,0.0,0.0,0.0,1
2716,0.19679740535136653,0.454393449929811,-0.7272680852305132,0.5840807260020958,-2.5071845761908427,-0.7059548109652046,-0.4883960112504185,-0.5321522976770909,0.0,0.0,1.0,0.0,0.0,0.0,0.0,1.0,1
3948,-0.4406138452151905,0.1238907743316378,-0.7272680852305132,-2.2720597434458063,-2.5071845761908427,-0.29378371049559754,-0.21605102892912237,-0.45772546333728525,0.0,1.0,0.0,0.0,0.0,0.0,0.0,0.0,0
4736,-0.6416928371363781,0.11539740948386351,1.376626330382844,-0.12995439135987974,0.39885376190344024,1.1158414531104586,0.8650102447418858,1.0851163938049335,1.0,1.0,0.0,0.0,1.0,0.0,0.0,1.0,1
1411,0.1301270567401685,-0.5736729733833892,-0.7272680852305132,0.5840807260020958,-2.5071845761908427,-0.7059548109652046,-0.46361736262170167,-0.4963083581706145,0.0,0.0,0.0,1.0,0.0,0.0,0.0,1.0,0
3477,-0.9007460452412163,-0.5736729733833892,-0.7272680852305132,-0.8439895087218553,0.39885376190344024,-0.6029120358478028,0.5093032495740945,0.40155856189782835,0.0,0.0,0.0,0.0,1.0,0.0,1.0,0.0,0
2067,-0.36646787399083747,-0.5736729733833892,-0.7272680852305132,0.5840807260020958,0.39885376190344024,-0.7059548109652046,-0.401839420671475,-0.4069425155341348,0.0,1.0,0.0,0.0,0.0,0.0,1.0,0.0,1
1785,-0.8063090983525857,-0.5736729733833892,-0.7272680852305132,0.5840807260020958,0.39885376190344024,-0.7059548109652046,-0.12775103509146324,-0.01045569902664104,0.0,1.0,0.0,1.0,0.0,1.0,0.0,1.0,1
1434,-0.3838601388459326,-0.5736729733833892,2.9253263863204544,0.5840807260020958,0.39885376190344024,1.8701145669698396,1.4696675996933124,2.3003150685682296,0.0,1.0,0.0,0.0,0.0,0.0,0.0,1.0,1
662,-0.3094090401679815,0.22950391983004845,-0.5811643063684745,-1.5580246260838309,0.39885376190344024,-0.29378371049559754,-0.27058459816905894,-0.4172841458868582,0.0,1.0,0.0,0.0,0.0,0.0,0.0,0.0,1
1771,1.869963797156879,-0.5736729733833892,-0.7272680852305132,0.5840807260020958,0.39885376190344024,-0.7059548109652046,-0.5137075864162647,-0.5687671503533889,0.0,0.0,0.0,1.0,0.0,0.0,1.0,0.0,1
3083,-0.7330785094890272,-0.5736729733833892,-0.7272680852305132,-0.12995439135987974,0.39885376190344024,-0.6647377009182438,-0.1640184015651987,-0.1553480984728981,0.0,0.0,1.0,0.0,0.0,0.0,1.0,0.0,1
1483,-0.49523165940926117,-0.5736729733833892,-0.7272680852305132,-1.5580246260838309,0.39885376190344024,-0.499869260730401,-0.1874647122005561,-0.35716496406458237,0.0,0.0,1.0,0.0,0.0,0.0,0.0,1.0,1
489,0.4781249175688704,-0.5736729733833892,-0.4935020390512513,-0.12995439135987974,0.39885376190344024,-0.4668955726928325,-0.4079213420852023,-0.449366091424795,0.0,1.0,0.0,0.0,0.0,0.0,1.0,0.0,1
4358,0.16353851290916707,-0.5736729733833892,-0.46428128327884355,0.5840807260020958,0.39885376190344024,-0.5204778157538814,-0.3926390239749977,-0.3936335386175355,0.0,1.0,1.0,0.0,0.0,0.0,0.0,1.0,1
4623,0.35042907823804026,-0.5736729733833892,-0.522722794823659,0.5840807260020958,0.39885376190344024,-0.561694925800842,-0.42754159321459917,-0.4441223929207115,1.0,1.0,0.0,0.0,0.0,1.0,0.0,0.0,1
1933,-0.35105893758413037,-0.5736729733833892,0.938314993796728,0.5840807260020958,-2.5071845761908427,0.4687328253731756,0.40599749723636913,0.761646540732191,0.0,0.0,1.0,0.0,0.0,0.0,0.0,0.0,0
1110,-0.39621780071665813,-0.5736729733833892,-0.7272680852305132,2.012150960726047,0.39885376190344024,-0.7574761985239055,-0.43318213377626846,-0.39721091249048746,1.0,1.0,0.0,1.0,0.0,1.0,0.0,1.0,1
2481,1.927175194706534,0.48430486526327693,1.055198016886359,0.5840807260020958,0.39885376190344024,0.551167045467097,-0.3429580663175792,-0.3217667767299426,0.0,1.0,0.0,0.0,1.0,0.0,1.0,0.0,1
1209,1.9997955286628963,0.4045410910407011,-0.4935020390512513,-2.2720597434458063,0.39885376190344024,0.200821610067931,-0.3936980470719339,-0.5433848155646602,0.0,1.0,0.0,0.0,0.0,0.0,1.0,0.0,1
3843,-0.7896796521314859,-0.5736729733833892,-0.7272680852305132,-0.8439895087218553,0.39885376190344024,-0.6029120358478028,0.04023346127036501,-0.05080156928352632,0.0,1.0,0.0,0.0,0.0,0.0,0.0,1.0,1
3798,-0.7011926905880194,-0.1700535047478548,-0.08441145823754291,0.5840807260020958,0.39885376190344024,-0.2525666004486368,0.07316510630254515,0.280182669752489,0.0,0.0,1.0,0.0,0.0,0.0,0.0,1.0,1
3326,-0.2915590841324891,0.7590467542521494,-0.1428529697823584,-0.8439895087218553,-2.5071845761908427,0.01534461485660781,-0.20782003224471277,-0.29001866163187556,0.0,1.0,0.0,0.0,0.0,0.0,1.0,0.0,0
3407,-0.21039518147537847,-0.5736729733833892,-0.522722794823659,0.5840807260020958,0.39885376190344024,-0.561694925800842,-0.3465094677098224,-0.3269041116417123,0.0,1.0,0.0,0.0,0.0,0.0,1.0,0.0,1
1107,-0.7170593181751237,-0.5736729733833892,-0.7272680852305132,-0.8439895087218553,-2.5071845761908427,-0.6029120358478028,-0.09195459307493498,-0.17828069306271283,0.0,0.0,0.0,0.0,0.0,0.0,1.0,0.0,1
4322,0.9504622157388226,-0.5736729733833892,-0.7272680852305132,-0.8439895087218553,0.39885376190344024,-0.6029120358478028,-0.4735225471518424,-0.5462560648832189,1.0,1.0,0.0,0.0,0.0,0.0,1.0,0.0,1
539,-0.567241738458427,-0.5736729733833892,1.6980546438793294,-1.5580246260838309,-2.5071845761908427,2.921150873167337,3.3099219920803327,2.172434598393292,0.0,1.0,0.0,0.0,0.0,1.0,0.0,0.0,0
2582,-0.32130901085830976,-0.5736729733833892,2.0779244689206298,2.012150960726047,0.39885376190344024,0.72633976316668,0.5370330979118373,1.4740956624552195,0.0,1.0,1.0,0.0,0.0,0.0,0.0,0.0,1
4897,-0.7338413281230226,-0.5736729733833892,-0.5811643063684745,0.5840807260020958,0.39885376190344024,-0.6029120358478028,-0.06698043466372726,0.07745295806531828,0.0,1.0,1.0,0.0,0.0,0.0,1.0,0.0,1
2808,0.5196222512582203,-0.5736729733833892,0.7922112149346893,0.5840807260020958,-2.5071845761908427,0.3656900502557739,-0.15771134501982356,-0.053795251266098354,0.0,0.0,0.0,0.0,0.0,0.0,1.0,0.0,0
1731,-0.4728047915697964,1.325517261925443,-0.7272680852305132,-0.8439895087218553,0.39885376190344024,-0.6029120358478028,-0.43862194685732797,-0.5125987274865247,1.0,0.0,0.0,0.0,0.0,0.0,1.0,0.0,1
2955,1.9943032344981293,-0.5736729733833892,-0.7272680852305132,-1.5580246260838309,0.39885376190344024,-0.499869260730401,-0.4827835203360196,-0.5707639712692062,0.0,0.0,0.0,0.0,0.0,0.0,1.0,0.0,1
2805,-0.8587910203714693,3.117247968073305,0.17857534371412676,-0.8439895087218553,0.39885376190344024,0.3553857727440337,-0.1940391385844006,-0.27672868427793323,0.0,0.0,0.0,0.0,0.0,0.0,1.0,0.0,1
2441,1.2243141053431716,-0.366878003176711,2.1363659804654453,0.5840807260020958,0.39885376190344024,1.31368358133587,-0.09685762488629546,0.0342336439288686,0.0,0.0,0.0,0.0,0.0,1.0,0.0,0.0,1
1922,-0.7219413574326943,-0.5736729733833892,-0.7272680852305132,0.5840807260020958,0.39885376190344024,-0.7059548109652046,-0.2391050129859784,-0.17153652741494868,0.0,1.0,0.0,0.0,0.0,1.0,1.0,0.0,1
3405,-0.9410228691161735,0.5640686394858528,-0.4935020390512513,-1.5580246260838309,0.39885376190344024,-0.17013238035471537,0.07285308018947369,-0.16888158867352293,0.0,0.0,0.0,0.0,0.0,0.0,0.0,1.0,1
1542,1.7924614239429464,-0.5736729733833892,1.8733791785137757,0.5840807260020958,-2.5071845761908427,1.128206586124547,-0.20478738462217494,-0.12189382843206995,0.0,1.0,0.0,0.0,0.0,1.0,0.0,1.0,0
222,0.2584331509781949,-0.5736729733833892,-0.7272680852305132,0.5840807260020958,0.39885376190344024,-0.7059548109652046,-0.4718964260126031,-0.5082845660663847,0.0,1.0,0.0,1.0,0.0,0.0,0.0,0.0,1
4378,-0.09032752848450236,-0.5736729733833892,-0.7272680852305132,-0.8439895087218553,0.39885376190344024,-0.6029120358478028,-0.39255527162570863,-0.4681730838606112,0.0,1.0,0.0,0.0,0.0,1.0,0.0,0.0,1
854,1.2961716206655385,-0.5736729733833892,-0.7272680852305132,-0.12995439135987974,0.39885376190344024,-0.6647377009182438,-0.4970420377512688,-0.5567985316173915,1.0,1.0,1.0,0.0,0.0,1.0,0.0,0.0,1
714,-0.312307750977164,-0.5736729733833892,-0.7272680852305132,-0.8439895087218553,0.39885376190344024,-0.6029120358478028,-0.34531516644358,-0.4226158113394238,0.0,0.0,1.0,0.0,0.0,0.0,0.0,1.0,1
728,-0.5530533118661125,0.2597846118960263,-0.7272680852305132,-0.12995439135987974,0.39885376190344024,-0.6647377009182438,-0.4058789975094709,-0.44690410366936867,0.0,0.0,1.0,0.0,0.0,1.0,1.0,0.0,1
3938,-0.47295735529659544,-0.5736729733833892,1.6396131323345138,0.5840807260020958,0.39885376190344024,0.9633381459367041,1.0259353017482218,1.6584272124976374,0.0,1.0,0.0,1.0,0.0,0.0,0.0,1.0,1
3820,-0.49538422313606023,1.2247047139496874,1.3474055746104363,0.5840807260020958,0.39885376190344024,0.7572525957019005,0.06927007645754893,0.2745482537586258,0.0,1.0,1.0,0.0,0.0,0.0,1.0,0.0,1
324,-0.7045490925775991,-0.5736729733833892,2.9253263863204544,0.5840807260020958,0.39885376190344024,1.8701145669698396,3.398630373530989,5.090686166350856,0.0,1.0,0.0,1.0,0.0,0.0,0.0,0.0,0
1646,-0.3943870359950692,-0.5736729733833892,0.6168866803002429,0.5840807260020958,0.39885376190344024,0.2420387201148916,0.3029591303837362,0.6125947888125319,0.0,0.0,1.0,0.0,0.0,1.0,1.0,0.0,0
622,2.339554948244448,-0.5736729733833892,-0.7272680852305132,-0.8439895087218553,0.39885376190344024,-0.6029120358478028,-0.5038861993310461,-0.5755380737130773,0.0,1.0,0.0,0.0,0.0,1.0,0.0,0.0,1
1984,0.5673746977463323,1.206610154056603,1.6688338881069216,-0.8439895087218553,0.39885376190344024,1.9319402320402808,0.029977943026248396,-0.060691755549876596,0.0,0.0,0.0,0.0,0.0,0.0,0.0,0.0,1
1391,-0.6038570328902062,-0.5736729733833892,-0.37661901596162034,0.5840807260020958,0.39885376190344024,-0.4586521506834403,-0.052838145538460175,0.09791070632612087,0.0,1.0,0.0,0.0,0.0,0.0,0.0,0.0,1
3371,-0.7516912841585149,-0.5736729733833892,-0.7272680852305132,0.5840807260020958,0.39885376190344024,-0.7059548109652046,-0.2072807431047511,-0.12550063491924227,0.0,1.0,1.0,0.0,0.0,0.0,1.0,0.0,1
3497,-0.31841030004912724,-0.5736729733833892,0.5292244129830197,0.5840807260020958,0.39885376190344024,0.18021305504445068,0.17265327983634887,0.42409883431776196,0.0,0.0,0.0,0.0,0.0,0.0,1.0,0.0,1
772,0.20366277305732514,-0.5736729733833892,-0.7272680852305132,-0.8439895087218553,0.39885376190344024,-0.6029120358478028,-0.4291607432398299,-0.5034745600038523,0.0,0.0,1.0,0.0,0.0,0.0,0.0,1.0,1
3613,-0.010689263095382508,-0.5736729733833892,-0.7272680852305132,0.5840807260020958,0.39885376190344024,-0.7059548109652046,-0.45215510576337825,-0.4797274522627239,0.0,1.0,0.0,0.0,0.0,0.0,0.0,1.0,1
3565,-0.25845275541708873,4.237264297781975,0.7922112149346893,0.5840807260020958,0.39885376190344024,0.3656900502557739,-0.3279257593946368,-0.3000215593832517,1.0,1.0,1.0,0.0,0.0,0.0,1.0,0.0,1
4253,-0.7268233966902649,-0.13718787555429343,-0.7272680852305132,-0.8439895087218553,0.39885376190344024,-0.6029120358478028,-0.24940032552583374,-0.33011774153899553,1.0,0.0,0.0,0.0,0.0,0.0,0.0,1.0,1
2436,-0.3649422367228467,-0.5736729733833892,-0.08441145823754291,0.5840807260020958,0.39885376190344024,-0.2525666004486368,-0.08267563056781989,0.054748828354362226,0.0,0.0,0.0,0.0,0.0,1.0,1.0,0.0,1
3665,-0.7657271470240303,1.0563145239242493,-0.7272680852305132,0.5840807260020958,0.39885376190344024,-0.7059548109652046,-0.44395160116482546,-0.46786054511303987,0.0,1.0,0.0,0.0,1.0,0.0,1.0,0.0,1
3413,-0.6545081901875008,-0.5736729733833892,-0.6688265736856978,2.012150960726047,0.39885376190344024,-0.7265633659886849,-0.3184835301347841,-0.17598551412403488,1.0,1.0,1.0,0.0,0.0,0.0,0.0,0.0,1
599,-0.025945635775290528,-0.5736729733833892,-0.7272680852305132,0.5840807260020958,0.39885376190344024,-0.7059548109652046,-0.45072210363261556,-0.4776545207458622,0.0,1.0,0.0,0.0,0.0,1.0,1.0,0.0,1
2357,-0.19895290196544746,-0.07478010775977804,-0.7272680852305132,2.012150960726047,-2.5071845761908427,-0.7574761985239055,-0.47718213614725086,-0.48207609605515345,0.0,1.0,0.0,1.0,0.0,1.0,1.0,0.0,1
1527,1.5372223090080852,-0.5736729733833892,-0.7272680852305132,0.5840807260020958,0.39885376190344024,-0.7059548109652046,-0.5093583892739173,-0.5624757515927894,0.0,1.0,0.0,0.0,0.0,0.0,1.0,0.0,1
730,-0.16294786244086454,1.6242621385275906,0.5000036572106119,0.5840807260020958,0.39885376190344024,0.15960450002097037,-0.26184977333637377,-0.20443831420343553,0.0,0.0,0.0,1.0,0.0,0.0,0.0,1.0,1
429,-0.8561974370158849,-0.5736729733833892,-0.7272680852305132,0.5840807260020958,0.39885376190344024,-0.7059548109652046,-0.013778663599481381,0.15441280733870416,0.0,1.0,1.0,0.0,0.0,0.0,1.0,0.0,1
2845,-0.7281964702314566,-0.5736729733833892,1.2305225515208054,-2.2720597434458063,0.39885376190344024,3.848535849223953,6.716963638998496,2.8852945977151716,1.0,0.0,0.0,0.0,0.0,0.0,0.0,0.0,0
2931,-0.5190316007899177,0.5906565642267114,-0.7272680852305132,0.5840807260020958,0.39885376190344024,-0.7059548109652046,-0.44955917450583643,-0.4759722675328164,0.0,1.0,0.0,0.0,0.0,0.0,0.0,1.0,1
102,-0.46990608076061385,-0.2490787255054068,0.8214319707070971,0.5840807260020958,0.39885376190344024,0.3862986052792542,0.32965353600239994,0.6512099963847406,1.0,1.0,0.0,0.0,0.0,0.0,1.0,0.0,0
2520,-0.17728885275997808,-0.08585840973513581,-0.7272680852305132,0.5840807260020958,0.39885376190344024,-0.7059548109652046,-0.45528189381338574,-0.48425055614112317,0.0,1.0,0.0,0.0,1.0,0.0,1.0,0.0,1
2804,-0.3452615159657653,-0.5736729733833892,-0.7272680852305132,0.5840807260020958,0.39885376190344024,-0.7059548109652046,-0.4062830551831448,-0.4133705241399226,0.0,1.0,1.0,0.0,0.0,0.0,0.0,0.0,1
612,-0.10176980799443337,-0.5736729733833892,1.7564961554241447,0.5840807260020958,0.39885376190344024,1.0457723660306257,0.4452038045421236,0.8183610342623635,0.0,1.0,0.0,0.0,0.0,0.0,0.0,0.0,1
4011,-0.7963924561106455,-0.5736729733833892,-0.1428529697823584,0.5840807260020958,0.39885376190344024,-0.29378371049559754,0.6602597748523749,1.129453592448674,0.0,1.0,1.0,0.0,0.0,0.0,0.0,1.0,0
2202,0.29367537186878245,-0.5736729733833892,-0.46428128327884355,0.5840807260020958,0.39885376190344024,-0.5204778157538814,-0.4077408033022184,-0.41547925235100014,1.0,1.0,0.0,1.0,0.0,1.0,1.0,0.0,1
4810,0.3334945045633424,-0.5736729733833892,0.0032508090796803113,0.5840807260020958,-2.5071845761908427,-0.19074093537819567,-0.29759811493826843,-0.2561506336698874,1.0,1.0,0.0,1.0,0.0,0.0,1.0,0.0,0
2602,-0.5889057876638965,0.9137737051746462,0.032471564852088054,0.5840807260020958,0.39885376190344024,-0.17013238035471537,-0.21622182346440316,-0.13843449375618033,0.0,0.0,1.0,0.0,0.0,1.0,1.0,0.0,1
3969,1.065647829472128,-0.5736729733833892,0.6461074360726506,-0.12995439135987974,0.39885376190344024,0.4975848024060481,-0.22897336747697394,-0.23364944518451242,0.0,1.0,1.0,0.0,0.0,1.0,1.0,0.0,1
3025,-0.4903496201516906,-0.5736729733833892,0.4123413898933887,-0.12995439135987974,0.39885376190344024,0.29974267418063677,0.5013941669948283,0.6467876505913492,0.0,1.0,0.0,1.0,0.0,1.0,0.0,0.0,1
4856,0.4650044370641495,2.7664350721869755,-0.11363221400995065,-0.8439895087218553,0.39885376190344024,0.04625744739182827,-0.3893994072317512,-0.46512964071667384,0.0,1.0,0.0,0.0,0.0,0.0,1.0,0.0,1
4380,-0.18964651463070356,0.9761814729691616,-0.6688265736856978,-0.8439895087218553,0.39885376190344024,-0.5410863707773618,-0.4290252064064316,-0.5033438513944625,0.0,1.0,0.0,1.0,0.0,0.0,0.0,0.0,1
2277,-0.7407066958289812,0.5345265008848988,2.165586736237853,0.5840807260020958,0.39885376190344024,1.3342921363593505,0.8639202671584851,1.4240618447170887,0.0,0.0,0.0,0.0,0.0,1.0,1.0,0.0,0
1342,0.023637575434410533,0.6094896775848196,-0.3181775044168048,-0.8439895087218553,0.39885376190344024,-0.17013238035471537,-0.32008083054795117,-0.3982803973335453,0.0,0.0,0.0,1.0,0.0,0.0,1.0,0.0,1
4412,-0.7184323917163155,-0.5736729733833892,-0.7272680852305132,0.5840807260020958,0.39885376190344024,-0.7059548109652046,-0.2424702766456469,-0.17640460189503568,0.0,0.0,0.0,0.0,0.0,0.0,0.0,0.0,1
2775,-0.44290230111717666,-0.5736729733833892,-0.7272680852305132,0.5840807260020958,0.39885376190344024,-0.7059548109652046,-0.38320357698174873,-0.3799845460388755,0.0,0.0,0.0,0.0,0.0,0.0,1.0,0.0,1
369,-0.6358954155180131,-0.5736729733833892,0.06169232062449579,0.5840807260020958,0.39885376190344024,-0.14952382533123507,0.3503200329215008,0.6811054388876274,0.0,1.0,1.0,0.0,0.0,0.0,0.0,1.0,1
4089,-0.48989192897129336,-0.5736729733833892,0.9675357495691358,0.5840807260020958,0.39885376190344024,0.4893413803966559,0.6644806951708354,1.1355594303748482,0.0,0.0,0.0,0.0,0.0,0.0,0.0,1.0,1
2004,-0.8751153391389708,-0.5736729733833892,-0.7272680852305132,2.012150960726047,0.39885376190344024,-0.7574761985239055,-0.10123203044028362,0.24303919968897755,0.0,1.0,0.0,0.0,0.0,0.0,0.0,1.0,1
2021,-0.10375313644282141,-0.5736729733833892,0.5876659245278352,0.5840807260020958,0.39885376190344024,0.2214301650914113,0.028486051067133908,0.2155514875980034,0.0,1.0,0.0,0.0,0.0,1.0,0.0,0.0,1
3132,-0.8522307801191088,-0.5736729733833892,-0.7272680852305132,0.5840807260020958,0.39885376190344024,-0.7059548109652046,-0.02505830413454965,0.1380960679130834,0.0,1.0,0.0,0.0,1.0,1.0,1.0,0.0,1
1666,-0.7027183278560102,2.125739941278785,-0.7272680852305132,0.5840807260020958,0.39885376190344024,-0.7059548109652046,-0.47990598077887175,-0.5198709120700655,0.0,0.0,0.0,0.0,0.0,0.0,0.0,0.0,1
1318,-0.5794468366023534,-0.5736729733833892,-0.4935020390512513,2.012150960726047,0.39885376190344024,-0.6338248683830233,-0.2600048158301674,-0.06319445601809519,0.0,1.0,0.0,0.0,0.0,0.0,1.0,0.0,1
4122,0.5734772468182955,0.5326801172223392,-0.7272680852305132,0.5840807260020958,0.39885376190344024,-0.7059548109652046,-0.5000509660530835,-0.5490119537930135,0.0,0.0,0.0,0.0,0.0,0.0,1.0,0.0,1
1175,-0.4409189726687886,-0.5736729733833892,-0.7272680852305132,-2.2720597434458063,0.39885376190344024,-0.29378371049559754,-0.05645689126763154,-0.38077100277673803,1.0,0.0,0.0,1.0,0.0,1.0,1.0,0.0,1
2583,0.9556493824499913,-0.5736729733833892,-0.4935020390512513,0.5840807260020958,0.39885376190344024,-0.5410863707773618,-0.45897899091730415,-0.4895986494503297,0.0,1.0,0.0,0.0,0.0,0.0,0.0,1.0,1
3873,-0.8098180640689645,-0.5736729733833892,-0.7272680852305132,2.012150960726047,-2.5071845761908427,-0.7574761985239055,-0.22786110861506742,-0.0011971499666447274,0.0,1.0,0.0,1.0,0.0,0.0,1.0,0.0,0
161,0.36751621563953724,0.30409781979745737,1.405847086155252,-0.12995439135987974,0.39885376190344024,1.1405717191386353,0.00415134757702323,0.04737570638407892,1.0,0.0,0.0,0.0,0.0,0.0,0.0,1.0,0
128,-0.2277874463304736,-0.5736729733833892,-0.7272680852305132,-0.8439895087218553,0.39885376190344024,-0.6029120358478028,-0.36634669050057406,-0.4428981301299176,0.0,1.0,0.0,0.0,0.0,0.0,0.0,1.0,1
1286,-0.8673345890722177,-0.18999444830349876,-0.7272680852305132,-0.8439895087218553,0.39885376190344024,-0.6029120358478028,-0.1032880691358301,-0.18921043709118043,0.0,1.0,1.0,0.0,0.0,0.0,0.0,0.0,1
3240,-0.2825578242513434,-0.5736729733833892,1.961041445830999,0.5840807260020958,0.39885376190344024,1.190032251194988,0.7727534046487919,1.292183002018397,0.0,1.0,0.0,0.0,0.0,1.0,0.0,0.0,1
1955,1.211651316018848,-0.5736729733833892,0.12013383216931127,-0.8439895087218553,-2.5071845761908427,0.2935601076735926,-0.29272003384029177,-0.37189427335685266,0.0,1.0,0.0,0.0,0.0,0.0,0.0,0.0,0
483,-0.15745556827609763,-0.5736729733833892,-0.7272680852305132,0.5840807260020958,0.39885376190344024,-0.7059548109652046,-0.43631515012899186,-0.4568139181127538,1.0,0.0,0.0,0.0,0.0,0.0,0.0,0.0,1
4533,-0.6685440530530162,1.3524744633988135,0.09091307639690353,-0.8439895087218553,0.39885376190344024,0.2626472751383721,-0.0686885661933633,-0.1558434710657979,0.0,0.0,0.0,0.0,0.0,0.0,1.0,0.0,1
264,-0.4271882372568714,-0.5736729733833892,0.0032508090796803113,0.5840807260020958,0.39885376190344024,-0.19074093537819567,0.012529983120470965,0.1924699893770476,0.0,0.0,0.0,0.0,0.0,0.0,1.0,0.0,1
4032,-0.7413169507361775,-0.5736729733833892,-0.7272680852305132,0.5840807260020958,0.39885376190344024,-0.7059548109652046,-0.21909862482692788,-0.14259597550426004,0.0,1.0,0.0,0.0,0.0,0.0,0.0,1.0,1
4891,-0.7571835783232819,-0.5736729733833892,-0.7272680852305132,0.5840807260020958,0.39885376190344024,-0.7059548109652046,-0.20067306872067758,-0.11594220078305875,0.0,1.0,0.0,0.0,0.0,0.0,0.0,1.0,1
4271,-0.5466456353405512,-0.5736729733833892,-0.7272680852305132,0.5840807260020958,-2.5071845761908427,-0.7059548109652046,-0.34866957813651495,-0.33002885297130785,1.0,1.0,0.0,0.0,0.0,1.0,0.0,1.0,0
2662,0.16918337080073304,0.27750989505659873,-0.7272680852305132,0.5840807260020958,-2.5071845761908427,-0.7059548109652046,-0.48458979085535725,-0.5266463503741061,0.0,1.0,0.0,0.0,1.0,0.0,1.0,0.0,1
2949,-0.8363641525320045,-0.5736729733833892,-0.7272680852305132,0.5840807260020958,-2.5071845761908427,-0.7059548109652046,-0.06578000489683536,0.0791894584124914,0.0,1.0,0.0,0.0,0.0,0.0,1.0,0.0,1
2905,0.32693426431098194,-0.5736729733833892,-0.4935020390512513,-0.12995439135987974,0.39885376190344024,-0.4668955726928325,-0.3924937446389396,-0.43076856559116145,0.0,0.0,1.0,0.0,0.0,1.0,0.0,1.0,1
3530,1.4444635631142444,-0.5736729733833892,-0.20129448132717387,0.5840807260020958,0.39885376190344024,-0.33500082054255825,-0.4369208773593619,-0.45769014225750576,1.0,0.0,0.0,0.0,0.0,0.0,1.0,0.0,1
731,-0.6970734699644442,-0.5736729733833892,-0.7272680852305132,-2.2720597434458063,0.39885376190344024,-0.29378371049559754,0.310379230282155,-0.20388683734539828,1.0,1.0,0.0,1.0,0.0,1.0,1.0,0.0,0
1275,-0.20002084805304102,0.5961957152143903,-0.20129448132717387,0.5840807260020958,0.39885376190344024,-0.33500082054255825,-0.339976455918061,-0.3174536818395153,0.0,1.0,0.0,0.0,0.0,0.0,0.0,0.0,1
1683,-0.06790066064503758,-0.5736729733833892,0.6753281918450583,0.5840807260020958,0.39885376190344024,0.2832558301618524,0.03749717161990013,0.2285866641654853,0.0,1.0,0.0,0.0,0.0,1.0,1.0,0.0,1
3550,-0.5496969098765327,-0.5736729733833892,2.3409112708722994,0.5840807260020958,0.39885376190344024,1.4579434665002327,1.7521457529000672,2.708938233905411,0.0,1.0,0.0,0.0,1.0,0.0,0.0,0.0,0
3294,-0.7544374312408983,0.7379979804989697,-0.7272680852305132,-1.5580246260838309,0.39885376190344024,-0.499869260730401,-0.31044941738516724,-0.4461176829741631,0.0,1.0,0.0,0.0,0.0,0.0,0.0,0.0,1
648,-0.4165087763809358,-0.5736729733833892,0.3538998783485732,-0.12995439135987974,-2.5071845761908427,0.2502821421242838,0.3394250664430183,0.4515385496049613,0.0,0.0,1.0,0.0,0.0,0.0,0.0,0.0,0
4208,-0.6621363765274548,-0.5736729733833892,-0.7272680852305132,-0.8439895087218553,0.39885376190344024,-0.6029120358478028,-0.15817334119594295,-0.24214053297056068,0.0,1.0,0.0,0.0,1.0,1.0,0.0,1.0,1
2396,-0.6812068423773399,2.327734313962808,0.938314993796728,-1.5580246260838309,0.39885376190344024,1.8495060119463593,0.2959765988046628,-0.007500190850917893,0.0,1.0,1.0,0.0,0.0,1.0,1.0,0.0,0
4984,0.13821293426051975,-0.5736729733833892,2.4870150497343384,-0.12995439135987974,0.39885376190344024,2.0555915621811627,0.6506886385177146,0.8267578501403504,0.0,0.0,0.0,0.0,0.0,0.0,0.0,1.0,0
2424,-0.8195821425841057,0.5208632617819575,-0.7272680852305132,-1.5580246260838309,0.39885376190344024,-0.499869260730401,-0.2558901716640849,-0.4066559203000069,0.0,1.0,1.0,0.0,0.0,0.0,0.0,1.0,1
3557,-0.2125310736505656,-0.5736729733833892,-0.7272680852305132,0.5840807260020958,0.39885376190344024,-0.7059548109652046,-0.4289209223795174,-0.4461176829741631,0.0,1.0,0.0,0.0,0.0,0.0,0.0,0.0,1
2510,0.06254132576817598,-0.5736729733833892,-0.7272680852305132,-1.5580246260838309,0.39885376190344024,-0.499869260730401,-0.3695704036859736,-0.48887887403591834,0.0,1.0,0.0,0.0,0.0,0.0,1.0,0.0,1
3561,-0.6305556850800453,-0.5736729733833892,-0.7272680852305132,0.5840807260020958,0.39885376190344024,-0.7059548109652046,-0.30793250505394176,-0.2711000064017491,0.0,1.0,0.0,0.0,0.0,0.0,0.0,1.0,1
3919,-0.3248179765746886,0.6183523191651058,-0.7272680852305132,-1.5580246260838309,-2.5071845761908427,-0.499869260730401,-0.3850497939981605,-0.5000748504239151,0.0,0.0,0.0,0.0,0.0,1.0,0.0,1.0,0
3342,-0.710041386742366,-0.5736729733833892,1.7564961554241447,-0.8439895087218553,0.39885376190344024,2.0246787296459425,3.6872104149374847,3.4662592483447465,0.0,1.0,0.0,0.0,0.0,0.0,0.0,1.0,1
2831,-0.6819696610113353,0.2346737940852154,1.6396131323345138,0.5840807260020958,-2.5071845761908427,0.9633381459367041,0.741799599399602,1.2474062936727546,0.0,0.0,1.0,0.0,0.0,0.0,1.0,0.0,0
2303,-0.1238915483803,-0.5736729733833892,0.4123413898933887,-1.5580246260838309,-2.5071845761908427,1.1075980311010667,0.5012777127871482,0.14099056868291807,0.0,1.0,0.0,0.0,0.0,0.0,0.0,0.0,0
150,-0.12373898465350092,-0.5736729733833892,-0.6103850621408823,0.5840807260020958,0.39885376190344024,-0.6235205908712832,-0.3976073548979133,-0.40082055497656144,1.0,1.0,0.0,0.0,0.0,0.0,0.0,1.0,1
2964,0.954886563815996,1.3185010040077163,2.0194829573758146,-1.5580246260838309,0.39885376190344024,3.3745390836839055,0.18690045734258448,-0.08639308518809113,0.0,0.0,0.0,0.0,0.0,0.0,1.0,0.0,1
664,-0.6159095673073336,1.667098239498974,0.7629904591622816,-0.12995439135987974,0.39885376190344024,0.5965058665187538,-0.015812511922582102,0.02330984686990785,0.0,0.0,0.0,0.0,0.0,0.0,1.0,0.0,1
2980,-0.11366977868476164,-0.5736729733833892,-0.7272680852305132,0.5840807260020958,0.39885376190344024,-0.7059548109652046,-0.44156620902691307,-0.4644099190207249,0.0,0.0,0.0,0.0,0.0,0.0,1.0,0.0,1
1549,0.9609891128879592,-0.5736729733833892,-0.7272680852305132,-0.12995439135987974,0.39885376190344024,-0.6647377009182438,-0.48860743569249254,-0.5466308609719204,0.0,0.0,1.0,0.0,0.0,0.0,0.0,0.0,1
1994,-0.04669430261996543,-0.5736729733833892,-0.4935020390512513,0.5840807260020958,0.39885376190344024,-0.5410863707773618,-0.3697506840786526,-0.3605240546040504,0.0,1.0,0.0,0.0,1.0,0.0,1.0,0.0,1
924,0.9106430830442627,3.5773667767831636,2.9253263863204544,0.5840807260020958,0.39885376190344024,1.8701145669698396,-0.1863935879337247,-0.09528599579057777,0.0,1.0,0.0,0.0,0.0,0.0,0.0,1.0,1
878,-0.29979752537963944,-0.034159667183466254,-0.7272680852305132,0.5840807260020958,0.39885376190344024,-0.7059548109652046,-0.44560678548787885,-0.4702548777353136,0.0,0.0,1.0,0.0,0.0,0.0,0.0,1.0,1
2861,0.06437209048976494,-0.5736729733833892,-0.20129448132717387,-0.8439895087218553,0.39885376190344024,-0.04648105021383322,-0.17458528718951882,-0.2579678367699435,1.0,0.0,0.0,1.0,0.0,1.0,1.0,0.0,1
3206,-0.635742851791214,0.12019800700651855,-0.7272680852305132,0.5840807260020958,-2.5071845761908427,-0.7059548109652046,-0.40550396191795746,-0.41224351466149145,0.0,1.0,0.0,0.0,0.0,0.0,1.0,0.0,1
632,-0.37913066331516115,-0.5736729733833892,-0.7272680852305132,0.5840807260020958,0.39885376190344024,-0.7059548109652046,-0.3990500187882382,-0.4029074628619678,0.0,1.0,0.0,0.0,0.0,0.0,0.0,0.0,1
288,-0.10100698936043798,-0.5736729733833892,-0.7272680852305132,0.5840807260020958,0.39885376190344024,-0.7059548109652046,-0.4429935044644817,-0.466474595431802,0.0,0.0,0.0,0.0,0.0,1.0,1.0,0.0,1
4095,-0.7114144602835578,0.9159893655697177,0.8506527264795047,-0.8439895087218553,0.39885376190344024,1.066380921054106,0.449491575731008,0.34387755727871266,0.0,1.0,0.0,0.0,0.0,0.0,0.0,1.0,1
4861,-0.6526774254659119,0.3391791093860903,-0.7272680852305132,0.5840807260020958,0.39885376190344024,-0.7059548109652046,-0.41915470849475367,-0.4319902144048285,0.0,1.0,0.0,0.0,0.0,1.0,0.0,0.0,1
4710,-0.5789891454219562,2.7036580276599484,-0.7272680852305132,0.5840807260020958,0.39885376190344024,-0.7059548109652046,-0.4933851163798897,-0.5393693652876694,1.0,0.0,0.0,0.0,0.0,0.0,0.0,1.0,1
4947,-0.782051465791532,-0.05262350380906252,-0.7272680852305132,-0.8439895087218553,0.39885376190344024,-0.6029120358478028,-0.23661962589804,-0.3177923283395535,1.0,1.0,0.0,0.0,0.0,1.0,0.0,1.0,1
2163,0.8268855970315677,0.9765507497016734,0.032471564852088054,0.5840807260020958,0.39885376190344024,-0.17013238035471537,-0.40665398891069976,-0.4139071040919053,0.0,1.0,0.0,1.0,0.0,0.0,0.0,1.0,1
3572,-0.07064680772742102,0.06739143425731321,-0.7272680852305132,-1.5580246260838309,0.39885376190344024,-0.499869260730401,-0.38854189663227756,-0.502600628109439,1.0,0.0,1.0,0.0,0.0,0.0,0.0,1.0,1
4711,0.16460645899676063,-0.3365973111107331,1.3474055746104363,0.5840807260020958,0.39885376190344024,0.7572525957019005,0.062191134747875916,0.26430810054392107,0.0,1.0,0.0,1.0,0.0,0.0,0.0,1.0,1
4222,-0.2933898488540781,1.166728266945315,-0.2889567486443971,0.5840807260020958,0.39885376190344024,-0.39682648561299927,-0.3801867820520997,-0.37562055441923303,0.0,1.0,0.0,1.0,0.0,0.0,0.0,0.0,1
2151,1.7929191151233435,-0.5736729733833892,-0.11363221400995065,0.5840807260020958,0.39885376190344024,-0.2731751554721171,-0.4401293935570042,-0.4623314712588201,0.0,1.0,0.0,0.0,0.0,0.0,0.0,1.0,1
1081,-0.4728047915697964,0.18002083767345045,-0.2305152370995816,-0.8439895087218553,0.39885376190344024,-0.07739388274905377,-0.0954981177322104,-0.18169798686158684,1.0,0.0,1.0,0.0,0.0,0.0,0.0,1.0,1
3410,-0.6029416505294117,-0.5736729733833892,0.44156214566579643,0.5840807260020958,0.39885376190344024,0.11838738997400955,0.5742398554200588,1.0050201402986412,0.0,1.0,0.0,0.0,1.0,0.0,1.0,0.0,1
516,0.07947589944287388,-0.5736729733833892,-0.4935020390512513,0.5840807260020958,0.39885376190344024,-0.5410863707773618,-0.3897738163813843,-0.3894888280161692,0.0,1.0,0.0,1.0,0.0,0.0,0.0,1.0,1
517,-0.6969209062376451,-0.5736729733833892,1.8441584227413679,-0.12995439135987974,0.39885376190344024,1.5115257095612817,2.8135767122311526,3.4340573318809735,0.0,0.0,1.0,0.0,0.0,0.0,0.0,0.0,1
4495,1.8290767183747256,0.007199326857869385,0.26623761103134996,2.012150960726047,0.39885376190344024,-0.2319580454251564,-0.443351098184134,-0.4168243439594184,0.0,0.0,1.0,0.0,0.0,0.0,0.0,1.0,1
2752,-0.523303385140292,1.003507951175044,-0.7272680852305132,2.012150960726047,0.39885376190344024,-0.7574761985239055,-0.4844626600122024,-0.4961184360767875,0.0,1.0,1.0,0.0,0.0,0.0,0.0,1.0,1
3120,-0.5306264440266477,0.7786184210752815,0.12013383216931127,0.5840807260020958,0.39885376190344024,-0.10830671528427435,-0.18944431463400938,-0.09969907194070583,0.0,0.0,1.0,0.0,0.0,0.0,0.0,1.0,1
267,-0.801121931641417,-0.5736729733833892,-0.4935020390512513,-1.5580246260838309,0.39885376190344024,-0.17013238035471537,0.9304960695614038,0.4514368130647758,0.0,0.0,0.0,0.0,0.0,1.0,1.0,0.0,1
1129,-0.0645442586554578,-0.13275655476415033,-0.25973599287198934,2.012150960726047,-2.5071845761908427,-0.5101735382421413,-0.38226544772585075,-0.2990051471421004,1.0,1.0,1.0,0.0,0.0,0.0,0.0,1.0,0
2900,-0.3168846627811364,2.0341593116158276,1.376626330382844,-0.12995439135987974,0.39885376190344024,1.1158414531104586,-0.011682372260732116,0.028288611666261693,1.0,0.0,0.0,0.0,0.0,0.0,1.0,0.0,1
3079,-0.4252049088084834,-0.08992045379276699,-0.7272680852305132,-2.2720597434458063,0.39885376190344024,-0.29378371049559754,-0.18638607510694818,-0.44342136324696096,0.0,1.0,0.0,0.0,1.0,0.0,0.0,0.0,1
2069,0.5332004229433384,-0.22064441710198857,-0.7272680852305132,2.012150960726047,-2.5071845761908427,-0.7574761985239055,-0.5046256546137478,-0.535007893937408,0.0,0.0,0.0,0.0,0.0,1.0,1.0,0.0,1
451,0.5699682811019167,-0.5736729733833892,-0.4935020390512513,-2.2720597434458063,0.39885376190344024,0.200821610067931,-0.21860705525905058,-0.4589579498827209,0.0,1.0,0.0,1.0,0.0,0.0,1.0,0.0,1
3107,0.1453834294200765,0.7690172260299714,-0.7272680852305132,2.012150960726047,0.39885376190344024,-0.7574761985239055,-0.5051431306892319,-0.5360059780230862,0.0,0.0,0.0,0.0,1.0,0.0,0.0,0.0,1
2873,-0.5701404492676095,-0.5736729733833892,-0.6103850621408823,0.5840807260020958,-2.5071845761908427,-0.6235205908712832,-0.2552653210997184,-0.19491347242572712,0.0,1.0,0.0,0.0,0.0,0.0,1.0,0.0,1
3022,-0.5004188261204299,-0.5736729733833892,-0.6980473294581054,-0.8439895087218553,0.39885376190344024,-0.5719992033125822,-0.247596866538405,-0.3283785271097661,0.0,1.0,1.0,0.0,0.0,0.0,0.0,1.0,1
4951,1.0034018289381035,0.055205302084419684,0.3538998783485732,0.5840807260020958,0.39885376190344024,0.05656172490356842,-0.34736503161032123,-0.3281417409068475,0.0,1.0,0.0,0.0,0.0,0.0,1.0,0.0,1
3479,1.2331628014975182,-0.5736729733833892,-0.2889567486443971,0.5840807260020958,0.39885376190344024,-0.39682648561299927,-0.43958804929742606,-0.46154838130168624,0.0,0.0,0.0,1.0,0.0,0.0,1.0,0.0,1
871,-0.6439812930383644,-0.5736729733833892,-0.7272680852305132,0.5840807260020958,0.39885376190344024,-0.7059548109652046,-0.29981209150320826,-0.25935329589943645,0.0,1.0,0.0,0.0,0.0,1.0,1.0,0.0,1
1947,-0.3074257117195935,0.27344785099896757,-0.4935020390512513,-1.5580246260838309,0.39885376190344024,-0.17013238035471537,-0.22140292804987893,-0.38171189101949,1.0,1.0,0.0,0.0,0.0,0.0,0.0,0.0,0
3258,0.8976751662663409,-0.15639026564491354,2.2240282477826687,0.5840807260020958,0.39885376190344024,1.375509246406311,-0.03174327447535659,0.12842582010865822,0.0,0.0,0.0,1.0,0.0,0.0,0.0,1.0,1
2177,-0.17057604878081853,-0.5736729733833892,-0.20129448132717387,-1.5580246260838309,0.39885376190344024,0.2420387201148916,0.08402867492034467,-0.16079847349875115,0.0,1.0,0.0,0.0,0.0,1.0,1.0,0.0,1
3880,-0.08544548922693179,-0.5736729733833892,-0.7272680852305132,-0.8439895087218553,-2.5071845761908427,-0.6029120358478028,-0.39334727753746396,-0.46893687617269686,0.0,0.0,1.0,0.0,0.0,1.0,0.0,0.0,1
4331,-0.7419272056433738,-0.009787402837679182,-0.7272680852305132,0.5840807260020958,0.39885376190344024,-0.7059548109652046,-0.36277433209100524,-0.35043230414711407,0.0,1.0,0.0,1.0,0.0,0.0,0.0,0.0,1
31,2.2600692465821273,1.389402136650006,0.44156214566579643,0.5840807260020958,-2.5071845761908427,0.11838738997400955,-0.42817789245507426,-0.44504284148210627,1.0,1.0,0.0,0.0,0.0,0.0,0.0,1.0,0
2107,0.20961275840248927,-0.5736729733833892,-0.7272680852305132,0.5840807260020958,0.39885376190344024,-0.7059548109652046,-0.4689466432976331,-0.5040175120079927,1.0,0.0,1.0,0.0,0.0,1.0,0.0,0.0,0
3193,-0.582345547411536,-0.5736729733833892,0.0032508090796803113,0.5840807260020958,0.39885376190344024,-0.19074093537819567,0.2024069726078809,0.4671395012959072,0.0,1.0,0.0,0.0,0.0,0.0,1.0,0.0,1
112,-0.2531130249791209,0.9414694601130406,0.6461074360726506,0.5840807260020958,0.39885376190344024,0.2626472751383721,-0.15191893514591318,-0.045416150685264486,0.0,1.0,0.0,0.0,0.0,0.0,0.0,1.0,1
3073,1.7265538939657437,-0.5736729733833892,-0.7272680852305132,0.5840807260020958,0.39885376190344024,-0.7059548109652046,-0.5119613916056902,-0.5662411650950882,0.0,0.0,0.0,0.0,1.0,0.0,0.0,1.0,1
1467,-0.01175720918297607,0.5345265008848988,1.0844187726587666,0.5840807260020958,0.39885376190344024,0.5717756004905774,-0.07246522045319002,0.06951885588770225,0.0,1.0,1.0,0.0,0.0,0.0,1.0,0.0,1
1695,2.4968481505742997,-0.5736729733833892,0.7629904591622816,-0.12995439135987974,0.39885376190344024,0.5965058665187538,-0.3445243611156706,-0.3729428508351943,0.0,1.0,0.0,0.0,1.0,0.0,1.0,0.0,1
4988,-0.16523631834285074,-0.5736729733833892,-0.4935020390512513,0.5840807260020958,0.39885376190344024,-0.5410863707773618,-0.3456746968921216,-0.3256965609338515,0.0,1.0,1.0,0.0,0.0,0.0,0.0,0.0,1
1140,-0.44885228646234077,-0.5736729733833892,-0.7272680852305132,0.5840807260020958,0.39885376190344024,-0.7059548109652046,-0.3815506690918952,-0.3775935064264479,1.0,1.0,0.0,1.0,0.0,0.0,1.0,0.0,1
4374,0.6215348207600058,-0.5736729733833892,-0.7272680852305132,-0.8439895087218553,0.39885376190344024,-0.6029120358478028,-0.45889780318869394,-0.5321522976770909,0.0,1.0,0.0,0.0,0.0,0.0,0.0,1.0,1
3744,-0.7016503817684167,-0.5736729733833892,0.5876659245278352,0.5840807260020958,0.39885376190344024,0.2214301650914113,1.0464688011845382,1.6881302654235586,0.0,1.0,0.0,0.0,0.0,0.0,0.0,1.0,0
1389,-0.6294877389924517,-0.302623851719636,0.7629904591622816,0.5840807260020958,0.39885376190344024,0.3450814952322936,0.5971966283108879,1.0382286171244979,0.0,1.0,0.0,0.0,0.0,0.0,0.0,0.0,1
792,-0.10817748451999475,1.0696084862946786,-0.4935020390512513,0.5840807260020958,0.39885376190344024,-0.5410863707773618,-0.43784920971242497,-0.45903303585931965,0.0,1.0,1.0,0.0,0.0,1.0,0.0,1.0,1
2656,-0.7268233966902649,-0.12463246664888797,0.06169232062449579,0.5840807260020958,0.39885376190344024,-0.14952382533123507,0.1800073874554273,0.43473703305782047,1.0,1.0,0.0,1.0,0.0,1.0,0.0,1.0,1
1191,-0.782051465791532,-0.5736729733833892,-0.7272680852305132,-1.5580246260838309,0.39885376190344024,-0.499869260730401,0.2129282490573288,-0.06756763175659822,0.0,0.0,0.0,0.0,0.0,0.0,0.0,0.0,1
3228,0.3588200832119897,0.5275102429671722,-0.7272680852305132,-0.8439895087218553,0.39885376190344024,-0.6029120358478028,-0.46807502347456376,-0.5410025981567036,0.0,0.0,0.0,0.0,0.0,0.0,0.0,0.0,1
279,-0.4889765466104989,-0.5736729733833892,-0.25973599287198934,0.5840807260020958,0.39885376190344024,-0.37621793058951886,-0.08479909419210667,0.05167709902668089,0.0,0.0,0.0,0.0,0.0,0.0,0.0,0.0,1
1169,0.4442557702194746,-0.5736729733833892,-0.7272680852305132,0.5840807260020958,0.39885376190344024,-0.7059548109652046,-0.48134894756462,-0.5219582581135569,0.0,1.0,1.0,0.0,0.0,0.0,1.0,0.0,1
2630,-0.0892595823969088,-0.5736729733833892,0.09091307639690353,-1.5580246260838309,0.39885376190344024,0.6542098205844988,0.23623449993172446,-0.05071062193774075,0.0,1.0,0.0,0.0,0.0,0.0,0.0,0.0,1
2723,1.413340562847232,0.055205302084419684,0.6753281918450583,-0.8439895087218553,0.39885376190344024,0.8809039258427825,-0.2330755262444777,-0.3143744800274658,0.0,1.0,0.0,0.0,0.0,0.0,0.0,0.0,1
2557,-0.2880501184161103,-0.5736729733833892,-0.4935020390512513,2.012150960726047,0.39885376190344024,-0.6338248683830233,-0.3713908422198727,-0.2780307075346429,1.0,1.0,0.0,1.0,0.0,0.0,1.0,0.0,1
3533,-0.7616079264004552,0.42743624845644046,-0.20129448132717387,-2.2720597434458063,0.39885376190344024,0.8190782607723417,0.6426309819554891,-0.04367885793609079,0.0,0.0,0.0,0.0,0.0,1.0,0.0,1.0,0
667,1.4575840436189653,-0.5736729733833892,1.376626330382844,2.012150960726047,0.39885376190344024,0.3553857727440337,-0.3060242859417467,-0.15195469620261493,0.0,1.0,1.0,0.0,0.0,0.0,0.0,0.0,1
2074,-0.582345547411536,-0.5736729733833892,1.0259772611139513,0.5840807260020958,0.39885376190344024,0.5305584904436167,0.9522063725896294,1.5517734834651697,1.0,1.0,0.0,0.0,1.0,0.0,0.0,1.0,0
2031,-0.6957003964232525,-0.5736729733833892,-0.05519070246513517,-0.8439895087218553,0.39885376190344024,0.1080831124622694,0.8622845714482011,0.7419656421426707,0.0,1.0,0.0,0.0,0.0,0.0,0.0,0.0,1
136,-0.6392518175075929,-0.5736729733833892,1.2597433072932132,-0.12995439135987974,0.39885376190344024,1.016920388997753,1.7426031149070231,2.143029405287,1.0,1.0,0.0,0.0,0.0,0.0,0.0,1.0,0
3997,-0.4595317473382764,-0.5736729733833892,-0.1428529697823584,-1.5580246260838309,0.39885376190344024,0.32447294020881307,0.4659687265446828,0.1154521871134897,1.0,1.0,0.0,0.0,0.0,1.0,0.0,1.0,0
1971,-0.9684843399400079,0.3439797069087453,-0.7272680852305132,0.5840807260020958,0.39885376190344024,-0.7059548109652046,-0.3298269104133661,-0.30277169895418177,0.0,1.0,0.0,0.0,0.0,1.0,1.0,0.0,1
635,-0.8403308094287806,-0.5736729733833892,-0.2305152370995816,0.5840807260020958,0.39885376190344024,-0.35560937556603855,0.778809119474584,1.3009429904720293,0.0,1.0,0.0,0.0,0.0,0.0,1.0,0.0,1
1890,0.12097323313222369,0.042280616446502294,-0.7272680852305132,-1.5580246260838309,0.39885376190344024,-0.499869260730401,-0.4088840795061601,-0.5173137785981241,0.0,1.0,0.0,0.0,0.0,0.0,0.0,1.0,1
3207,0.4169468631224392,-0.5736729733833892,-0.1428529697823584,-0.8439895087218553,-2.5071845761908427,0.01534461485660781,-0.24462571126436666,-0.32551321319904825,0.0,0.0,0.0,0.0,0.0,0.0,1.0,0.0,0
4595,-0.18903625972350724,1.7032873592851425,-0.7272680852305132,-0.12995439135987974,0.39885376190344024,-0.6647377009182438,-0.48173925817509106,-0.5383514701429355,0.0,1.0,0.0,0.0,0.0,0.0,1.0,0.0,1
2124,-0.2764552751793802,-0.5736729733833892,1.9902622016034066,-0.8439895087218553,0.39885376190344024,2.271981389927707,1.4362559561150168,1.2954904636860756,1.0,0.0,0.0,0.0,0.0,0.0,0.0,1.0,1
962,-0.16233760753366822,1.166728266945315,1.2305225515208054,-1.5580246260838309,0.39885376190344024,2.2616771124159665,0.398049805057968,0.06632760107182961,0.0,1.0,0.0,0.0,0.0,0.0,0.0,0.0,1
2373,0.08023871807686928,-0.5736729733833892,-0.7272680852305132,-1.5580246260838309,-2.5071845761908427,-0.499869260730401,-0.37237990446883873,-0.4909109375599095,0.0,1.0,0.0,1.0,0.0,1.0,0.0,0.0,0
2011,-0.6325390135284333,0.7764027606802099,-0.17207372555476613,-2.2720597434458063,0.39885376190344024,0.8809039258427825,0.33618288922176015,-0.19144460930819143,0.0,1.0,0.0,0.0,0.0,0.0,0.0,0.0,1
822,3.6772337048187826,0.31739178216788666,2.1071452246930376,0.5840807260020958,0.39885376190344024,1.2930750263123898,-0.34115099583802627,-0.31915273082600387,0.0,1.0,0.0,0.0,0.0,0.0,1.0,0.0,1
533,-0.7553528136016929,-0.5736729733833892,0.6461074360726506,0.5840807260020958,0.39885376190344024,0.2626472751383721,1.4161917753236433,2.2229587832240827,0.0,0.0,0.0,0.0,1.0,0.0,0.0,0.0,1
357,-0.44473306583876565,-0.5736729733833892,0.032471564852088054,0.5840807260020958,0.39885376190344024,-0.17013238035471537,0.04550567508798829,0.24017148939743438,0.0,1.0,0.0,0.0,0.0,1.0,1.0,0.0,1
3729,-0.9222575307198866,-0.5736729733833892,-0.7272680852305132,0.5840807260020958,0.39885376190344024,-0.7059548109652046,0.2859032556149275,0.5879223479299126,0.0,0.0,0.0,0.0,0.0,1.0,0.0,0.0,1
3812,-0.6619838128006558,-0.5736729733833892,-0.7272680852305132,0.5840807260020958,0.39885376190344024,-0.7059548109652046,-0.2880177920955628,-0.2422920686782324,0.0,0.0,1.0,0.0,0.0,0.0,1.0,0.0,1
372,1.354145836849189,-0.5736729733833892,0.47078290143820417,-2.2720597434458063,0.39885376190344024,2.241068557392486,0.07902905269500334,-0.31544123638333943,1.0,1.0,1.0,0.0,0.0,0.0,0.0,1.0,1
4526,-0.7928834903942666,0.8325328240220226,-0.20129448132717387,0.5840807260020958,0.39885376190344024,-0.33500082054255825,-0.21591670958573222,-0.13799312653016485,1.0,0.0,0.0,0.0,0.0,0.0,0.0,1.0,1
3603,-0.28972831941090016,-0.5736729733833892,0.9675357495691358,0.5840807260020958,0.39885376190344024,0.4893413803966559,0.34111735639136626,0.6677931640421975,0.0,1.0,0.0,1.0,0.0,0.0,1.0,0.0,1
1066,-0.7736604608175826,-0.5736729733833892,-0.4935020390512513,0.5840807260020958,0.39885376190344024,-0.5410863707773618,0.11532834560713523,0.3411745592488081,0.0,1.0,0.0,0.0,0.0,1.0,0.0,1.0,0
1847,-0.6648825236098383,-0.5736729733833892,-0.7272680852305132,0.5840807260020958,0.39885376190344024,-0.7059548109652046,-0.28601286204255716,-0.2393918059314027,0.0,0.0,0.0,0.0,0.0,1.0,1.0,0.0,1
2842,1.404034175512488,-0.5736729733833892,0.6461074360726506,0.5840807260020958,-2.5071845761908427,0.2626472751383721,-0.3187836167096028,-0.28679685071281336,0.0,1.0,0.0,1.0,0.0,0.0,1.0,0.0,1
176,-0.28225269679774523,-0.5736729733833892,-0.7272680852305132,-0.8439895087218553,0.39885376190344024,-0.6029120358478028,-0.35333152174025073,-0.430346600283883,0.0,1.0,0.0,0.0,0.0,0.0,1.0,0.0,1
1967,-0.3754691338719832,0.3277315306782206,-0.7272680852305132,-0.12995439135987974,0.39885376190344024,-0.6647377009182438,-0.4339484653519086,-0.48074104134902934,0.0,0.0,1.0,0.0,0.0,0.0,0.0,1.0,1
1934,5.1787659039753295,0.03858784912138304,1.3181848188380287,0.5840807260020958,-2.5071845761908427,0.7366440406784203,-0.42622578571152553,-0.4422189911150263,0.0,1.0,1.0,0.0,0.0,0.0,1.0,0.0,0
723,0.31900095051742977,-0.5736729733833892,-0.7272680852305132,-0.12995439135987974,0.39885376190344024,-0.6647377009182438,-0.4608352065474127,-0.5131522360089431,0.0,1.0,0.0,0.0,0.0,0.0,0.0,1.0,1
3353,-0.24228100037638622,-0.5736729733833892,0.06169232062449579,-1.5580246260838309,0.39885376190344024,0.612992710537538,0.3619964765519685,0.040250849564112574,1.0,0.0,0.0,0.0,0.0,0.0,1.0,0.0,1
4779,-0.9808420018107333,-0.5736729733833892,-0.7272680852305132,-2.2720597434458063,-2.5071845761908427,-0.29378371049559754,4.43300270118707,1.7839948602308295,0.0,1.0,0.0,0.0,0.0,0.0,0.0,0.0,0
3881,-0.1769837253063799,2.3029927728845094,0.09091307639690353,-0.12995439135987974,0.39885376190344024,0.027709747870696057,-0.3295084744938523,-0.35484163058123763,1.0,0.0,0.0,1.0,0.0,1.0,1.0,0.0,1
1450,-0.07995319506216492,1.97322865075136,-0.7272680852305132,0.5840807260020958,0.39885376190344024,-0.7059548109652046,-0.4986797902077169,-0.5470284580507517,0.0,0.0,0.0,0.0,1.0,0.0,1.0,0.0,1
1726,-0.5515276745981218,-0.5736729733833892,1.1136395284311744,-1.5580246260838309,0.39885376190344024,2.096808672228123,2.3829656435826054,1.5019830378874799,0.0,1.0,0.0,0.0,0.0,0.0,1.0,0.0,1
4945,0.6831705663868342,-0.12574029684642374,-0.7272680852305132,0.5840807260020958,0.39885376190344024,-0.7059548109652046,-0.4960235162373552,-0.5431859836312254,0.0,1.0,0.0,0.0,1.0,0.0,0.0,1.0,1
4040,-0.15654018591530316,2.161559784332442,-0.4935020390512513,0.5840807260020958,-2.5071845761908427,-0.5410863707773618,-0.459762833613782,-0.4907325292924524,0.0,1.0,1.0,0.0,0.0,1.0,0.0,0.0,0
586,-0.5207098017847076,-0.12721740377647145,1.17208103997599,2.012150960726047,0.39885376190344024,0.24719085887076178,0.23619369907063173,0.8938504481281403,1.0,1.0,0.0,0.0,0.0,0.0,0.0,0.0,1
3791,-0.5007239535740281,-0.5736729733833892,1.7857169111965525,-0.8439895087218553,0.39885376190344024,2.0555915621811627,2.0704858948714064,1.9071272508952548,1.0,1.0,0.0,0.0,0.0,1.0,1.0,0.0,1
1988,-0.5910416798390835,-0.06997951023712301,0.6168866803002429,-1.5580246260838309,0.39885376190344024,1.3961178014297912,1.123688594861349,0.5911696389689554,0.0,1.0,0.0,0.0,0.0,1.0,0.0,1.0,1
4214,-0.2622668485870657,-0.5736729733833892,1.610392376562106,0.5840807260020958,0.39885376190344024,0.9427295909132237,0.5870471928457222,1.0235467934185567,0.0,1.0,0.0,0.0,0.0,0.0,1.0,0.0,1
1873,0.35912521066558784,0.3321628514683637,-0.17207372555476613,0.5840807260020958,0.39885376190344024,-0.31439226551907784,-0.3870925205000272,-0.38561015776217694,0.0,1.0,0.0,0.0,0.0,0.0,0.0,1.0,1
2102,-0.6659504696974319,-0.5736729733833892,-0.7272680852305132,0.5840807260020958,-2.5071845761908427,-0.7059548109652046,-0.28526636797592353,-0.23831195333058927,0.0,1.0,0.0,1.0,0.0,0.0,1.0,0.0,0
958,0.14294240979129125,0.7088251186305276,-0.4058397717340281,0.5840807260020958,-2.5071845761908427,-0.4792607057069206,-0.4272081194879636,-0.44364000131559916,1.0,0.0,0.0,0.0,1.0,0.0,1.0,0.0,0
1200,-0.2110054363825748,-0.5736729733833892,-0.7272680852305132,0.5840807260020958,0.39885376190344024,-0.7059548109652046,-0.4291389814720894,-0.4464331197455586,0.0,1.0,1.0,0.0,0.0,0.0,0.0,1.0,1
1155,0.6419783601510826,0.4473771920120844,-0.7272680852305132,-0.8439895087218553,0.39885376190344024,-0.6029120358478028,-0.47750291708475734,-0.5500946422333293,0.0,1.0,0.0,0.0,0.0,1.0,0.0,1.0,1
1643,0.03691061966593051,-0.5736729733833892,0.6168866803002429,0.5840807260020958,-2.5071845761908427,0.2420387201148916,-0.03763931872093173,0.11989680561587528,0.0,1.0,0.0,1.0,0.0,0.0,0.0,1.0,0
4699,-0.5246764586814836,-0.5736729733833892,0.9967565053415435,-0.8439895087218553,0.39885376190344024,1.2209450837302085,1.4216850247724564,1.281438592135382,0.0,1.0,0.0,0.0,0.0,0.0,0.0,1.0,1
4273,-0.7237721221542833,-0.5736729733833892,1.405847086155252,2.012150960726047,0.39885376190344024,0.37084218901164384,1.3828111431438195,3.105393507814267,0.0,1.0,0.0,1.0,0.0,0.0,0.0,1.0,1
2978,0.11822708604984025,-0.5736729733833892,-0.7272680852305132,0.5840807260020958,-2.5071845761908427,-0.7059548109652046,-0.4627565465170159,-0.4950631312478357,0.0,1.0,0.0,0.0,1.0,0.0,0.0,0.0,1
1737,-0.7207208476183017,-0.5736729733833892,0.032471564852088054,-1.5580246260838309,0.39885376190344024,0.5717756004905774,1.663788736778809,0.9818147686612291,0.0,1.0,0.0,0.0,0.0,0.0,0.0,0.0,0
816,-0.1115338865095745,-0.5736729733833892,0.2077960994865345,0.5840807260020958,0.39885376190344024,-0.04648105021383322,-0.10394492028195035,0.02398140655979864,0.0,1.0,0.0,1.0,0.0,0.0,0.0,0.0,1
93,-0.4630407130546553,-0.5736729733833892,-0.7272680852305132,-0.8439895087218553,0.39885376190344024,-0.6029120358478028,-0.2925110580597863,-0.3716927419134718,0.0,1.0,0.0,0.0,0.0,1.0,1.0,0.0,1
911,-0.1463184162197648,-0.5736729733833892,-0.7272680852305132,-0.12995439135987974,0.39885376190344024,-0.6647377009182438,-0.41576101779537467,-0.4588165954358755,0.0,1.0,0.0,1.0,0.0,0.0,1.0,0.0,1
177,1.3587227486531614,-0.5736729733833892,1.727275399651737,0.5840807260020958,0.39885376190344024,1.025163811007145,-0.16326654435052498,-0.06183121124679362,0.0,0.0,0.0,0.0,0.0,1.0,0.0,1.0,1
411,-0.7349092742106161,0.6397703696507975,0.6461074360726506,-0.8439895087218553,0.39885376190344024,0.8499910933075622,0.4919882362110494,0.3848603606671786,0.0,1.0,0.0,0.0,0.0,1.0,0.0,0.0,1
4456,-0.7426900242773692,-0.5736729733833892,-0.7272680852305132,0.5840807260020958,0.39885376190344024,-0.7059548109652046,-0.217581867012286,-0.1404018859003987,1.0,0.0,0.0,0.0,0.0,1.0,0.0,1.0,1
4881,1.2107359336580534,-0.5736729733833892,0.47078290143820417,0.5840807260020958,-2.5071845761908427,0.13899594499748985,-0.3252800388787319,-0.2961943512273867,1.0,0.0,0.0,0.0,0.0,0.0,0.0,0.0,0
727,-0.04974557715594703,-0.5736729733833892,1.727275399651737,0.5840807260020958,0.39885376190344024,1.025163811007145,0.3831510445665011,0.7285976493375542,0.0,1.0,0.0,0.0,0.0,0.0,0.0,1.0,1
1768,-0.2123785099237665,-0.5736729733833892,2.5454565612791535,-0.12995439135987974,0.39885376190344024,2.105052094237516,1.186710637521974,1.4729169820855863,1.0,1.0,0.0,0.0,0.0,0.0,1.0,0.0,0
2612,-0.401710094881425,1.7535089949067644,-0.7272680852305132,0.5840807260020958,0.39885376190344024,-0.7059548109652046,-0.4861171797263368,-0.528855818497836,0.0,1.0,0.0,0.0,0.0,0.0,0.0,0.0,1
88,-0.5490866549693365,-0.5736729733833892,0.17857534371412676,2.012150960726047,0.39885376190344024,-0.2783272942279872,0.06671955199259502,0.5669764975319944,0.0,1.0,0.0,1.0,0.0,0.0,0.0,0.0,1
4649,-0.4157459577469404,0.5707156206710675,-0.7272680852305132,-2.2720597434458063,0.39885376190344024,-0.29378371049559754,-0.279323871775386,-0.48823490159556404,0.0,1.0,0.0,0.0,0.0,0.0,1.0,0.0,1
3352,0.016314516548054683,0.038218572388871115,0.23701685525894223,-0.8439895087218553,0.39885376190344024,0.4172114378144746,-0.06441599768632347,-0.1517231041214353,0.0,0.0,0.0,0.0,0.0,0.0,1.0,0.0,1
4184,-0.5286431155782597,-0.5736729733833892,0.5876659245278352,-2.2720597434458063,0.39885376190344024,2.4883712176742505,2.6160725177595126,0.9078919895952384,0.0,0.0,0.0,1.0,0.0,0.0,0.0,0.0,0
559,-0.504538046744005,-0.5736729733833892,1.1136395284311744,-0.8439895087218553,0.39885376190344024,1.3445964138710909,1.4574685412350672,1.3159473936075319,0.0,0.0,0.0,0.0,0.0,1.0,0.0,0.0,1
2220,-0.47692401219337155,-0.09361322111788624,-0.7272680852305132,0.5840807260020958,0.39885376190344024,-0.7059548109652046,-0.41864072966157084,-0.4312467103308064,1.0,0.0,0.0,0.0,1.0,0.0,0.0,1.0,1
2169,0.04896315408305784,-0.5736729733833892,-0.7272680852305132,0.5840807260020958,-2.5071845761908427,-0.7059548109652046,-0.4573726751552378,-0.4872750084049065,0.0,1.0,0.0,0.0,0.0,0.0,0.0,0.0,0
2717,0.48239670191924466,-0.23504620966995365,-0.7272680852305132,-0.8439895087218553,0.39885376190344024,-0.6029120358478028,-0.45893841568258337,-0.5321914634334912,0.0,1.0,0.0,0.0,0.0,0.0,0.0,1.0,1
4655,3.164009327866677,-0.5736729733833892,0.47078290143820417,0.5840807260020958,0.39885376190344024,0.13899594499748985,-0.4284810880495983,-0.4454814337843577,0.0,0.0,0.0,1.0,0.0,0.0,1.0,0.0,1
2538,-0.763133563668446,-0.5736729733833892,0.12013383216931127,-2.2720597434458063,0.39885376190344024,1.4991605765471934,3.596439087255143,1.3806134918546196,0.0,0.0,1.0,0.0,0.0,0.0,0.0,1.0,0
1759,1.106992599434679,-0.5736729733833892,0.09091307639690353,-1.5580246260838309,0.39885376190344024,0.6542098205844988,-0.20040696801903934,-0.3665258747741645,1.0,1.0,0.0,0.0,0.0,0.0,1.0,0.0,1
4367,-0.27035272610741695,-0.5736729733833892,-0.7272680852305132,-0.8439895087218553,-2.5071845761908427,-0.6029120358478028,-0.35633246357994586,-0.4332406396744419,1.0,1.0,1.0,0.0,0.0,0.0,0.0,0.0,0
3135,0.028824742145579257,-0.5736729733833892,0.47078290143820417,0.5840807260020958,0.39885376190344024,0.13899594499748985,-0.07964054228032857,0.059139282515271355,1.0,1.0,0.0,0.0,0.0,0.0,0.0,0.0,1
673,-0.48287399753853566,0.11022753522869656,-0.7272680852305132,-0.12995439135987974,-2.5071845761908427,-0.6647377009182438,-0.40729336033748137,-0.4486090774557069,0.0,1.0,0.0,0.0,1.0,0.0,0.0,0.0,0
1842,-0.5564097138556923,1.4263298099011985,0.09091307639690353,0.5840807260020958,0.39885376190344024,-0.12891527030775465,-0.26301389597950864,-0.2061222939161259,0.0,1.0,0.0,0.0,0.0,0.0,0.0,1.0,1
3708,0.01280555083167584,-0.5736729733833892,1.376626330382844,0.5840807260020958,0.39885376190344024,0.7778611507253809,0.21612379972638748,0.4869817908744737,0.0,0.0,0.0,0.0,0.0,0.0,0.0,0.0,1
4931,-0.9100524325759601,3.805210520743022,3.188313188272124,0.5840807260020958,-2.5071845761908427,2.0555915621811627,0.18056272179717647,0.43554036058587836,0.0,1.0,0.0,0.0,0.0,0.0,0.0,0.0,0
1887,0.01280555083167584,-0.5736729733833892,0.7045489476174661,0.5840807260020958,0.39885376190344024,0.30386438518533276,0.0019668091982671535,0.1771896658720338,0.0,1.0,0.0,0.0,0.0,0.0,1.0,0.0,1
3553,4.552034114284709,1.9233762918622501,2.954547142092862,0.5840807260020958,0.39885376190344024,1.89072312199332,-0.34613467743612003,-0.326361952942927,0.0,1.0,0.0,0.0,0.0,0.0,1.0,0.0,1
813,-0.16233760753366822,-0.5736729733833892,-0.7272680852305132,0.5840807260020958,0.39885376190344024,-0.7059548109652046,-0.43569719587450023,-0.4559200067761162,1.0,0.0,0.0,0.0,0.0,0.0,0.0,1.0,1
4490,-0.010994390548980668,0.5762547716587464,0.7629904591622816,-0.8439895087218553,0.39885376190344024,0.9736424234484442,0.048936380700478455,-0.04240867365640982,0.0,0.0,0.0,1.0,0.0,0.0,0.0,0.0,1
1591,-0.9674163938524143,-0.5736729733833892,-0.7272680852305132,-1.5580246260838309,0.39885376190344024,-0.499869260730401,2.1577485056129153,1.3390873612473175,0.0,1.0,1.0,0.0,0.0,0.0,0.0,1.0,0
2451,-0.6545081901875008,-0.5736729733833892,-0.7272680852305132,-1.5580246260838309,-2.5071845761908427,-0.499869260730401,-0.0387059890647932,-0.24957034191558833,0.0,0.0,0.0,0.0,0.0,0.0,1.0,0.0,1
4384,-0.578684017968358,-0.5736729733833892,-0.7272680852305132,0.5840807260020958,0.39885376190344024,-0.7059548109652046,-0.33486481520570316,-0.31005935847596217,1.0,1.0,1.0,0.0,0.0,0.0,1.0,0.0,1
3856,-0.7944091276622574,0.26495448615119327,-0.4935020390512513,0.5840807260020958,0.39885376190344024,-0.5410863707773618,-0.2493388838553496,-0.18634049246789783,0.0,1.0,1.0,0.0,0.0,1.0,1.0,0.0,0
4719,-0.21985413253692143,0.5858559667040564,0.5584451687554274,-0.12995439135987974,0.39885376190344024,0.4233940043215188,-0.058465604606203564,-0.028107231896311792,0.0,0.0,0.0,0.0,0.0,1.0,0.0,1.0,1
1531,-0.8577230742838757,1.1161373545911812,-0.7272680852305132,2.012150960726047,0.39885376190344024,-0.7574761985239055,-0.4638823357467843,-0.45642405192927915,1.0,0.0,0.0,0.0,0.0,0.0,0.0,1.0,1
3662,-0.02914947403807121,0.5869637969015922,1.7857169111965525,-0.12995439135987974,0.39885376190344024,1.4620651775049287,0.2103128953791871,0.29589753387585305,0.0,1.0,0.0,1.0,0.0,0.0,1.0,0.0,1
355,-0.7036337102168047,0.8554279814377619,-0.4935020390512513,0.5840807260020958,0.39885376190344024,-0.5410863707773618,-0.3569993175859437,-0.34207836710760375,0.0,1.0,0.0,0.0,0.0,0.0,0.0,1.0,1
3666,0.306185597466307,0.8831237363761564,-0.7272680852305132,0.5840807260020958,-2.5071845761908427,-0.7059548109652046,-0.4970735856144408,-0.5447049778182708,0.0,1.0,0.0,0.0,1.0,0.0,0.0,0.0,0
1254,0.9622096227023518,2.607646077206848,-0.7272680852305132,-0.8439895087218553,-2.5071845761908427,-0.6029120358478028,-0.5030596250288247,-0.574740944439124,1.0,1.0,1.0,0.0,0.0,1.0,1.0,0.0,0
4044,0.5409811730100914,-0.5736729733833892,0.032471564852088054,0.5840807260020958,0.39885376190344024,-0.17013238035471537,-0.3241830568176333,-0.29460749476774345,0.0,1.0,0.0,0.0,0.0,0.0,1.0,0.0,1
2476,-0.4165087763809358,-0.5736729733833892,0.7629904591622816,-0.8439895087218553,0.39885376190344024,0.9736424234484442,0.8913274429141654,0.7699739203857365,1.0,0.0,0.0,1.0,0.0,0.0,1.0,0.0,0
4300,-0.5056059928315986,-0.5736729733833892,1.5519508650172906,-0.8439895087218553,0.39885376190344024,1.8082889018993986,1.8742571514135586,1.7178887572946664,0.0,1.0,0.0,0.0,0.0,0.0,0.0,0.0,0
1304,0.11181940952427888,-0.5736729733833892,-0.7272680852305132,0.5840807260020958,-2.5071845761908427,-0.7059548109652046,-0.46228566202953575,-0.49438196596974965,0.0,0.0,0.0,0.0,0.0,0.0,0.0,1.0,0
1775,-0.7790001912555503,-0.18260891365326026,-0.7272680852305132,-0.8439895087218553,-2.5071845761908427,-0.6029120358478028,-0.19935831492296785,-0.28185837577862094,0.0,1.0,1.0,0.0,0.0,0.0,1.0,0.0,0
986,1.4563635338045726,-0.5736729733833892,2.0779244689206298,-0.8439895087218553,0.39885376190344024,2.3647198875333686,0.07693763302164272,-0.015404908994759346,0.0,1.0,0.0,0.0,0.0,0.0,1.0,0.0,1
4272,-0.7869335050491024,-0.5736729733833892,-0.7272680852305132,-0.12995439135987974,0.39885376190344024,-0.6647377009182438,-0.08239534299435414,-0.05695384456013487,0.0,1.0,1.0,0.0,0.0,0.0,1.0,0.0,1
3128,-0.24517971118556875,-0.5736729733833892,-0.7272680852305132,0.5840807260020958,0.39885376190344024,-0.7059548109652046,-0.42405378817548767,-0.43907705430255106,0.0,0.0,0.0,0.0,0.0,0.0,0.0,1.0,1
1186,-0.6981414160520378,-0.5736729733833892,-0.08441145823754291,0.5840807260020958,0.39885376190344024,-0.2525666004486368,0.37042324631807677,0.7101860548513869,0.0,1.0,1.0,0.0,0.0,0.0,0.0,0.0,0
420,2.858881874268517,-0.5736729733833892,1.0259772611139513,-1.5580246260838309,0.39885376190344024,1.9731573420872415,-0.1954224175056988,-0.36292063524427154,0.0,0.0,1.0,0.0,0.0,0.0,1.0,0.0,1
4327,0.5011620403155315,-0.5736729733833892,-0.7272680852305132,-0.12995439135987974,0.39885376190344024,-0.6647377009182438,-0.47106679962401776,-0.5254861277392776,0.0,1.0,1.0,0.0,0.0,1.0,0.0,1.0,1
4408,0.11593863014785405,-0.5736729733833892,0.6168866803002429,0.5840807260020958,-2.5071845761908427,0.2420387201148916,-0.07249308195776133,0.06947855239499068,0.0,1.0,1.0,0.0,0.0,1.0,1.0,0.0,0
3503,-0.2587578828706869,-0.5736729733833892,-0.4058397717340281,0.5840807260020958,-2.5071845761908427,-0.4792607057069206,-0.2838789429349695,-0.23630495206175942,0.0,0.0,1.0,0.0,0.0,0.0,0.0,1.0,0
1354,-0.5670891747316279,0.53858854494253,-0.7272680852305132,-0.12995439135987974,0.39885376190344024,-0.6647377009182438,-0.4212321973131193,-0.46541194528060137,0.0,1.0,1.0,0.0,0.0,0.0,0.0,1.0,1
3035,0.032181144135159025,1.4776592757203562,-0.7272680852305132,0.5840807260020958,0.39885376190344024,-0.7059548109652046,-0.49632972100092526,-0.5436289288937559,0.0,1.0,0.0,0.0,0.0,1.0,1.0,0.0,1
4264,-0.32512310402828676,0.9281754977426112,-0.7272680852305132,0.5840807260020958,0.39885376190344024,-0.7059548109652046,-0.47398395255846987,-0.5113043100544203,0.0,0.0,0.0,0.0,0.0,0.0,0.0,0.0,1
3051,-0.6148416212197401,0.49538316723863474,0.5876659245278352,0.5840807260020958,0.39885376190344024,0.2214301650914113,0.07460904133128735,0.28227141642294074,0.0,1.0,0.0,0.0,0.0,0.0,0.0,0.0,1
63,-0.751843847885314,-0.5736729733833892,-0.4935020390512513,0.5840807260020958,0.39885376190344024,-0.5410863707773618,0.0651328633315613,0.2685635037734536,0.0,1.0,0.0,1.0,0.0,1.0,1.0,0.0,1
1894,-0.34129485906898926,2.1043218907930936,0.6461074360726506,0.5840807260020958,0.39885376190344024,0.2626472751383721,-0.2378594599128873,-0.16973475324748083,1.0,1.0,0.0,0.0,0.0,0.0,0.0,1.0,1
3988,2.4533674884365615,0.6013655894695573,-0.7272680852305132,0.5840807260020958,0.39885376190344024,-0.7059548109652046,-0.5227568596149673,-0.5818575172241618,0.0,1.0,1.0,0.0,0.0,0.0,0.0,1.0,1
672,-0.46990608076061385,-0.10727646022082747,-0.5519435505960668,2.012150960726047,0.39885376190344024,-0.6647377009182438,-0.3931685494180298,-0.32003454888461536,0.0,0.0,0.0,0.0,0.0,1.0,0.0,0.0,1
1930,-0.759472034225268,-0.5736729733833892,0.32467912257616544,0.5840807260020958,-2.5071845761908427,0.03595316988008812,1.060532746341073,1.708474683998065,0.0,1.0,1.0,0.0,0.0,0.0,0.0,0.0,0
3245,0.3505816419648394,-0.5736729733833892,1.405847086155252,0.5840807260020958,0.39885376190344024,0.7984697057488611,0.037697441415927874,0.2288763675533236,0.0,0.0,1.0,0.0,0.0,1.0,0.0,0.0,1
3949,-0.7703040588280027,0.4525470662672514,-0.7272680852305132,0.5840807260020958,0.39885376190344024,-0.7059548109652046,-0.4060657728238542,-0.41305621096413414,0.0,1.0,0.0,0.0,0.0,0.0,0.0,1.0,1
3582,2.4448239197358133,0.0991492332533388,0.5584451687554274,0.5840807260020958,0.39885376190344024,0.200821610067931,-0.4067224664382333,-0.41400616132425244,1.0,1.0,0.0,0.0,0.0,0.0,0.0,0.0,1
3210,0.8926405632819713,0.7243347413960284,0.7045489476174661,-0.8439895087218553,0.39885376190344024,0.9118167583780032,-0.19602250409358116,-0.27864139642500624,0.0,0.0,0.0,0.0,0.0,0.0,0.0,1.0,1
4570,-0.5745647973447828,-0.5736729733833892,-0.7272680852305132,-1.5580246260838309,0.39885376190344024,-0.499869260730401,-0.12609998699068,-0.312780915297185,0.0,1.0,1.0,0.0,0.0,0.0,0.0,1.0,1
4556,-0.7045490925775991,-0.5736729733833892,-0.7272680852305132,-0.12995439135987974,0.39885376190344024,-0.6647377009182438,-0.1966348450712137,-0.19466628478267314,0.0,1.0,1.0,0.0,0.0,0.0,0.0,1.0,1
4397,-0.6931068130676682,-0.5736729733833892,-0.25973599287198934,2.012150960726047,0.39885376190344024,-0.5101735382421413,0.003781525371184735,0.4455845226545949,0.0,0.0,0.0,0.0,1.0,0.0,0.0,1.0,1
3270,-0.40888059004098176,-0.5736729733833892,-0.7272680852305132,0.5840807260020958,0.39885376190344024,-0.7059548109652046,-0.39205611896372233,-0.39279032830872296,0.0,0.0,1.0,0.0,0.0,0.0,1.0,0.0,1
2397,-0.7040914013972019,-0.5736729733833892,-0.4935020390512513,-1.5580246260838309,0.39885376190344024,-0.17013238035471537,0.5034460540907847,0.1425588925992368,0.0,1.0,0.0,0.0,0.0,0.0,0.0,0.0,1
1216,-0.6023313956222155,-0.5736729733833892,0.6753281918450583,0.5840807260020958,0.39885376190344024,0.2832558301618524,0.7518863854536408,1.2619974908987694,1.0,1.0,1.0,0.0,0.0,0.0,0.0,0.0,1
3068,-0.14204663186939054,0.1515865292700322,-0.4935020390512513,0.5840807260020958,0.39885376190344024,-0.5410863707773618,-0.4000554737680771,-0.40436191939887767,1.0,1.0,0.0,0.0,0.0,1.0,0.0,0.0,1
4831,-0.7495553919833279,0.4879976325883962,-0.4935020390512513,2.012150960726047,0.39885376190344024,-0.6338248683830233,-0.3658654680522085,-0.26737361963158573,1.0,1.0,0.0,0.0,0.0,1.0,0.0,1.0,1
1698,0.09122330640640305,-0.5736729733833892,-0.7272680852305132,0.5840807260020958,0.39885376190344024,-0.7059548109652046,-0.4607359704566352,-0.4921402355257266,1.0,1.0,0.0,0.0,1.0,0.0,0.0,1.0,1
3683,0.9646506423311371,2.3325349114854634,-0.7272680852305132,0.5840807260020958,0.39885376190344024,-0.7059548109652046,-0.5168116776197451,-0.5732574217554859,1.0,1.0,0.0,0.0,0.0,0.0,0.0,1.0,1
2052,-0.5969916651842476,-0.5736729733833892,1.3474055746104363,0.5840807260020958,0.39885376190344024,0.7572525957019005,1.2452410103916591,1.9756672957574708,0.0,1.0,0.0,0.0,0.0,1.0,0.0,1.0,0
1519,2.2647987221128987,-0.5736729733833892,0.032471564852088054,0.5840807260020958,-2.5071845761908427,-0.17013238035471537,-0.440615478123893,-0.463034624448151,0.0,0.0,0.0,1.0,0.0,1.0,0.0,1.0,1
1085,0.017840153816045486,-0.5736729733833892,-0.7272680852305132,0.5840807260020958,-2.5071845761908427,-0.7059548109652046,-0.4547238897156589,-0.4834433666360382,0.0,0.0,1.0,0.0,0.0,1.0,1.0,0.0,0
3459,-0.7461989899937481,-0.5736729733833892,-0.7272680852305132,-2.2720597434458063,0.39885376190344024,-0.29378371049559754,0.4538610348355261,-0.1347015587916309,0.0,0.0,0.0,0.0,0.0,1.0,0.0,0.0,0
3579,-0.7204157201647036,-0.5736729733833892,0.032471564852088054,-1.5580246260838309,0.39885376190344024,0.5717756004905774,1.6616768158961415,0.9802872526635839,1.0,1.0,0.0,1.0,0.0,0.0,1.0,0.0,0
913,1.6087746968768537,-0.5736729733833892,0.7045489476174661,-0.8439895087218553,0.39885376190344024,0.9118167583780032,-0.21988432884719314,-0.3016531922066204,0.0,1.0,0.0,0.0,0.0,0.0,0.0,1.0,1
2816,0.06284645322177414,0.5326801172223392,1.8441584227413679,-1.5580246260838309,-2.5071845761908427,3.1272364234021413,0.6842616261329278,0.27333968139891884,1.0,1.0,0.0,0.0,0.0,0.0,1.0,0.0,0
705,0.17772693950148152,-0.2704967759910985,-0.7272680852305132,0.5840807260020958,0.39885376190344024,-0.7059548109652046,-0.47440095139291316,-0.5119075262031304,0.0,1.0,0.0,0.0,0.0,1.0,0.0,1.0,1
1813,0.4967376922383582,1.5411748737124074,0.06169232062449579,0.5840807260020958,0.39885376190344024,-0.14952382533123507,-0.39693084152272917,-0.39984193403323365,0.0,1.0,0.0,0.0,1.0,0.0,0.0,1.0,1
2623,1.2775588459960507,-0.5736729733833892,-0.7272680852305132,0.5840807260020958,0.39885376190344024,-0.7059548109652046,-0.5050967742083402,-0.5563110460473304,0.0,0.0,0.0,0.0,0.0,0.0,1.0,0.0,1
3716,8.999877005385091,-0.5736729733833892,5.964284986650859,0.5840807260020958,0.39885376190344024,4.013404289411796,-0.31405773317923436,-0.27996055039977447,0.0,1.0,0.0,0.0,1.0,1.0,0.0,1.0,1
3776,-0.8665717704382223,-0.5736729733833892,-0.7272680852305132,-0.12995439135987974,0.39885376190344024,-0.6647377009182438,0.13127409190538705,0.2006185252950598,1.0,0.0,0.0,0.0,0.0,0.0,0.0,1.0,1
3388,0.4540198487346157,0.2679087000112887,0.8798734822519125,-0.12995439135987974,-2.5071845761908427,0.6954269306314594,-0.13224259899527294,-0.11704328067887461,0.0,1.0,0.0,0.0,0.0,0.0,0.0,0.0,0
2298,0.2218178565464157,2.1294327086039044,0.7629904591622816,-0.8439895087218553,0.39885376190344024,0.9736424234484442,-0.17031677695713235,-0.2538513835324542,0.0,1.0,0.0,0.0,0.0,1.0,0.0,1.0,1
4150,-0.32542823148188493,0.6157673820375223,-0.7272680852305132,0.5840807260020958,0.39885376190344024,-0.7059548109652046,-0.4661081445317167,-0.4999114374766803,0.0,0.0,0.0,0.0,0.0,0.0,1.0,0.0,1
562,0.46530956451774763,0.6992239235852175,0.5000036572106119,-1.5580246260838309,0.39885376190344024,1.2312493612419488,-0.04549968310305299,-0.2544841037954569,1.0,1.0,1.0,0.0,0.0,0.0,1.0,0.0,1
4794,-0.3748588789647869,-0.5736729733833892,-0.7272680852305132,0.5840807260020958,0.39885376190344024,-0.7059548109652046,-0.4000028950076458,-0.40428586077532386,1.0,0.0,0.0,0.0,0.0,1.0,0.0,1.0,1
3409,2.815858903311176,-0.5736729733833892,0.7922112149346893,0.5840807260020958,0.39885376190344024,0.3656900502557739,-0.38978074598174806,-0.3894988521373374,0.0,0.0,0.0,0.0,1.0,1.0,1.0,0.0,1
382,-0.9027293736896044,0.9987073536523889,-0.2305152370995816,-0.12995439135987974,0.39885376190344024,-0.24432317843924464,-0.14374574365594445,-0.13090999134072728,0.0,1.0,1.0,0.0,0.0,0.0,1.0,0.0,1
4618,-0.29995008910643856,-0.5736729733833892,1.8733791785137757,0.5840807260020958,0.39885376190344024,1.128206586124547,0.7640431641076114,1.279583068110658,0.0,1.0,0.0,0.0,0.0,0.0,1.0,0.0,1
3638,-0.36067045237247247,-0.5736729733833892,-0.7272680852305132,-0.8439895087218553,0.39885376190344024,-0.6029120358478028,-0.33092646659746566,-0.4087396796587732,1.0,1.0,0.0,0.0,0.0,1.0,0.0,0.0,0
4997,8.00683970764988,-0.5736729733833892,3.217533944044532,-0.12995439135987974,0.39885376190344024,2.6738482128855736,-0.35887013479118557,-0.39023626916965315,0.0,1.0,0.0,0.0,1.0,0.0,0.0,1.0,1
114,-0.39698061935065354,-0.5736729733833892,-0.11363221400995065,0.5840807260020958,0.39885376190344024,-0.2731751554721171,-0.0747630937451255,0.06619483154304012,0.0,1.0,0.0,0.0,0.0,0.0,1.0,0.0,1
2731,1.8467741106834188,-0.5736729733833892,0.47078290143820417,0.5840807260020958,-2.5071845761908427,0.13899594499748985,-0.37421965875274604,-0.3669887194158568,0.0,0.0,0.0,1.0,0.0,1.0,1.0,0.0,1
3980,1.1904449579937757,-0.5736729733833892,-0.4935020390512513,0.5840807260020958,0.39885376190344024,-0.5410863707773618,-0.46828662336183874,-0.5030627499059037,0.0,1.0,0.0,0.0,0.0,0.0,0.0,0.0,1
4207,-0.9634497369556383,-0.5736729733833892,1.7857169111965525,0.5840807260020958,0.39885376190344024,1.066380921054106,11.763428585021074,17.190915100105222,0.0,1.0,0.0,0.0,0.0,0.0,1.0,0.0,1
600,0.3341047594705387,1.0507753729365705,-0.7272680852305132,0.5840807260020958,0.39885376190344024,-0.7059548109652046,-0.4994647159539227,-0.5481639045953008,0.0,1.0,0.0,1.0,0.0,0.0,0.0,1.0,1
2413,-0.6799863325629473,1.1604505624926122,-0.7272680852305132,-0.12995439135987974,0.39885376190344024,-0.6647377009182438,-0.43811316927305494,-0.4857614723677112,1.0,1.0,0.0,0.0,1.0,0.0,1.0,0.0,1
470,-0.4381728255864052,-0.5736729733833892,-0.11363221400995065,-0.12995439135987974,0.39885376190344024,-0.145402114326539,0.05858932067223352,0.11299912017195161,0.0,1.0,0.0,0.0,0.0,0.0,0.0,0.0,1
3164,-0.742079769370173,-0.5736729733833892,-0.7272680852305132,0.5840807260020958,0.39885376190344024,-0.7059548109652046,-0.21825770832450228,-0.1413795346605892,0.0,1.0,0.0,0.0,1.0,1.0,1.0,0.0,1
4149,-0.12877358763787056,-0.5736729733833892,-0.7272680852305132,-0.8439895087218553,0.39885376190344024,-0.6029120358478028,-0.3860216207133617,-0.4618721809725986,0.0,1.0,1.0,0.0,0.0,0.0,1.0,0.0,1
590,-0.24594252981956416,-0.5736729733833892,0.938314993796728,0.5840807260020958,0.39885376190344024,0.4687328253731756,0.27977042996956414,0.5790508136210799,0.0,1.0,0.0,0.0,0.0,0.0,0.0,0.0,1
322,-0.6502364058371266,0.1238907743316378,1.961041445830999,-1.5580246260838309,0.39885376190344024,3.2921048635899837,2.402508049853448,1.5161177237349408,1.0,0.0,0.0,0.0,1.0,0.0,0.0,0.0,0
3995,-0.27279374573620224,-0.5736729733833892,-0.7272680852305132,0.5840807260020958,0.39885376190344024,-0.7059548109652046,-0.4196137934072087,-0.43265431082416683,1.0,0.0,0.0,0.0,0.0,1.0,1.0,0.0,1
388,0.5640182957567526,-0.5736729733833892,-0.4350605275064358,0.5840807260020958,0.39885376190344024,-0.499869260730401,-0.42516832928876136,-0.4406893110821788,0.0,1.0,0.0,0.0,0.0,0.0,1.0,0.0,1
1264,-0.18125550965675416,-0.5736729733833892,-0.7272680852305132,-1.5580246260838309,0.39885376190344024,-0.499869260730401,-0.31908007073408046,-0.45236008588271576,0.0,1.0,0.0,1.0,0.0,0.0,0.0,0.0,1
1524,-0.48317912499213383,-0.024558472138156196,0.7922112149346893,0.5840807260020958,0.39885376190344024,0.3656900502557739,0.22817611309011965,0.5044162521962282,0.0,1.0,0.0,0.0,0.0,0.0,1.0,0.0,1
3113,-0.7548951224212956,0.6589727597414177,1.376626330382844,-0.8439895087218553,0.39885376190344024,1.6228119066880755,0.9705470560083148,0.8463714958957611,0.0,1.0,0.0,0.0,0.0,0.0,1.0,0.0,1
2343,-0.5475610177013457,-0.10838429041836325,-0.17207372555476613,2.012150960726047,0.39885376190344024,-0.46380428943931046,-0.23596511219758387,-0.016827779843440797,0.0,1.0,0.0,0.0,0.0,0.0,1.0,0.0,1
4035,0.5721041732771038,-0.5736729733833892,1.8441584227413679,0.5840807260020958,0.39885376190344024,1.1075980311010667,0.04850152696332132,0.24450518551617073,0.0,1.0,0.0,0.0,0.0,0.0,0.0,0.0,1
1421,0.7284819932461609,-0.5736729733833892,0.5584451687554274,0.5840807260020958,0.39885376190344024,0.200821610067931,-0.24807888699292124,-0.18451782441234887,0.0,1.0,1.0,0.0,0.0,0.0,0.0,1.0,1
162,0.8546521953090003,0.5382192682100181,-0.08441145823754291,-1.5580246260838309,0.39885376190344024,0.4069071603027345,-0.28089335302427204,-0.42474029071045283,0.0,1.0,0.0,0.0,0.0,0.0,0.0,1.0,1
1096,-0.24136561801559175,0.9425772903105764,0.5292244129830197,0.5840807260020958,0.39885376190344024,0.18021305504445068,-0.18282110516860922,-0.09011816529104336,1.0,1.0,1.0,0.0,0.0,0.0,1.0,0.0,1
4381,-0.17652603412598267,5.269392765152806,0.2954583668037577,0.5840807260020958,0.39885376190344024,0.01534461485660781,-0.41280908447611026,-0.42281085329990137,0.0,1.0,0.0,0.0,0.0,1.0,0.0,1.0,1
2824,-0.3208513196779125,-0.5736729733833892,1.0259772611139513,0.5840807260020958,0.39885376190344024,0.5305584904436167,0.40683986651336507,0.7628650831095085,0.0,0.0,0.0,0.0,0.0,0.0,1.0,0.0,1
1822,-0.41345750184495417,-0.5736729733833892,-0.7272680852305132,0.5840807260020958,0.39885376190344024,-0.7059548109652046,-0.39092117272594723,-0.39114855417892774,0.0,1.0,0.0,0.0,0.0,0.0,0.0,1.0,1
2760,0.2009166259749417,1.8727853795081164,-0.1428529697823584,0.5840807260020958,0.39885376190344024,-0.29378371049559754,-0.4167911999207518,-0.42857124432219945,0.0,0.0,1.0,0.0,0.0,0.0,0.0,0.0,1
4680,-0.41666134010773487,-0.5736729733833892,-0.2889567486443971,0.5840807260020958,0.39885376190344024,-0.39682648561299927,-0.15420333827695148,-0.048720689559206255,1.0,0.0,0.0,0.0,0.0,1.0,1.0,0.0,1
4798,-0.894490932442454,-0.5736729733833892,-0.7272680852305132,-0.8439895087218553,0.39885376190344024,-0.6029120358478028,0.46384205046090826,0.3577168255351646,0.0,1.0,0.0,0.0,0.0,0.0,0.0,1.0,1
1139,0.2739946511117011,-0.5736729733833892,-0.7272680852305132,-1.5580246260838309,0.39885376190344024,-0.499869260730401,-0.39818876467429465,-0.5095780416017204,0.0,1.0,0.0,0.0,0.0,1.0,1.0,0.0,1
1292,-0.29369497630767627,-0.5736729733833892,-0.7272680852305132,0.5840807260020958,0.39885376190344024,-0.7059548109652046,-0.41603463314275724,-0.42747682088412625,0.0,1.0,0.0,1.0,0.0,0.0,0.0,0.0,1
3934,-0.2531130249791209,0.8513659373801308,1.8733791785137757,2.012150960726047,0.39885376190344024,0.6181448492934082,-0.01829449436434231,0.4030053097846376,0.0,1.0,0.0,0.0,0.0,0.0,1.0,0.0,1
1371,1.9090201112174436,-0.5736729733833892,2.3701320266447072,0.5840807260020958,0.39885376190344024,1.478552021523713,-0.16182342378451545,-0.05974364275007392,0.0,1.0,1.0,0.0,0.0,1.0,0.0,1.0,1
869,2.7044873827478475,0.8775845853884775,0.8506527264795047,-0.12995439135987974,0.39885376190344024,0.6706966646032831,-0.37409923516483123,-0.40859451248060275,0.0,1.0,0.0,1.0,0.0,1.0,0.0,0.0,1
2632,-0.16187991635327098,-0.5736729733833892,-0.7272680852305132,-0.12995439135987974,0.39885376190344024,-0.6647377009182438,-0.41342801974550386,-0.45600423326131023,1.0,1.0,0.0,0.0,1.0,0.0,0.0,0.0,1
4050,-0.624453136008082,-0.21732092650938123,-0.2889567486443971,-0.12995439135987974,0.39885376190344024,-0.29378371049559754,-0.02477504267943075,0.012505773334426372,1.0,1.0,1.0,0.0,0.0,0.0,0.0,1.0,1
4983,-0.3733332416967961,-0.5736729733833892,-0.7272680852305132,0.5840807260020958,0.39885376190344024,-0.7059548109652046,-0.40034024802290374,-0.40477386402571985,0.0,1.0,0.0,0.0,1.0,0.0,0.0,0.0,1
3955,-0.5800570915095498,-0.10284513943068437,-0.7272680852305132,-1.5580246260838309,0.39885376190344024,-0.499869260730401,-0.2478023263785955,-0.4008061211141295,1.0,0.0,1.0,0.0,0.0,1.0,0.0,0.0,1
563,-0.46227789442065986,-0.5736729733833892,-0.7272680852305132,-1.5580246260838309,0.39885376190344024,-0.499869260730401,-0.20799941544340747,-0.37201736122007495,0.0,1.0,0.0,0.0,0.0,0.0,0.0,1.0,1
1145,-0.2807270595297544,0.7893274463181273,0.4123413898933887,-0.8439895087218553,0.39885376190344024,0.6026884330257978,-0.0025485781590236217,-0.09205958557672839,0.0,1.0,0.0,0.0,1.0,0.0,0.0,1.0,1
4640,0.39818152472615237,-0.5736729733833892,2.0779244689206298,0.5840807260020958,-2.5071845761908427,1.2724664712889096,0.17509773799789427,0.4276349032850987,0.0,1.0,0.0,0.0,0.0,0.0,1.0,0.0,0
59,0.5965143695649566,-0.13017161763656684,-0.4935020390512513,-1.5580246260838309,0.39885376190344024,-0.17013238035471537,-0.3534714499525798,-0.4772347780970348,0.0,0.0,1.0,0.0,0.0,0.0,1.0,0.0,1
1366,-0.30620520190520084,-0.5736729733833892,-0.7272680852305132,0.5840807260020958,0.39885376190344024,-0.7059548109652046,-0.41379480383792233,-0.42423676097164614,0.0,1.0,1.0,0.0,0.0,0.0,1.0,0.0,1
3236,0.6387745218883019,-0.1685763978178071,0.9675357495691358,0.5840807260020958,0.39885376190344024,0.4893413803966559,-0.186334360698359,-0.09520031971221711,0.0,1.0,1.0,0.0,0.0,0.0,0.0,0.0,1
3011,1.1257579378309657,-0.5736729733833892,-0.7272680852305132,0.5840807260020958,0.39885376190344024,-0.7059548109652046,-0.5021320560047685,-0.55202238682564,0.0,1.0,0.0,0.0,0.0,1.0,1.0,0.0,1
1895,-0.48211117890454025,-0.5736729733833892,-0.7272680852305132,0.5840807260020958,-2.5071845761908427,-0.7059548109652046,-0.3716618552774888,-0.363288689022338,0.0,0.0,1.0,0.0,0.0,0.0,0.0,1.0,0
302,0.3234252985946031,0.7095636720955514,-0.7272680852305132,0.5840807260020958,0.39885376190344024,-0.7059548109652046,-0.4956261739225453,-0.5426112019266693,0.0,1.0,0.0,1.0,0.0,0.0,1.0,0.0,1
1031,-0.8424667016039676,-0.5736729733833892,4.824675511526957,0.5840807260020958,0.39885376190344024,3.2096706434960622,9.382607133435423,13.746900805174858,0.0,0.0,0.0,0.0,0.0,1.0,0.0,1.0,1
3772,-0.6387941263271956,1.2077179842541388,-0.7272680852305132,0.5840807260020958,0.39885376190344024,-0.7059548109652046,-0.4611894256853716,-0.49279618823853455,1.0,1.0,0.0,0.0,0.0,0.0,0.0,1.0,1
4632,-0.018470013162135597,-0.5736729733833892,-0.6103850621408823,0.5840807260020958,0.39885376190344024,-0.6235205908712832,-0.4130445020238892,-0.42315140021461783,1.0,1.0,0.0,1.0,0.0,0.0,0.0,1.0,1
4182,-0.6589325382646742,-0.5736729733833892,0.7629904591622816,0.5840807260020958,0.39885376190344024,0.3450814952322936,1.022120158394896,1.6529083575506134,0.0,0.0,0.0,0.0,1.0,1.0,0.0,1.0,0
581,-0.5020970271152198,-0.5736729733833892,-0.7272680852305132,0.5840807260020958,0.39885376190344024,-0.7059548109652046,-0.3651311588392971,-0.35384160853085334,0.0,0.0,0.0,1.0,0.0,0.0,0.0,0.0,1
1470,0.913084102673048,-0.5736729733833892,-0.7272680852305132,0.5840807260020958,-2.5071845761908427,-0.7059548109652046,-0.49720330374412297,-0.5448926235960083,0.0,0.0,0.0,0.0,0.0,0.0,0.0,0.0,0
2903,-0.0639340037482615,-0.5736729733833892,-0.7272680852305132,0.5840807260020958,0.39885376190344024,-0.7059548109652046,-0.4469592600166125,-0.4722113207971759,0.0,1.0,0.0,0.0,0.0,1.0,0.0,0.0,1
1814,-0.4349689873236245,-0.5736729733833892,-0.7272680852305132,0.5840807260020958,0.39885376190344024,-0.7059548109652046,-0.385356873380334,-0.3830994304301474,0.0,1.0,0.0,0.0,1.0,1.0,0.0,0.0,1
1746,0.5960566783845593,1.0116320392903064,-0.46428128327884355,-0.8439895087218553,0.39885376190344024,-0.32469654303081796,-0.4254530114831225,-0.499898908649467,1.0,1.0,0.0,0.0,0.0,0.0,0.0,1.0,1
3621,-0.04654173889316635,-0.5736729733833892,-0.7272680852305132,-0.8439895087218553,0.39885376190344024,-0.6029120358478028,-0.3993803774005084,-0.47475505912441973,0.0,1.0,1.0,0.0,0.0,1.0,0.0,0.0,1
1440,0.23432808214394027,1.7867439008328376,-0.7272680852305132,-2.2720597434458063,0.39885376190344024,-0.29378371049559754,-0.4166671889885527,-0.5544602720421481,0.0,1.0,0.0,0.0,0.0,0.0,1.0,0.0,1
3976,0.08435793870044445,-0.5736729733833892,-0.7272680852305132,2.012150960726047,0.39885376190344024,-0.7574761985239055,-0.48200319834845434,-0.4913747393877644,1.0,1.0,0.0,0.0,0.0,0.0,0.0,0.0,1
260,-0.6827324796453307,1.9998165754922186,0.032471564852088054,0.5840807260020958,0.39885376190344024,-0.17013238035471537,-0.29896111720161206,-0.2581223057899665,0.0,0.0,0.0,0.0,0.0,0.0,0.0,1.0,1
4686,-0.643218474404369,-0.5736729733833892,-0.7272680852305132,-0.8439895087218553,0.39885376190344024,-0.6029120358478028,-0.1767360976136593,-0.2600420289474632,0.0,1.0,0.0,0.0,0.0,0.0,1.0,0.0,1
4611,-0.890829402999276,-0.5736729733833892,0.5584451687554274,-0.8439895087218553,0.39885376190344024,0.7572525957019005,4.779132516160752,4.519283845676824,1.0,1.0,0.0,0.0,0.0,0.0,0.0,0.0,0
3335,-0.7835771030595227,-0.5736729733833892,0.06169232062449579,-1.5580246260838309,0.39885376190344024,0.612992710537538,2.2825392331762937,1.4293463450356225,0.0,0.0,0.0,0.0,0.0,1.0,1.0,0.0,0
3609,-0.5019444633884207,0.3613357133368058,-0.7272680852305132,-1.5580246260838309,0.39885376190344024,-0.499869260730401,-0.3352858009016454,-0.46408141137726433,0.0,0.0,1.0,0.0,0.0,0.0,1.0,0.0,1
2578,-0.10131211681403614,-0.10432224636073208,1.8149376669689603,-0.8439895087218553,0.39885376190344024,2.0865043947163837,0.711930304210728,0.5969674398555952,0.0,1.0,0.0,1.0,0.0,0.0,0.0,1.0,1
4404,-0.36158583473326694,0.19036058618378437,1.2013017957483976,0.5840807260020958,0.39885376190344024,0.6542098205844988,0.20207486104380606,0.4666590801482301,0.0,0.0,0.0,0.0,0.0,0.0,0.0,1.0,1
3367,-0.1754580880383891,-0.5736729733833892,1.493509353472475,2.012150960726047,0.39885376190344024,0.4172114378144746,0.1839767513623004,0.793136797817599,0.0,0.0,0.0,0.0,0.0,0.0,0.0,1.0,1
4487,-0.5676994296388242,0.23947439160787043,-0.7272680852305132,0.5840807260020958,0.39885376190344024,-0.7059548109652046,-0.42610283485274975,-0.4420411346382563,0.0,1.0,0.0,0.0,1.0,0.0,0.0,1.0,1
3804,-0.6728158374033905,0.9052803403268719,-0.7272680852305132,0.5840807260020958,0.39885376190344024,-0.7059548109652046,-0.44717858061293153,-0.4725285824164345,1.0,1.0,0.0,0.0,0.0,0.0,0.0,1.0,1
182,-0.7214836662522971,-0.5736729733833892,0.14935458794171902,0.5840807260020958,0.39885376190344024,-0.08769816026079394,0.6839846144744525,1.1637731281488193,0.0,1.0,0.0,0.0,0.0,0.0,0.0,0.0,0
1948,0.8059843664600937,-0.5736729733833892,0.9967565053415435,0.5840807260020958,-2.5071845761908427,0.5099499354201362,-0.18099440241873985,-0.08747572002117704,0.0,1.0,1.0,0.0,0.0,0.0,1.0,0.0,0
1744,-0.6828850433721297,2.314440351592379,-0.7272680852305132,-1.5580246260838309,0.39885376190344024,-0.499869260730401,-0.4209342103510626,-0.5260294306807247,0.0,0.0,0.0,1.0,0.0,0.0,0.0,0.0,1
3673,0.40519945615891007,-0.5736729733833892,1.961041445830999,0.5840807260020958,0.39885376190344024,1.190032251194988,0.14445764760084545,0.38331200403739835,0.0,0.0,0.0,0.0,0.0,0.0,0.0,0.0,1
1229,3.3551716775459246,-0.5736729733833892,1.6688338881069216,-0.8439895087218553,0.39885376190344024,1.9319402320402808,-0.23962724381846,-0.32069280598904054,1.0,1.0,0.0,0.0,0.0,0.0,1.0,0.0,1
0,0.07581436999969596,-0.003140421652464525,-0.7272680852305132,0.5840807260020958,0.39885376190344024,-0.7059548109652046,-0.4748624012297763,-0.5125750436406482,0.0,1.0,1.0,0.0,0.0,1.0,1.0,0.0,1
1379,2.191415569522541,-0.5736729733833892,2.1071452246930376,-0.8439895087218553,0.39885376190344024,2.3956327200685887,-0.060534113212914145,-0.1479795038866547,0.0,1.0,0.0,0.0,1.0,0.0,1.0,0.0,1
2581,-0.016181557260149394,-0.5736729733833892,-0.2305152370995816,-2.2720597434458063,0.39885376190344024,0.7572525957019005,0.22816865605881864,-0.2435278322116917,0.0,1.0,0.0,1.0,0.0,0.0,0.0,1.0,0
3215,2.079128666598418,-0.5736729733833892,1.610392376562106,-2.2720597434458063,0.39885376190344024,4.652269495139687,0.30110670355832503,-0.20835794325518495,1.0,0.0,0.0,1.0,0.0,0.0,0.0,0.0,1
3737,-0.37989348194915656,0.45771694052241835,0.8214319707070971,-1.5580246260838309,0.39885376190344024,1.6846375717585165,0.5897243364922581,0.2049624881596708,1.0,1.0,0.0,0.0,0.0,0.0,1.0,0.0,0
4072,-0.8208026523984983,-0.5736729733833892,-0.7272680852305132,-1.5580246260838309,0.39885376190344024,-0.499869260730401,0.3474139397352703,0.029703551861546842,0.0,1.0,0.0,0.0,0.0,0.0,1.0,0.0,1
2461,0.3183906956102334,-0.5736729733833892,-0.7272680852305132,-1.5580246260838309,0.39885376190344024,-0.499869260730401,-0.4030655776413368,-0.5131053564201015,1.0,0.0,0.0,0.0,0.0,0.0,0.0,1.0,1
3483,-0.32756412365707205,0.3513652415589838,-0.7272680852305132,2.012150960726047,0.39885376190344024,-0.7574761985239055,-0.48022582175799494,-0.48794661705856307,0.0,0.0,0.0,0.0,0.0,0.0,0.0,0.0,1
1492,-0.5625122629276555,-0.5736729733833892,-0.7272680852305132,-1.5580246260838309,0.39885376190344024,-0.499869260730401,-0.13673664496136456,-0.3204742267962318,0.0,0.0,0.0,0.0,0.0,0.0,1.0,0.0,1
4430,-0.8595538390054647,-0.5736729733833892,-0.6688265736856978,0.5840807260020958,0.39885376190344024,-0.6647377009182438,0.10486236611279331,0.3260348338548878,0.0,1.0,1.0,0.0,0.0,0.0,0.0,1.0,1
2769,-0.39911651152584066,-0.02825123946327545,0.14935458794171902,-0.12995439135987974,0.39885376190344024,0.07717027992704895,-0.004172299911311151,0.03734178828804646,1.0,0.0,0.0,0.0,0.0,0.0,0.0,0.0,1
2079,-0.5168957086147306,1.0710855932247263,0.4123413898933887,-2.2720597434458063,-2.5071845761908427,2.117417227251604,0.6508216404122407,-0.039729416481593643,0.0,1.0,1.0,0.0,0.0,1.0,0.0,1.0,0
4867,-0.3115449323431686,-0.5736729733833892,-0.7272680852305132,-0.12995439135987974,0.39885376190344024,-0.6647377009182438,-0.38589993346912665,-0.4228199155178213,0.0,1.0,0.0,0.0,0.0,1.0,1.0,0.0,1
1540,-0.3063577656319999,-0.5736729733833892,0.5584451687554274,-1.5580246260838309,0.39885376190344024,1.31368358133587,0.8957620013098052,0.4263142597754645,0.0,1.0,0.0,0.0,0.0,0.0,0.0,1.0,0
497,-0.39591267326305996,-0.5736729733833892,2.779222607458416,-0.12995439135987974,0.39885376190344024,2.302894222462927,1.8270560816799184,2.244835032297731,0.0,0.0,0.0,0.0,0.0,1.0,0.0,1.0,1
3095,1.0468824910758414,0.8122226037338667,-0.7272680852305132,0.5840807260020958,-2.5071845761908427,-0.7059548109652046,-0.510534474784552,-0.5641770363774963,0.0,0.0,1.0,0.0,0.0,1.0,0.0,0.0,0
1619,0.8392432589022932,-0.5736729733833892,-0.7272680852305132,0.5840807260020958,0.39885376190344024,-0.7059548109652046,-0.4952311079304674,-0.5420397130721603,0.0,1.0,0.0,1.0,0.0,0.0,1.0,0.0,1
4460,0.9005738770755234,-0.5736729733833892,0.9090942380243203,-1.5580246260838309,0.39885376190344024,1.8082889018993986,0.11937515065220085,-0.135232976427384,0.0,1.0,0.0,0.0,0.0,0.0,0.0,0.0,1
1370,-0.38691141338191426,-0.5736729733833892,0.4123413898933887,-0.8439895087218553,0.39885376190344024,0.6026884330257978,0.5559163672861915,0.4465111821023143,0.0,1.0,0.0,1.0,0.0,0.0,1.0,0.0,1
2912,-0.6220121163792968,0.40158687718060565,-0.7272680852305132,0.5840807260020958,-2.5071845761908427,-0.7059548109652046,-0.42797403116859606,-0.44474794276790564,0.0,1.0,0.0,1.0,0.0,0.0,0.0,1.0,0
3183,-0.464413786595847,0.9178357492322773,-0.7272680852305132,-1.5580246260838309,0.39885376190344024,-0.499869260730401,-0.38288827385079477,-0.4985114601324362,1.0,0.0,0.0,0.0,0.0,0.0,0.0,1.0,1
336,-0.6525248617391128,0.5426505890001612,-0.522722794823659,-0.8439895087218553,0.39885376190344024,-0.38652220810125915,-0.25283993231091895,-0.3334348193285076,0.0,1.0,0.0,0.0,0.0,1.0,1.0,0.0,1
1312,1.240333296657075,1.305207041637287,1.8149376669689603,0.5840807260020958,0.39885376190344024,1.0869894760775862,-0.23632282448037145,-0.16751190936636726,0.0,1.0,0.0,0.0,0.0,1.0,0.0,0.0,1
836,1.552173554234395,-0.20550407106899962,-0.7272680852305132,-0.8439895087218553,0.39885376190344024,-0.6029120358478028,-0.4938144845609171,-0.5658251432958094,0.0,1.0,0.0,1.0,0.0,0.0,1.0,0.0,1
2674,-0.7053119112115945,0.08253178029030216,1.405847086155252,-1.5580246260838309,0.39885376190344024,2.5089797726977303,2.1390101238352996,1.3255342124668847,0.0,1.0,0.0,0.0,0.0,0.0,1.0,0.0,1
2965,-0.4303920755196521,-0.5736729733833892,-0.7272680852305132,-0.12995439135987974,0.39885376190344024,-0.6647377009182438,-0.35440990774902825,-0.3848595935123241,0.0,1.0,0.0,0.0,0.0,0.0,1.0,0.0,1
1897,1.6540861237361806,-0.5736729733833892,-0.025969946692727428,-0.8439895087218553,-2.5071845761908427,0.13899594499748985,-0.36183336320577153,-0.43854558093990387,0.0,0.0,0.0,0.0,0.0,0.0,0.0,0.0,1
4252,-0.1531837839257234,-0.5736729733833892,1.2597433072932132,0.5840807260020958,0.39885376190344024,0.6954269306314594,0.31483633696853025,0.6297759467001293,0.0,1.0,0.0,1.0,0.0,0.0,1.0,0.0,0
3830,-0.40216778606182224,-0.5736729733833892,-0.7272680852305132,0.5840807260020958,0.39885376190344024,-0.7059548109652046,-0.3936912379996186,-0.39515563517782437,0.0,0.0,1.0,0.0,0.0,0.0,0.0,1.0,1
2591,-0.519794419423913,1.513109842041501,-0.7272680852305132,0.5840807260020958,0.39885376190344024,-0.7059548109652046,-0.4764795166029669,-0.5149143070314879,0.0,1.0,0.0,0.0,0.0,0.0,1.0,0.0,1
2145,1.4295123178879345,0.6803908102271093,-0.4935020390512513,0.5840807260020958,0.39885376190344024,-0.5410863707773618,-0.4883357554888789,-0.5320651337681989,0.0,1.0,1.0,0.0,0.0,1.0,1.0,0.0,1
2391,-0.6834952982793261,0.5507746771154235,-0.63960581791329,-0.8439895087218553,-2.5071845761908427,-0.5101735382421413,-0.3145698303492432,-0.39296571530756547,0.0,1.0,0.0,1.0,0.0,0.0,1.0,0.0,0
1173,-0.3266487412962776,-0.5736729733833892,-0.7272680852305132,0.5840807260020958,0.39885376190344024,-0.7059548109652046,-0.4099654815804214,-0.4186973953102923,0.0,1.0,1.0,0.0,0.0,1.0,1.0,0.0,1
950,-0.4216959430921045,-0.5736729733833892,-0.5519435505960668,0.5840807260020958,-2.5071845761908427,-0.5823034808243225,-0.2937020141125207,-0.250514668432163,0.0,0.0,0.0,0.0,0.0,0.0,1.0,0.0,0
966,-0.603399341709809,0.3919856821352956,0.23701685525894223,0.5840807260020958,0.39885376190344024,-0.02587249519035291,-0.04289549935839048,0.11229339577592777,1.0,1.0,0.0,0.0,0.0,0.0,1.0,0.0,1
1784,-0.23892459838680646,2.5902900707787873,-0.5519435505960668,-0.8439895087218553,0.39885376190344024,-0.41743504063647957,-0.4358038956180081,-0.5098810635907015,0.0,1.0,0.0,0.0,0.0,0.0,1.0,0.0,1
154,-0.09200572947929224,-0.5736729733833892,-0.7272680852305132,-1.5580246260838309,0.39885376190344024,-0.499869260730401,-0.3405773713351227,-0.46790871312712656,0.0,1.0,0.0,0.0,0.0,0.0,0.0,1.0,1
1592,0.02333244798081237,-0.5736729733833892,-0.7272680852305132,0.5840807260020958,0.39885376190344024,-0.7059548109652046,-0.45520259072809904,-0.4841358390298599,0.0,1.0,0.0,0.0,0.0,0.0,1.0,0.0,1
1900,0.2695703030345278,-0.5736729733833892,0.5292244129830197,-0.8439895087218553,0.39885376190344024,0.72633976316668,0.04769602935404453,-0.04360484000899634,0.0,1.0,1.0,0.0,0.0,0.0,0.0,0.0,1
3872,-0.7281964702314566,0.1778051772783789,2.954547142092862,0.5840807260020958,-2.5071845761908427,1.89072312199332,1.5952277819315053,2.4819461027704763,1.0,1.0,0.0,0.0,1.0,0.0,0.0,0.0,0
4366,-0.5474084539745466,0.42337420439880924,-0.7272680852305132,-2.2720597434458063,0.39885376190344024,-0.29378371049559754,-0.2222552960052639,-0.46071708967778857,0.0,1.0,0.0,0.0,0.0,1.0,0.0,0.0,1
1532,-0.06881604300583205,1.0659157189695594,-0.7272680852305132,0.5840807260020958,0.39885376190344024,-0.7059548109652046,-0.48793190247017854,-0.5314809339036821,0.0,1.0,0.0,1.0,0.0,0.0,1.0,0.0,1
1076,-0.824006490661279,-0.23984680719260867,0.9675357495691358,0.5840807260020958,-2.5071845761908427,0.4893413803966559,1.3365241775306838,2.1077143807263745,0.0,1.0,0.0,0.0,0.0,0.0,1.0,0.0,0
2853,-0.1454030338589703,-0.5736729733833892,1.5519508650172906,0.5840807260020958,0.39885376190344024,0.9015124808662631,0.41691672322179635,0.7774419168862238,0.0,1.0,0.0,1.0,0.0,0.0,0.0,1.0,1
884,0.2538562391742225,-0.5736729733833892,-0.7272680852305132,0.5840807260020958,0.39885376190344024,-0.7059548109652046,-0.47162934110212695,-0.5078982102356998,0.0,1.0,0.0,0.0,0.0,1.0,1.0,0.0,1
676,-0.7315528722210364,0.027878823878537205,-0.4935020390512513,0.5840807260020958,0.39885376190344024,-0.5410863707773618,-0.23055742768842932,-0.15917188497933474,0.0,0.0,0.0,1.0,0.0,0.0,1.0,0.0,1
2895,16.300966715081874,-0.13349510822917418,5.905843475106043,2.012150960726047,0.39885376190344024,2.7511302942236244,-0.44796339494243653,-0.4257203300947782,0.0,1.0,0.0,0.0,0.0,0.0,0.0,1.0,1
1670,-0.42047543327771186,-0.5736729733833892,3.4512999902237937,-0.8439895087218553,0.39885376190344024,3.817623016688733,3.084309246976154,2.884835208193637,0.0,1.0,1.0,0.0,0.0,1.0,0.0,1.0,0
2700,-0.018164885708537436,0.7535076032644705,-0.7272680852305132,0.5840807260020958,0.39885376190344024,-0.7059548109652046,-0.4849620540783316,-0.5271848535283626,0.0,0.0,0.0,0.0,1.0,0.0,0.0,0.0,1
2295,0.09900405647315615,0.45513200339483484,-0.522722794823659,-0.12995439135987974,0.39885376190344024,-0.49162583872100896,-0.4195375076555868,-0.4633690455487584,0.0,1.0,0.0,0.0,0.0,0.0,0.0,0.0,1
1572,-0.091548038298895,0.7180570369433257,1.493509353472475,0.5840807260020958,0.39885376190344024,0.8602953708193023,0.021400073719966464,0.2053011568724701,0.0,0.0,1.0,0.0,0.0,1.0,1.0,0.0,1
3864,-0.4830265612653348,-0.5736729733833892,-0.7272680852305132,0.5840807260020958,0.39885376190344024,-0.7059548109652046,-0.37137298310417965,-0.36287081648778835,0.0,0.0,0.0,0.0,0.0,0.0,0.0,0.0,1
1314,-0.28377833406573605,0.24279788220047777,-0.7272680852305132,0.5840807260020958,0.39885376190344024,-0.7059548109652046,-0.4577494844989742,-0.4878200878208481,0.0,1.0,0.0,0.0,0.0,0.0,0.0,1.0,1
4312,0.07398360527810699,-0.5736729733833892,1.0259772611139513,0.5840807260020958,0.39885376190344024,0.5305584904436167,0.06859124624488706,0.27356628135801536,0.0,1.0,0.0,0.0,0.0,0.0,0.0,1.0,1
4436,0.8772316268752641,-0.5736729733833892,-0.7272680852305132,0.5840807260020958,0.39885376190344024,-0.7059548109652046,-0.4962647040263934,-0.5435348775781684,0.0,1.0,0.0,0.0,0.0,0.0,0.0,0.0,1
842,-0.7344515830302188,0.15417146639761567,-0.7272680852305132,0.5840807260020958,0.39885376190344024,-0.7059548109652046,-0.3856831468341341,-0.38357140636861853,0.0,0.0,1.0,0.0,0.0,0.0,0.0,0.0,1
1485,0.5412863004636896,0.28821892029944457,0.14935458794171902,-0.8439895087218553,-2.5071845761908427,0.32447294020881307,-0.24381502703474606,-0.32473140794617955,0.0,1.0,1.0,0.0,0.0,1.0,0.0,0.0,1
1167,0.13745011562652434,-0.07219517063219456,0.6753281918450583,-0.8439895087218553,0.39885376190344024,0.8809039258427825,0.06853015695494132,-0.023512885827354953,0.0,0.0,0.0,1.0,0.0,1.0,1.0,0.0,1
3369,-0.20719134321259777,1.385340092592375,-0.63960581791329,0.5840807260020958,0.39885376190344024,-0.6441291458947634,-0.46979210561788237,-0.5052405286751285,1.0,0.0,0.0,0.0,1.0,1.0,1.0,0.0,1
4144,-0.8174462504089185,2.7032887509274364,1.493509353472475,0.5840807260020958,0.39885376190344024,0.8602953708193023,-0.012621777390756385,0.15608631907466525,0.0,0.0,1.0,0.0,0.0,0.0,0.0,0.0,1
4919,1.069156795188507,-0.5736729733833892,-0.7272680852305132,-2.2720597434458063,0.39885376190344024,-0.29378371049559754,-0.4079673033321226,-0.5502652870794231,0.0,0.0,1.0,0.0,0.0,1.0,1.0,0.0,1
2356,-0.48180605145094213,0.206978039146821,-0.6980473294581054,0.5840807260020958,0.39885376190344024,-0.6853462559417242,-0.42495339952515016,-0.44037840109025567,0.0,0.0,1.0,0.0,0.0,0.0,0.0,0.0,1
4242,-0.5721237777159975,-0.02825123946327545,-0.7272680852305132,0.5840807260020958,0.39885376190344024,-0.7059548109652046,-0.4059724468358176,-0.4129212088048281,0.0,1.0,0.0,0.0,0.0,0.0,0.0,1.0,1
3871,-0.18918882345030633,1.151957197644838,1.3474055746104363,0.5840807260020958,-2.5071845761908427,0.7572525957019005,-0.039634122189622915,0.11701119163706411,1.0,0.0,0.0,0.0,0.0,1.0,1.0,0.0,1
3123,-0.4767714484665725,0.9399923531829928,-0.7272680852305132,0.5840807260020958,0.39885376190344024,-0.7059548109652046,-0.4649186184413437,-0.4981907100123387,0.0,0.0,1.0,0.0,0.0,0.0,0.0,0.0,1
57,-0.4543445806271077,-0.5736729733833892,-0.05519070246513517,0.5840807260020958,-2.5071845761908427,-0.2319580454251564,0.005018778000908767,0.18160453880464214,0.0,1.0,0.0,0.0,0.0,0.0,0.0,1.0,0
3293,-0.05722119976910196,8.077742315905999,-0.4935020390512513,0.5840807260020958,0.39885376190344024,-0.5410863707773618,-0.5086751034309218,-0.5614873338308305,1.0,0.0,0.0,1.0,0.0,0.0,0.0,1.0,1
4979,-0.9129511433851427,-0.5736729733833892,-0.7272680852305132,0.5840807260020958,0.39885376190344024,-0.7059548109652046,0.22480825962656634,0.49954443139505766,1.0,0.0,0.0,1.0,0.0,0.0,1.0,0.0,0
4551,0.42762632399837486,1.0304651526484145,0.06169232062449579,-1.5580246260838309,0.39885376190344024,0.612992710537538,-0.20690075726541873,-0.371222720683777,0.0,1.0,1.0,0.0,0.0,0.0,1.0,0.0,1
1460,-0.3687563298928237,-0.5736729733833892,1.2305225515208054,0.5840807260020958,0.39885376190344024,0.6748183756079791,0.5771873592138977,1.0092838977482317,0.0,1.0,0.0,0.0,0.0,0.0,0.0,1.0,1
3271,-0.6668658520582263,-0.5736729733833892,-0.7272680852305132,0.5840807260020958,0.39885376190344024,-0.7059548109652046,-0.2846231138424316,-0.23738144406054568,0.0,0.0,0.0,0.0,0.0,0.0,0.0,1.0,1
3036,-0.4697535170338148,5.968433619797881,0.938314993796728,0.5840807260020958,0.39885376190344024,0.4687328253731756,-0.3467419118461923,-0.3272403573219154,1.0,1.0,0.0,0.0,0.0,0.0,1.0,0.0,1
580,-0.0569160723155038,-0.1951643225586657,-0.7272680852305132,0.5840807260020958,0.39885376190344024,-0.7059548109652046,-0.46136257043970036,-0.4930466534754818,0.0,0.0,0.0,0.0,0.0,0.0,0.0,1.0,1
828,-0.5040803555636079,-0.5736729733833892,-0.4935020390512513,0.5840807260020958,0.39885376190344024,-0.5410863707773618,-0.21810776084429762,-0.14116262580126673,0.0,1.0,0.0,0.0,0.0,0.0,0.0,0.0,1
1547,-0.08529292550013272,-0.5736729733833892,-0.08441145823754291,0.5840807260020958,0.39885376190344024,-0.2525666004486368,-0.21881529630946692,-0.14218612223128685,0.0,1.0,0.0,0.0,0.0,0.0,1.0,0.0,1
4834,-0.877403795040957,-0.5736729733833892,-0.7272680852305132,2.012150960726047,0.39885376190344024,-0.7574761985239055,-0.09494808118769793,0.25515939237295415,0.0,1.0,0.0,0.0,0.0,1.0,1.0,0.0,1
2348,0.26590877359134985,0.7099329488280633,-0.2889567486443971,0.5840807260020958,0.39885376190344024,-0.39682648561299927,-0.41393356331396713,-0.4244374856495665,1.0,0.0,1.0,0.0,0.0,0.0,0.0,0.0,1
2242,2.6047107054212493,0.2904345806945161,-0.6980473294581054,0.5840807260020958,0.39885376190344024,-0.6853462559417242,-0.520448278960173,-0.578518003977246,0.0,1.0,0.0,0.0,0.0,0.0,0.0,1.0,1
4265,0.07291565919051343,2.0142183680601837,-0.4935020390512513,0.5840807260020958,0.39885376190344024,-0.5410863707773618,-0.46653326440002835,-0.5005264012332228,0.0,1.0,1.0,0.0,0.0,1.0,0.0,1.0,1
2544,4.185118351332921,-0.5736729733833892,0.9675357495691358,0.5840807260020958,0.39885376190344024,0.4893413803966559,-0.4198286979072227,-0.4329651842706407,0.0,0.0,1.0,0.0,0.0,0.0,1.0,0.0,1
3571,1.1019579964503092,0.17374313322074772,2.3409112708722994,-0.12995439135987974,0.39885376190344024,1.9319402320402808,0.004565451469697285,0.04787489673880767,0.0,1.0,0.0,0.0,0.0,0.0,0.0,0.0,0
1985,0.09046048777240766,-0.5736729733833892,-0.4935020390512513,0.5840807260020958,0.39885376190344024,-0.5410863707773618,-0.3913055399596619,-0.3917045665781501,0.0,1.0,0.0,0.0,0.0,0.0,1.0,0.0,1
4986,-0.4116267371233652,1.9909539339119324,-0.1428529697823584,0.5840807260020958,0.39885376190344024,-0.29378371049559754,-0.37317088577094953,-0.3654716005495771,0.0,1.0,0.0,0.0,0.0,0.0,1.0,0.0,1
4817,-0.6673235432386236,-0.5736729733833892,0.0032508090796803113,0.5840807260020958,0.39885376190344024,-0.19074093537819567,0.3734300134718588,0.714535540635907,1.0,0.0,1.0,0.0,0.0,0.0,0.0,1.0,1
2526,0.009449148842096076,-0.5736729733833892,-0.7272680852305132,0.5840807260020958,0.39885376190344024,-0.7059548109652046,-0.4539828647707328,-0.4823714254782812,0.0,0.0,0.0,1.0,0.0,1.0,1.0,0.0,1
3649,-0.5088098310943793,-0.5736729733833892,-0.7272680852305132,0.5840807260020958,0.39885376190344024,-0.7059548109652046,-0.362827368027599,-0.3505090241059553,0.0,1.0,0.0,0.0,0.0,0.0,0.0,1.0,1
4550,1.2456730270950427,1.3096383624274301,0.8798734822519125,2.012150960726047,0.39885376190344024,0.09262669619465906,-0.39142180905437357,-0.3166655163024885,0.0,1.0,0.0,0.0,0.0,0.0,1.0,0.0,1
1377,0.6830180026600351,-0.5736729733833892,2.808443363230823,0.5840807260020958,0.39885376190344024,1.7876803468759184,0.1978807265936458,0.4605919897363928,1.0,0.0,0.0,0.0,0.0,1.0,0.0,0.0,1
695,-0.45449714435390676,0.5049843622839447,0.9675357495691358,0.5840807260020958,0.39885376190344024,0.4893413803966559,0.09907140908272531,0.31765783490790733,0.0,1.0,0.0,0.0,0.0,0.0,0.0,0.0,1
1533,-0.3736383691503943,0.5836403063089849,-0.4935020390512513,-0.8439895087218553,0.39885376190344024,-0.35560937556603855,-0.3161337120988676,-0.39447388695078833,0.0,0.0,0.0,0.0,0.0,0.0,0.0,1.0,1
2940,0.6242809678423892,0.00756860359038131,-0.7272680852305132,0.5840807260020958,-2.5071845761908427,-0.7059548109652046,-0.49592063025927374,-0.5430371523196524,0.0,0.0,0.0,0.0,0.0,0.0,0.0,1.0,0
332,-0.2431963827371807,0.6903612820049313,-0.7272680852305132,0.5840807260020958,0.39885376190344024,-0.7059548109652046,-0.4730753687753296,-0.5099899840535381,0.0,0.0,0.0,0.0,0.0,0.0,1.0,0.0,1
321,0.16720004235234498,1.6951632711698803,-0.7272680852305132,0.5840807260020958,0.39885376190344024,-0.7059548109652046,-0.5016844754967787,-0.5513749322814857,0.0,0.0,0.0,0.0,0.0,0.0,1.0,0.0,1
2235,0.30557534255911073,1.0422820080887962,1.405847086155252,-2.2720597434458063,0.39885376190344024,4.2194898396466,0.665000690659523,-0.03289244127041844,0.0,0.0,0.0,0.0,0.0,0.0,0.0,1.0,1
2788,-0.5193367282435158,0.5131084503992072,-0.05519070246513517,-0.12995439135987974,0.39885376190344024,-0.0959415822701861,-0.1470485961427001,-0.13489148519685581,0.0,0.0,0.0,1.0,0.0,0.0,0.0,1.0,1
3838,-0.6941747591552617,0.9337146487302901,-0.7272680852305132,-0.8439895087218553,0.39885376190344024,-0.6029120358478028,-0.39557981594089003,-0.4710898849364745,0.0,0.0,0.0,0.0,0.0,0.0,0.0,1.0,1
4905,0.5357940062989227,-0.5736729733833892,-0.7272680852305132,0.5840807260020958,0.39885376190344024,-0.7059548109652046,-0.4851857105279767,-0.5275083872436769,0.0,1.0,0.0,0.0,0.0,0.0,0.0,1.0,1
2455,1.4243251511767658,2.6179858257171817,-0.7272680852305132,-2.2720597434458063,0.39885376190344024,-0.29378371049559754,-0.4696584925179255,-0.5800120701047601,0.0,1.0,0.0,0.0,0.0,0.0,1.0,0.0,1
4086,0.4515788291058304,-0.5736729733833892,1.610392376562106,-0.12995439135987974,0.39885376190344024,1.31368358133587,0.16237501259248868,0.23810979235351412,0.0,0.0,0.0,0.0,0.0,1.0,0.0,1.0,1
2170,0.6120758696984628,1.1704210342704342,2.0194829573758146,0.5840807260020958,0.39885376190344024,1.2312493612419488,-0.1177288620419047,0.0040420312529467345,0.0,1.0,0.0,0.0,0.0,0.0,1.0,0.0,1
1233,4.86540000913002,7.891257565987477,5.058441557706219,0.5840807260020958,-2.5071845761908427,3.3745390836839055,-0.33055977754497406,-0.3038318393002214,0.0,0.0,0.0,0.0,0.0,0.0,1.0,0.0,0
3359,-0.6975311611448415,-0.5736729733833892,-0.7272680852305132,-0.12995439135987974,-2.5071845761908427,-0.6647377009182438,-0.2038250628902521,-0.20333388595030738,0.0,1.0,0.0,0.0,0.0,1.0,0.0,1.0,0
3768,0.2363114105923283,-0.5736729733833892,-0.1428529697823584,0.5840807260020958,0.39885376190344024,-0.29378371049559754,-0.31697845071480213,-0.2841855597709096,1.0,0.0,0.0,1.0,0.0,1.0,0.0,1.0,1
3202,-0.14418252404457765,1.2235968837521516,0.47078290143820417,0.5840807260020958,0.39885376190344024,0.13899594499748985,-0.24225162321292137,-0.17608830537164832,0.0,1.0,0.0,1.0,0.0,0.0,0.0,1.0,1
3952,3.2633283140128784,-0.5736729733833892,0.3538998783485732,-0.8439895087218553,0.39885376190344024,0.5408627679553569,-0.3868088511961131,-0.4626313679706254,0.0,1.0,0.0,0.0,0.0,1.0,1.0,0.0,1
1097,-0.8882358196436917,0.9174664724997654,-0.6103850621408823,-0.8439895087218553,0.39885376190344024,-0.4792607057069206,-0.2792705990099649,-0.35892394728626326,0.0,0.0,0.0,0.0,0.0,0.0,0.0,1.0,1
1685,0.8992008035343317,-0.5736729733833892,-0.7272680852305132,0.5840807260020958,0.39885376190344024,-0.7059548109652046,-0.49684396383457874,-0.5443728148617645,0.0,1.0,0.0,0.0,0.0,1.0,1.0,0.0,1
3635,-0.1116864502363736,-0.5736729733833892,-0.7272680852305132,0.5840807260020958,0.39885376190344024,-0.7059548109652046,-0.44179233342509033,-0.4647370227853672,0.0,0.0,1.0,0.0,0.0,1.0,1.0,0.0,1
2179,-0.28591422624092316,0.8775845853884775,-0.7272680852305132,0.5840807260020958,0.39885376190344024,-0.7059548109652046,-0.4749768534802291,-0.5127406063233869,0.0,1.0,0.0,0.0,0.0,0.0,1.0,0.0,1
1192,-0.5763955620663718,-0.5736729733833892,-0.7272680852305132,0.5840807260020958,0.39885376190344024,-0.7059548109652046,-0.3359141615462307,-0.3115773067432304,1.0,0.0,0.0,0.0,0.0,0.0,0.0,1.0,1
3168,-0.34587177087296167,1.5600079870705155,-0.7272680852305132,0.5840807260020958,0.39885376190344024,-0.7059548109652046,-0.4851796868311775,-0.5274996735713974,0.0,0.0,1.0,0.0,0.0,0.0,0.0,0.0,1
808,1.0076736132884776,-0.5736729733833892,-0.7272680852305132,2.012150960726047,0.39885376190344024,-0.7574761985239055,-0.5114894969895243,-0.5482465578417393,0.0,1.0,0.0,0.0,0.0,0.0,1.0,0.0,1
847,4.3059488229577925,-0.5736729733833892,1.8733791785137757,-0.8439895087218553,0.39885376190344024,2.148330059786824,-0.27511234951919405,-0.35491382697573937,0.0,1.0,0.0,1.0,0.0,1.0,1.0,0.0,1
927,-0.025945635775290528,3.076996804229505,0.7337697033898738,-0.8439895087218553,0.39885376190344024,0.9427295909132237,-0.1976320387784618,-0.28019359471052463,0.0,1.0,1.0,0.0,0.0,1.0,1.0,0.0,1
3962,-0.25982582895828044,0.3321628514683637,-0.7272680852305132,0.5840807260020958,0.39885376190344024,-0.7059548109652046,-0.4624768879099023,-0.4946585867407464,1.0,1.0,0.0,1.0,0.0,0.0,0.0,1.0,1
3731,-0.6532876803731082,-0.5736729733833892,-0.7272680852305132,0.5840807260020958,0.39885376190344024,-0.7059548109652046,-0.2938521860225018,-0.2507319019438685,0.0,1.0,0.0,0.0,0.0,0.0,0.0,1.0,1
541,-0.7361297840250087,0.8749996482608939,-0.7272680852305132,-0.8439895087218553,0.39885376190344024,-0.6029120358478028,-0.3844390189571375,-0.46034595618493473,0.0,1.0,0.0,0.0,0.0,0.0,0.0,0.0,1
4024,-0.6041621603438044,-0.5736729733833892,-0.63960581791329,0.5840807260020958,0.39885376190344024,-0.6441291458947634,-0.25495115879555197,-0.1944590160590992,0.0,0.0,0.0,1.0,0.0,0.0,0.0,0.0,1
4446,-0.6685440530530162,-0.5736729733833892,-0.4935020390512513,0.5840807260020958,0.39885376190344024,-0.5410863707773618,-0.07227009834681349,0.06980111280502396,0.0,1.0,0.0,0.0,0.0,0.0,1.0,0.0,1
4160,-0.2824052605245443,-0.5736729733833892,-0.20129448132717387,-1.5580246260838309,-2.5071845761908427,0.2420387201148916,0.17724754057626763,-0.0933748736184722,0.0,1.0,0.0,0.0,0.0,0.0,0.0,0.0,1
1179,-0.7297221074994474,-0.5736729733833892,-0.7272680852305132,-0.8439895087218553,0.39885376190344024,-0.6029120358478028,-0.07336072182711822,-0.16034919065824488,0.0,0.0,0.0,0.0,0.0,1.0,0.0,0.0,1
1176,-0.8462807947739447,0.6630348037990488,-0.17207372555476613,0.5840807260020958,0.39885376190344024,-0.31439226551907784,-0.1439351260324542,-0.03386704745602607,0.0,0.0,0.0,0.0,0.0,0.0,1.0,0.0,1
3629,-0.5878378415763028,-0.5736729733833892,-0.7272680852305132,0.5840807260020958,0.39885376190344024,-0.7059548109652046,-0.3305611848546772,-0.30383387506595755,0.0,0.0,0.0,0.0,0.0,0.0,1.0,0.0,1
115,-0.08544548922693179,-0.5736729733833892,-0.7272680852305132,-0.8439895087218553,0.39885376190344024,-0.6029120358478028,-0.39334727753746396,-0.46893687617269686,1.0,1.0,0.0,0.0,0.0,0.0,1.0,0.0,1
310,-0.40994853612857535,-0.5736729733833892,-0.7272680852305132,0.5840807260020958,0.39885376190344024,-0.7059548109652046,-0.39179277332098283,-0.3924093815739319,0.0,0.0,0.0,1.0,0.0,1.0,0.0,1.0,1
2414,0.6526578210270181,-0.5736729733833892,-0.7272680852305132,-0.8439895087218553,0.39885376190344024,-0.6029120358478028,-0.46052507048036284,-0.5337215968813489,0.0,0.0,0.0,0.0,0.0,1.0,1.0,0.0,1
4759,0.2959638277707687,-0.04634579935635979,-0.6688265736856978,-1.5580246260838309,-2.5071845761908427,-0.41743504063647957,-0.3959852856022193,-0.5079843031427207,0.0,1.0,1.0,0.0,0.0,1.0,0.0,1.0,0
2742,-0.26348735840145837,-0.5736729733833892,0.2954583668037577,0.5840807260020958,0.39885376190344024,0.01534461485660781,0.020719062531737515,0.20431602954773687,0.0,0.0,0.0,0.0,0.0,0.0,1.0,0.0,1
2718,-0.573039160076792,-0.5736729733833892,2.165586736237853,0.5840807260020958,0.39885376190344024,1.3342921363593505,1.7411479616031047,2.6930292078782077,0.0,1.0,0.0,0.0,0.0,0.0,0.0,0.0,1
4063,-0.07247757244900999,-0.5736729733833892,-0.2305152370995816,0.5840807260020958,-2.5071845761908427,-0.35560937556603855,-0.2738280647689512,-0.22176569794956366,1.0,0.0,0.0,0.0,0.0,0.0,0.0,1.0,0
4534,0.3180855681566353,1.0618536749119283,-0.7272680852305132,-1.5580246260838309,0.39885376190344024,-0.499869260730401,-0.4509976829501075,-0.5477738225832338,1.0,1.0,0.0,0.0,0.0,0.0,1.0,0.0,1
3060,-0.07324039108300538,0.12647571145922126,-0.7272680852305132,2.012150960726047,0.39885376190344024,-0.7574761985239055,-0.4888582645108609,-0.5045964761348568,0.0,1.0,0.0,0.0,0.0,0.0,0.0,1.0,1
4878,-0.605230106431398,-0.5736729733833892,0.6461074360726506,-0.8439895087218553,-2.5071845761908427,0.8499910933075622,1.3806970099888163,1.2419106920089618,0.0,1.0,0.0,0.0,0.0,1.0,1.0,0.0,0
274,-0.6979888523252388,-0.5736729733833892,-0.7272680852305132,0.5840807260020958,0.39885376190344024,-0.7059548109652046,-0.2607030156896369,-0.2027794540963274,1.0,1.0,1.0,0.0,0.0,0.0,0.0,1.0,1
4859,-0.3702819671608145,0.5707156206710675,-0.7272680852305132,-1.5580246260838309,-2.5071845761908427,-0.499869260730401,-0.3757922747071045,-0.49337904617686507,0.0,0.0,0.0,0.0,1.0,1.0,0.0,1.0,0
2291,0.6009387176421299,-0.5736729733833892,-0.4058397717340281,-1.5580246260838309,-2.5071845761908427,-0.04648105021383322,-0.2964972083451074,-0.43602629049535707,1.0,1.0,1.0,0.0,0.0,0.0,0.0,1.0,0
2774,-0.5336777185626294,-0.5736729733833892,-0.4935020390512513,-0.12995439135987974,0.39885376190344024,-0.4668955726928325,-0.12914731024842463,-0.11331199895256715,0.0,0.0,1.0,0.0,0.0,0.0,0.0,0.0,1
1293,0.4265583779107813,-0.5736729733833892,-0.3473982601892126,-2.2720597434458063,-2.5071845761908427,0.5099499354201362,-0.08619291593690434,-0.3951093724134266,0.0,0.0,0.0,0.0,0.0,0.0,0.0,1.0,0
2301,-0.7024132004024121,-0.5736729733833892,-0.7272680852305132,-0.8439895087218553,0.39885376190344024,-0.6029120358478028,-0.11172043036819788,-0.19734241260603183,0.0,1.0,0.0,0.0,0.0,0.0,1.0,0.0,1
4129,1.7810191444330152,0.2752942346615272,-0.4935020390512513,-0.8439895087218553,0.39885376190344024,-0.35560937556603855,-0.4639506253017249,-0.5370251232797638,0.0,1.0,0.0,0.0,0.0,0.0,1.0,0.0,1
4880,0.6206194383992113,-0.5736729733833892,1.055198016886359,-0.8439895087218553,0.39885376190344024,1.2827707488006495,0.08126577249506332,-0.011230950686662137,0.0,1.0,0.0,0.0,0.0,0.0,1.0,0.0,1
1430,-0.08102114114975847,0.003875836265262057,-0.3473982601892126,0.5840807260020958,0.39885376190344024,-0.43804359565996,-0.35912854221091306,-0.3451584301004117,0.0,1.0,0.0,0.0,0.0,0.0,0.0,1.0,1
4176,-0.29567830475606427,-0.14014208941438883,-0.7272680852305132,-0.12995439135987974,0.39885376190344024,-0.6647377009182438,-0.4200022809923023,-0.4639293164636859,0.0,1.0,0.0,0.0,0.0,0.0,0.0,0.0,1
156,2.295921722379911,-0.5736729733833892,2.954547142092862,0.5840807260020958,0.39885376190344024,1.89072312199332,-0.14777636455441598,-0.03942365077504545,0.0,0.0,0.0,1.0,0.0,1.0,0.0,0.0,1
1422,-0.47997528672935313,-0.5736729733833892,-0.7272680852305132,0.5840807260020958,0.39885376190344024,-0.7059548109652046,-0.37233221713289727,-0.3642584113890721,0.0,1.0,0.0,1.0,0.0,1.0,0.0,1.0,1
1517,0.20213713578933434,1.5659164147907063,1.7857169111965525,-0.8439895087218553,-2.5071845761908427,2.0555915621811627,0.11651729568424501,0.02276480869035247,0.0,1.0,0.0,0.0,1.0,1.0,1.0,0.0,0
1993,0.28147027372485606,-0.5736729733833892,-0.5811643063684745,-1.5580246260838309,0.39885376190344024,-0.29378371049559754,-0.32485312304953057,-0.4565356351845227,0.0,1.0,0.0,0.0,1.0,0.0,0.0,1.0,1
2094,0.6819500565724416,2.4754450069675786,1.4350678419276597,-1.5580246260838309,-2.5071845761908427,2.5501968827446917,0.004903142529282728,-0.21802860817922012,0.0,0.0,0.0,0.0,0.0,1.0,1.0,0.0,0
621,0.053540065887030246,-0.5736729733833892,0.26623761103134996,-0.12995439135987974,0.39885376190344024,0.1760913440397545,-0.07407768899443044,-0.04692715144232337,0.0,1.0,0.0,0.0,0.0,0.0,0.0,1.0,1
3735,-0.35975507001167795,-0.5736729733833892,0.7629904591622816,0.5840807260020958,0.39885376190344024,0.3450814952322936,0.3317176952516601,0.6541959380464852,0.0,1.0,0.0,0.0,0.0,0.0,0.0,1.0,0
2696,0.7416024737508818,0.6995932003177294,1.4642885977000673,0.5840807260020958,0.39885376190344024,0.8396868157958219,-0.186334360698359,-0.09520031971221711,0.0,1.0,0.0,0.0,0.0,0.0,0.0,1.0,1
1914,-0.8624525498146471,-0.5736729733833892,0.7922112149346893,0.5840807260020958,-2.5071845761908427,0.3656900502557739,2.877646286145512,4.337048532923189,0.0,1.0,1.0,0.0,0.0,1.0,0.0,0.0,0
4145,-0.9484984917293284,-0.5736729733833892,0.26623761103134996,0.5840807260020958,-2.5071845761908427,-0.005263940166872497,4.171926896451155,6.209310277110294,1.0,0.0,0.0,0.0,0.0,0.0,0.0,1.0,0
3523,1.7206039086205795,2.3111168609997716,0.9967565053415435,-0.8439895087218553,0.39885376190344024,1.2209450837302085,-0.29071155977955987,-0.3699573470993067,0.0,1.0,0.0,0.0,0.0,0.0,0.0,0.0,1
938,-0.1286210239110715,-0.5736729733833892,-0.7272680852305132,-0.12995439135987974,-2.5071845761908427,-0.6647377009182438,-0.41831739541317225,-0.4618982352669064,0.0,1.0,0.0,0.0,0.0,0.0,0.0,0.0,0
3420,-0.578684017968358,1.0304651526484145,-0.7272680852305132,-0.8439895087218553,0.39885376190344024,-0.6029120358478028,-0.41657846546582616,-0.49134050028324816,0.0,1.0,1.0,0.0,0.0,0.0,0.0,0.0,1
2482,2.651852897002165,-0.5736729733833892,-0.7272680852305132,0.5840807260020958,0.39885376190344024,-0.7059548109652046,-0.5208418458553801,-0.5790873242898642,0.0,1.0,0.0,0.0,0.0,1.0,0.0,1.0,1
3203,1.0459671087150468,-0.5736729733833892,-0.4935020390512513,0.5840807260020958,0.39885376190344024,-0.5410863707773618,-0.46280730823607874,-0.49513656140194107,0.0,0.0,1.0,0.0,0.0,1.0,1.0,0.0,1
975,-0.8745050842317745,-0.5736729733833892,-0.7272680852305132,-0.8439895087218553,0.39885376190344024,-0.6029120358478028,0.3416356698369641,0.23986379865369223,0.0,0.0,1.0,0.0,0.0,0.0,0.0,0.0,1
4707,-0.5307790077534469,-0.5736729733833892,-0.7272680852305132,-1.5580246260838309,0.39885376190344024,-0.499869260730401,-0.16233340934308485,-0.33898792558198,0.0,1.0,0.0,0.0,1.0,1.0,0.0,0.0,1
3664,0.9071341173278838,2.9843083443690115,0.7045489476174661,0.5840807260020958,0.39885376190344024,0.30386438518533276,-0.37814749580500884,-0.3726705931855764,0.0,1.0,0.0,1.0,0.0,0.0,1.0,0.0,1
204,-0.7909001619458785,0.7967129809683658,0.6461074360726506,-0.8439895087218553,-2.5071845761908427,0.8499910933075622,0.4807054215960532,0.37397947337364473,1.0,0.0,0.0,0.0,0.0,0.0,1.0,0.0,0
4282,0.8557201413965938,2.180762174423062,1.6396131323345138,-2.2720597434458063,-2.5071845761908427,4.714095160210128,0.3346965649945219,-0.19216129778310145,1.0,0.0,0.0,0.0,0.0,0.0,1.0,0.0,0
4427,-0.6583222833574779,1.0548374169942016,1.3474055746104363,0.5840807260020958,0.39885376190344024,0.7572525957019005,0.20561218409094562,0.4717760498109578,0.0,1.0,1.0,0.0,0.0,1.0,1.0,0.0,1
4659,-0.645201802852757,0.04745049070166925,-0.7272680852305132,0.5840807260020958,0.39885376190344024,-0.7059548109652046,-0.39689559636324195,-0.3997909495996801,0.0,1.0,0.0,0.0,0.0,1.0,1.0,0.0,1
4491,-0.6912760483460793,-0.5736729733833892,-0.05519070246513517,-2.2720597434458063,0.39885376190344024,1.128206586124547,2.2361798346327735,0.7247121001000165,0.0,1.0,0.0,0.0,0.0,0.0,0.0,1.0,0
3018,-0.5172008360683287,0.7494455592068393,-0.7272680852305132,-0.12995439135987974,0.39885376190344024,-0.6647377009182438,-0.43739597054675483,-0.4848969098921427,0.0,0.0,0.0,0.0,1.0,0.0,1.0,0.0,1
19,-0.797612965925038,-0.5736729733833892,-0.7272680852305132,-0.8439895087218553,-2.5071845761908427,-0.6029120358478028,0.05947561883302248,-0.03224487444557222,0.0,1.0,0.0,0.0,0.0,0.0,0.0,0.0,0
3778,-0.8973896432516365,-0.2520329393655022,0.47078290143820417,0.5840807260020958,0.39885376190344024,0.13899594499748985,1.267899514498842,2.0084443072359686,0.0,0.0,0.0,0.0,1.0,0.0,1.0,0.0,1
1826,-0.7265182692366667,-0.5736729733833892,-0.7272680852305132,0.5840807260020958,0.39885376190344024,-0.7059548109652046,-0.23460227567748929,-0.16502302273931463,0.0,0.0,1.0,0.0,0.0,1.0,1.0,0.0,1
1311,0.4024533090765266,0.41303445588847537,-0.7272680852305132,0.5840807260020958,0.39885376190344024,-0.7059548109652046,-0.4944095004742831,-0.5408512040296047,0.0,1.0,0.0,1.0,0.0,0.0,1.0,0.0,1
3617,-0.4425971736635785,0.21694851092464298,-0.20129448132717387,0.5840807260020958,0.39885376190344024,-0.33500082054255825,-0.2503450825198038,-0.18779602479335286,1.0,1.0,1.0,0.0,0.0,0.0,1.0,0.0,1
2589,-0.3272589962034739,-0.5736729733833892,-0.25973599287198934,0.5840807260020958,0.39885376190344024,-0.37621793058951886,-0.18977638667180405,-0.10017943591102803,1.0,1.0,0.0,1.0,0.0,1.0,0.0,1.0,1
820,-0.5442046157117659,-0.5736729733833892,-0.4935020390512513,0.5840807260020958,0.39885376190344024,-0.5410863707773618,-0.1914528309282382,-0.10260452242054673,0.0,0.0,0.0,0.0,0.0,0.0,1.0,0.0,1
2028,-0.1531837839257234,-0.5736729733833892,-0.7272680852305132,0.5840807260020958,0.39885376190344024,-0.7059548109652046,-0.43685027809920124,-0.45758801579983166,0.0,0.0,0.0,0.0,1.0,0.0,0.0,1.0,1
4459,0.23356526350994486,0.9015875730017526,-0.63960581791329,-0.8439895087218553,0.39885376190344024,-0.5101735382421413,-0.44588388786734484,-0.5196019766188168,0.0,0.0,0.0,1.0,0.0,1.0,0.0,1.0,1
4585,0.9075918085082811,-0.5736729733833892,-0.7272680852305132,0.5840807260020958,-2.5071845761908427,-0.7059548109652046,-0.49706175979969125,-0.5446878710020416,1.0,1.0,0.0,0.0,1.0,0.0,0.0,1.0,0
3347,1.6366938588810855,-0.5736729733833892,2.165586736237853,0.5840807260020958,0.39885376190344024,1.3342921363593505,-0.14822840604067478,-0.04007755841668736,1.0,1.0,0.0,0.0,1.0,0.0,0.0,1.0,1
2631,0.0462170070006744,-0.5736729733833892,-0.05519070246513517,0.5840807260020958,0.39885376190344024,-0.2319580454251564,-0.24957613207559656,-0.18668368757034165,0.0,1.0,0.0,0.0,0.0,1.0,0.0,1.0,0
4304,-0.776406607899966,-0.5736729733833892,-0.7272680852305132,-0.12995439135987974,-2.5071845761908427,-0.6647377009182438,-0.10097368626139898,-0.07934950403066887,1.0,0.0,0.0,0.0,0.0,0.0,1.0,0.0,0
253,0.6727962329644968,-0.5736729733833892,-0.7272680852305132,-0.12995439135987974,0.39885376190344024,-0.6647377009182438,-0.4787156800104939,-0.5347066334649,0.0,1.0,0.0,0.0,1.0,0.0,1.0,0.0,1
679,1.0337620105711205,-0.5736729733833892,0.17857534371412676,-0.8439895087218553,0.39885376190344024,0.3553857727440337,-0.2566922746925977,-0.337149929848487,0.0,0.0,0.0,0.0,0.0,0.0,0.0,0.0,1
1225,-0.36402685436205223,-0.5736729733833892,-0.7272680852305132,-1.5580246260838309,0.39885376190344024,-0.499869260730401,-0.25733781266309513,-0.407702974099694,0.0,0.0,1.0,0.0,0.0,1.0,0.0,0.0,1
4691,-0.12907871509146873,-0.5736729733833892,3.655845280630648,-0.8439895087218553,0.39885376190344024,4.034012844435276,2.035405448342156,1.873296473920131,1.0,1.0,0.0,0.0,0.0,0.0,0.0,0.0,0
1433,-0.5695301943604132,-0.5736729733833892,-0.7272680852305132,2.012150960726047,0.39885376190344024,-0.7574761985239055,-0.3910988079485446,-0.3160425266056552,0.0,1.0,0.0,1.0,0.0,0.0,0.0,0.0,1
2935,1.3957957342653378,-0.5736729733833892,1.0259772611139513,0.5840807260020958,0.39885376190344024,0.5305584904436167,-0.26569516454326775,-0.2100009246534219,0.0,1.0,0.0,0.0,0.0,1.0,0.0,1.0,1
2447,-0.41833954110252475,-0.5736729733833892,-0.7272680852305132,-0.8439895087218553,0.39885376190344024,-0.6029120358478028,-0.3108419960099644,-0.3893706774842244,1.0,1.0,1.0,0.0,0.0,1.0,0.0,0.0,1
3078,-0.13563895534382917,-0.5736729733833892,1.0844187726587666,-2.2720597434458063,0.39885376190344024,3.539407523871748,1.793989888506375,0.5114931857459631,0.0,1.0,0.0,0.0,0.0,0.0,0.0,0.0,0
4076,-0.47905990436855866,0.15638712679268724,-0.7272680852305132,0.5840807260020958,0.39885376190344024,-0.7059548109652046,-0.43374109682648376,-0.45309038127892415,0.0,1.0,0.0,0.0,0.0,1.0,0.0,0.0,1
4926,-0.5161328899807351,-0.5736729733833892,0.5000036572106119,0.5840807260020958,0.39885376190344024,0.15960450002097037,0.42576488466769313,0.7902413624234876,0.0,1.0,0.0,0.0,0.0,1.0,1.0,0.0,1
546,0.14980777749724986,0.5792089855188418,-0.1428529697823584,0.5840807260020958,0.39885376190344024,-0.29378371049559754,-0.37088941320233987,-0.3621713009262895,1.0,1.0,0.0,0.0,1.0,1.0,1.0,0.0,1
3433,-0.3466345895069571,0.46990307269531184,-0.4935020390512513,0.5840807260020958,0.39885376190344024,-0.5410863707773618,-0.3904795713559775,-0.390509748849858,0.0,1.0,0.0,0.0,1.0,1.0,0.0,1.0,1
2701,0.7548755179824018,-0.5736729733833892,-0.7272680852305132,0.5840807260020958,0.39885376190344024,-0.7059548109652046,-0.49277911799063395,-0.5384927488938145,0.0,0.0,0.0,0.0,0.0,1.0,0.0,1.0,1
4382,-0.6000429397202293,1.6482651261408656,0.12013383216931127,0.5840807260020958,0.39885376190344024,-0.10830671528427435,-0.26586020387060827,-0.2102396648589119,0.0,1.0,0.0,1.0,0.0,0.0,0.0,1.0,1
4107,1.1797654971178402,-0.5736729733833892,-0.7272680852305132,0.5840807260020958,0.39885376190344024,-0.7059548109652046,-0.5032333118618488,-0.5536154256113223,0.0,1.0,1.0,0.0,0.0,0.0,1.0,0.0,1
3323,-0.11824669048873404,-0.5736729733833892,-0.37661901596162034,0.5840807260020958,0.39885376190344024,-0.4586521506834403,-0.3134185592252839,-0.2790359433768973,0.0,0.0,0.0,0.0,0.0,0.0,1.0,0.0,0
2702,2.710589931819811,-0.5736729733833892,1.9318206900585912,0.5840807260020958,0.39885376190344024,1.1694236961715074,-0.28343128296504666,-0.23565738257071012,0.0,0.0,0.0,0.0,0.0,1.0,0.0,0.0,1
314,1.0908208443939764,0.3524730717565196,1.9902622016034066,0.5840807260020958,0.39885376190344024,1.2106408062184681,-0.14570182355458156,-0.03642269123056112,0.0,0.0,0.0,0.0,0.0,1.0,1.0,0.0,1
605,2.3253665216521333,-0.5736729733833892,0.938314993796728,0.5840807260020958,0.39885376190344024,0.4687328253731756,-0.35224529211159455,-0.3352013576278643,0.0,1.0,0.0,0.0,0.0,0.0,0.0,1.0,1
935,-0.5381020666398026,-0.5736729733833892,-0.7272680852305132,-1.5580246260838309,0.39885376190344024,-0.499869260730401,-0.15671381893096029,-0.33492337263154337,0.0,0.0,0.0,0.0,0.0,0.0,1.0,0.0,1
398,-0.3557884131149019,0.8081605596762355,-0.4935020390512513,0.5840807260020958,0.39885376190344024,-0.5410863707773618,-0.4068079696967645,-0.41412984739254144,0.0,0.0,0.0,0.0,0.0,0.0,0.0,1.0,1
1163,-0.8388051721607898,-0.5736729733833892,-0.7272680852305132,-1.5580246260838309,0.39885376190344024,-0.499869260730401,0.4275255871699276,0.08764692656770656,0.0,0.0,0.0,0.0,0.0,0.0,0.0,1.0,0
431,-0.8931178589012623,-0.0289897929282993,-0.7272680852305132,0.5840807260020958,0.39885376190344024,-0.7059548109652046,-0.2837605145366247,-0.23613363762045442,0.0,0.0,0.0,0.0,0.0,0.0,0.0,1.0,1
1125,-0.7402490046485839,-0.05631627113418178,0.32467912257616544,0.5840807260020958,0.39885376190344024,0.03595316988008812,0.3308739825185723,0.652975452271866,0.0,0.0,0.0,0.0,0.0,0.0,0.0,1.0,1
4078,-0.4903496201516906,-0.5736729733833892,1.5519508650172906,0.5840807260020958,0.39885376190344024,0.9015124808662631,1.022220162837786,1.6530530205326448,1.0,0.0,0.0,1.0,0.0,0.0,0.0,1.0,0
506,-0.573039160076792,1.7147349379930124,-0.7272680852305132,-0.8439895087218553,0.39885376190344024,-0.6029120358478028,-0.4432867281865995,-0.5170973354690862,1.0,1.0,1.0,0.0,0.0,0.0,0.0,1.0,1
2363,0.7863036457030124,-0.5736729733833892,0.6168866803002429,0.5840807260020958,0.39885376190344024,0.2420387201148916,-0.24682121259755838,-0.18269851595765027,0.0,1.0,0.0,1.0,0.0,1.0,1.0,0.0,1
2171,-0.33427692763623157,-0.5736729733833892,-0.7272680852305132,-1.5580246260838309,0.39885376190344024,-0.499869260730401,-0.2695671423644142,-0.41654823762852955,0.0,0.0,0.0,1.0,0.0,1.0,0.0,0.0,1
3471,-0.33702307471861503,-0.5736729733833892,-0.6103850621408823,0.5840807260020958,0.39885376190344024,-0.6235205908712832,-0.35215488445697907,-0.33507057702915144,0.0,0.0,0.0,0.0,0.0,0.0,0.0,1.0,1
320,-0.22961821105206257,-0.027512685998251598,1.610392376562106,0.5840807260020958,0.39885376190344024,0.9427295909132237,0.30418912553618377,0.6143740574279518,0.0,0.0,0.0,0.0,0.0,0.0,1.0,0.0,0
3091,0.3370034702797212,-0.5736729733833892,-0.7272680852305132,0.5840807260020958,0.39885376190344024,-0.7059548109652046,-0.47620450808474174,-0.5145164891827937,0.0,0.0,0.0,0.0,0.0,0.0,0.0,1.0,1
2624,0.0007530164145485056,0.18186722133601008,-0.7272680852305132,-0.12995439135987974,-2.5071845761908427,-0.6647377009182438,-0.4604447375237229,-0.5126815368102765,0.0,1.0,0.0,1.0,0.0,1.0,0.0,1.0,0
4209,-0.7352144016642143,-0.5736729733833892,-0.7272680852305132,0.5840807260020958,0.39885376190344024,-0.7059548109652046,-0.2256743644873573,-0.15210821396933952,1.0,0.0,0.0,0.0,0.0,0.0,1.0,0.0,1
3795,-0.4619727669670617,0.05668240901446738,-0.7272680852305132,0.5840807260020958,0.39885376190344024,-0.7059548109652046,-0.430473233272983,-0.44836320243708244,0.0,0.0,0.0,0.0,0.0,0.0,0.0,1.0,1
3648,0.36278674010876577,-0.5736729733833892,-0.11363221400995065,-1.5580246260838309,0.39885376190344024,0.3656900502557739,-0.11414030383427239,-0.30413068246975616,0.0,0.0,0.0,0.0,0.0,1.0,1.0,0.0,1
2920,-0.6180454594825208,0.8916171012239307,-0.7272680852305132,0.5840807260020958,0.39885376190344024,-0.7059548109652046,-0.45197122262347983,-0.47946145324713824,0.0,1.0,0.0,1.0,0.0,1.0,0.0,1.0,1
2748,-0.018470013162135597,1.1061668828133593,-0.7272680852305132,-1.5580246260838309,0.39885376190344024,-0.499869260730401,-0.4331144174869304,-0.5348391647040811,0.0,1.0,1.0,0.0,0.0,0.0,0.0,1.0,1
2840,-0.0900224010309042,2.743170638038724,1.8149376669689603,-0.8439895087218553,0.39885376190344024,2.0865043947163837,0.06728094430896074,-0.024717597813715672,0.0,1.0,0.0,1.0,0.0,0.0,1.0,0.0,1
209,15.310523000702245,0.4514392360697156,6.051947253968082,2.012150960726047,0.39885376190344024,2.8284123755616766,-0.4413336159987855,-0.41293311698732726,0.0,0.0,0.0,0.0,0.0,0.0,0.0,1.0,1
4324,-0.6325390135284333,-0.5736729733833892,-0.63960581791329,2.012150960726047,0.39885376190344024,-0.7111069497210747,-0.31278224112115155,-0.164989129746196,0.0,1.0,0.0,0.0,0.0,0.0,1.0,0.0,1
367,-0.2824052605245443,-0.06333252905190837,-0.025969946692727428,0.5840807260020958,0.39885376190344024,-0.21134949040167608,-0.20322962551679694,-0.11964042777348348,0.0,1.0,0.0,0.0,0.0,0.0,0.0,0.0,1
608,-0.8592487115518664,-0.5736729733833892,-0.7272680852305132,0.5840807260020958,-2.5071845761908427,-0.7059548109652046,-0.00476491758977889,0.1674517818017457,0.0,0.0,0.0,1.0,0.0,0.0,0.0,1.0,0
992,-0.42459465390128703,0.38792363807766445,-0.7272680852305132,0.5840807260020958,0.39885376190344024,-0.7059548109652046,-0.45059101535271934,-0.4774648929560253,1.0,0.0,0.0,0.0,1.0,1.0,1.0,0.0,1
880,4.621145482524692,-0.5736729733833892,-0.7272680852305132,-2.2720597434458063,0.39885376190344024,-0.29378371049559754,-0.49544899734225323,-0.5924479553786289,0.0,0.0,0.0,0.0,0.0,1.0,1.0,0.0,1
2136,-0.2264143727892819,-0.5736729733833892,-0.7272680852305132,-0.8439895087218553,0.39885376190344024,-0.6029120358478028,-0.36665228157931745,-0.4431928351480516,0.0,1.0,0.0,0.0,1.0,0.0,0.0,1.0,1
2200,2.135882372967676,-0.1061686300232917,3.2759754555893474,2.012150960726047,-2.5071845761908427,1.360052830138701,-0.22662245809039783,0.0011919022716313848,0.0,0.0,1.0,0.0,0.0,0.0,0.0,1.0,0
211,0.820020229325609,-0.5736729733833892,-0.4935020390512513,0.5840807260020958,-2.5071845761908427,-0.5410863707773618,-0.452531649024934,-0.4802721467733492,0.0,1.0,1.0,0.0,0.0,0.0,1.0,0.0,0
1812,1.683378359281604,2.698857430137293,2.98376789786527,0.5840807260020958,0.39885376190344024,1.9113316770168,-0.21788313152534464,-0.14083768476672617,0.0,0.0,0.0,0.0,1.0,0.0,0.0,1.0,1
3769,-0.5580879148504821,0.3746296757072351,-0.7272680852305132,0.5840807260020958,0.39885376190344024,-0.7059548109652046,-0.43519002227705295,-0.45518634692167537,0.0,0.0,0.0,0.0,0.0,0.0,0.0,0.0,1
4844,0.8663996022725294,-0.5736729733833892,-0.7272680852305132,-0.12995439135987974,0.39885376190344024,-0.6647377009182438,-0.485690533344157,-0.5431146189279916,1.0,1.0,0.0,0.0,0.0,0.0,0.0,1.0,1
3475,-0.7715245686423954,-0.5736729733833892,-0.17207372555476613,-0.8439895087218553,-2.5071845761908427,-0.015568217678612755,1.0414357286192932,0.9147349037322314,1.0,1.0,1.0,0.0,0.0,1.0,1.0,0.0,0
3038,-0.69280168561407,0.18999130945127243,-0.7272680852305132,0.5840807260020958,0.39885376190344024,-0.7059548109652046,-0.3994598988027506,-0.4035003811710022,1.0,1.0,1.0,0.0,0.0,1.0,0.0,0.0,1
3345,1.7190782713525887,0.13164558571438822,-0.4935020390512513,0.5840807260020958,0.39885376190344024,-0.5410863707773618,-0.4895526880094658,-0.5338255064303637,0.0,1.0,1.0,0.0,0.0,0.0,0.0,1.0,1
1884,-0.3057475107248036,-0.5736729733833892,-0.4350605275064358,0.5840807260020958,0.39885376190344024,-0.499869260730401,-0.28036376087995196,-0.23122001079550014,0.0,0.0,1.0,0.0,0.0,1.0,1.0,0.0,1
4733,0.05521826688182013,-0.5736729733833892,-0.7272680852305132,0.5840807260020958,0.39885376190344024,-0.7059548109652046,-0.457886858749688,-0.48801880867952424,1.0,1.0,1.0,0.0,0.0,0.0,0.0,1.0,1
3626,-0.6552710088214962,-0.5736729733833892,1.2597433072932132,-2.2720597434458063,-2.5071845761908427,3.9103615142943946,5.416043008990293,2.2580056083995887,0.0,1.0,1.0,0.0,0.0,0.0,0.0,1.0,0
3431,1.1614578499019506,-0.5736729733833892,-0.7272680852305132,-0.8439895087218553,-2.5071845761908427,-0.6029120358478028,-0.4806028745721113,-0.5530841700404966,0.0,1.0,1.0,0.0,0.0,0.0,1.0,0.0,1
3961,2.362286943537511,7.47766762557412,-0.7272680852305132,-0.8439895087218553,0.39885376190344024,-0.6029120358478028,-0.525541159719138,-0.5964216201834404,0.0,0.0,1.0,0.0,0.0,0.0,1.0,0.0,1
4485,-0.8305667309136394,1.400111161892852,-0.025969946692727428,2.012150960726047,0.39885376190344024,-0.38652220810125915,-0.3034887534807426,-0.14706427765392904,0.0,1.0,1.0,0.0,0.0,0.0,0.0,1.0,1
2471,3.928811290310466,-0.5736729733833892,1.961041445830999,2.012150960726047,0.39885376190344024,0.664514098096239,-0.39648039922905176,-0.32642229268020073,0.0,1.0,0.0,0.0,0.0,0.0,0.0,1.0,1
123,-0.79562963747665,2.6678381846062917,-0.4935020390512513,-0.8439895087218553,-2.5071845761908427,-0.35560937556603855,-0.3802595992326426,-0.45631541978720297,0.0,0.0,0.0,0.0,0.0,0.0,1.0,0.0,0
811,-0.5124713605375573,0.8085298364087474,-0.7272680852305132,-1.5580246260838309,-2.5071845761908427,-0.499869260730401,-0.36892826860043393,-0.4884144287890054,0.0,0.0,0.0,0.0,0.0,0.0,1.0,0.0,0
823,-0.4789073406417596,-0.5736729733833892,-0.5519435505960668,0.5840807260020958,0.39885376190344024,-0.5823034808243225,-0.2678293176281571,-0.2130881169865696,1.0,1.0,0.0,0.0,0.0,1.0,1.0,0.0,1
1049,1.2218730857143862,0.3151761217728151,-0.3181775044168048,0.5840807260020958,0.39885376190344024,-0.41743504063647957,-0.4579117906629538,-0.4880548743263749,1.0,0.0,0.0,0.0,1.0,0.0,1.0,0.0,1
3813,-0.22916051987166533,1.1246307194389555,1.405847086155252,0.5840807260020958,-2.5071845761908427,0.7984697057488611,-0.009461522082815902,0.1606578355354768,0.0,1.0,0.0,0.0,0.0,0.0,1.0,0.0,1
1848,0.5885810557714044,0.16598832183799728,-0.7272680852305132,-0.8439895087218553,0.39885376190344024,-0.6029120358478028,-0.47137235500843877,-0.5441824689614424,0.0,1.0,0.0,0.0,1.0,0.0,0.0,0.0,1
178,-0.43313822260203555,-0.5736729733833892,-0.7272680852305132,0.5840807260020958,0.39885376190344024,-0.7059548109652046,-0.3858457913204703,-0.3838066822796115,0.0,0.0,0.0,1.0,0.0,1.0,0.0,1.0,1
4399,0.5542542172416114,0.9518092086233745,-0.7272680852305132,0.5840807260020958,0.39885376190344024,-0.7059548109652046,-0.5033272029853655,-0.5537512452761455,1.0,1.0,1.0,0.0,0.0,0.0,0.0,0.0,1
1733,-0.45159843354472423,-0.5736729733833892,-0.7272680852305132,-0.8439895087218553,-2.5071845761908427,-0.6029120358478028,-0.29746855357289725,-0.37647363673245293,0.0,0.0,0.0,0.0,0.0,0.0,0.0,1.0,0
1801,-0.325580795208684,-0.5736729733833892,2.048703713148222,0.5840807260020958,0.39885376190344024,1.251857916265429,0.8934331176145542,1.4667541174984635,0.0,1.0,0.0,1.0,0.0,0.0,0.0,1.0,1
1208,-0.7957822012034491,-0.18667095771089143,-0.6980473294581054,-1.5580246260838309,-2.5071845761908427,-0.4586521506834403,-0.0136174509820268,-0.23142423445792804,0.0,1.0,1.0,0.0,0.0,0.0,0.0,0.0,0
4060,0.3263240094037856,-0.5736729733833892,-0.4350605275064358,0.5840807260020958,0.39885376190344024,-0.499869260730401,-0.40390365650075516,-0.40992856797389815,1.0,1.0,0.0,0.0,0.0,1.0,0.0,0.0,1
452,-0.6990567984128323,-0.5736729733833892,-0.7272680852305132,-0.12995439135987974,0.39885376190344024,-0.6647377009182438,-0.2022871606320443,-0.20147998892737526,0.0,0.0,0.0,0.0,0.0,0.0,0.0,1.0,1
2159,0.13150013028136023,-0.5736729733833892,0.23701685525894223,0.5840807260020958,0.39885376190344024,-0.02587249519035291,-0.18758190668973732,-0.0970049767666252,1.0,0.0,0.0,0.0,0.0,0.0,1.0,0.0,1
2985,-0.6920388669800746,-0.5736729733833892,0.032471564852088054,0.5840807260020958,0.39885376190344024,-0.17013238035471537,0.467035422496176,0.8499419007171494,0.0,0.0,0.0,1.0,0.0,0.0,0.0,1.0,0
2000,-0.6029416505294117,-0.5736729733833892,-0.7272680852305132,0.5840807260020958,0.39885376190344024,-0.7059548109652046,-0.3230659708150823,-0.2929915566389561,0.0,0.0,0.0,0.0,1.0,0.0,1.0,0.0,1
1730,-0.4128472469377579,-0.5736729733833892,0.47078290143820417,-0.12995439135987974,0.39885376190344024,0.3492032062369895,0.40927967629919554,0.5357462764349974,0.0,1.0,0.0,0.0,0.0,0.0,0.0,1.0,0
3959,-0.16950810269322497,-0.5736729733833892,0.2077960994865345,-1.5580246260838309,0.39885376190344024,0.8190782607723417,0.39857710133930196,0.066708985389702,0.0,1.0,0.0,0.0,0.0,0.0,1.0,0.0,1
1520,0.9516827255532153,-0.5736729733833892,-0.46428128327884355,-2.2720597434458063,0.39885376190344024,0.2626472751383721,-0.266858909828988,-0.4822244400801956,0.0,1.0,0.0,0.0,0.0,0.0,1.0,0.0,1
4918,1.170001418602699,0.0012908991376785791,0.032471564852088054,-0.8439895087218553,0.39885376190344024,0.200821610067931,-0.33112617338087735,-0.4089322722942286,0.0,1.0,0.0,0.0,0.0,1.0,0.0,1.0,1
1720,0.09046048777240766,0.023816779820906027,-0.7272680852305132,0.5840807260020958,0.39885376190344024,-0.7059548109652046,-0.47622028030569863,-0.5145393047342925,0.0,1.0,1.0,0.0,0.0,0.0,1.0,0.0,1
3521,-0.9378190308533928,-0.5736729733833892,0.9967565053415435,0.5840807260020958,0.39885376190344024,0.5099499354201362,6.078989790760798,8.968001763596758,0.0,1.0,0.0,0.0,1.0,0.0,0.0,1.0,1
1420,0.11349761051906876,0.8136997106639143,1.055198016886359,0.5840807260020958,0.39885376190344024,0.551167045467097,-0.14432236479111923,-0.03442721370432037,0.0,1.0,0.0,0.0,0.0,1.0,0.0,0.0,1
2296,0.008076075300904354,2.0437605066611377,0.17857534371412676,-0.8439895087218553,0.39885376190344024,0.3553857727440337,-0.26429459293639385,-0.3444814309679308,1.0,0.0,0.0,0.0,0.0,0.0,0.0,0.0,1
1,-0.36860376616602464,0.17743590054586697,-0.7272680852305132,0.5840807260020958,0.39885376190344024,-0.7059548109652046,-0.4475368209728168,-0.47304680058001997,0.0,0.0,0.0,1.0,0.0,0.0,1.0,0.0,1
2675,-0.8839640352933175,0.13607690650453133,-0.7272680852305132,-0.8439895087218553,0.39885376190344024,-0.6029120358478028,-0.2200464839715098,-0.30180957088445604,0.0,1.0,0.0,0.0,0.0,0.0,0.0,1.0,1
2488,-0.27462451045779124,-0.5736729733833892,-0.7272680852305132,0.5840807260020958,0.39885376190344024,-0.7059548109652046,-0.4193081028953267,-0.43221210946041283,1.0,1.0,0.0,0.0,1.0,1.0,0.0,1.0,1
1378,-0.5779211993343626,0.06628360405977744,0.14935458794171902,0.5840807260020958,0.39885376190344024,-0.08769816026079394,-0.007614253389947375,0.1633300307900092,0.0,1.0,0.0,0.0,0.0,1.0,1.0,0.0,1
3139,-0.4346638598700263,-0.5736729733833892,-0.08441145823754291,0.5840807260020958,0.39885376190344024,-0.2525666004486368,-0.029140068142721864,0.13219152871157602,0.0,1.0,0.0,1.0,0.0,0.0,0.0,0.0,1
677,2.006355768915257,4.017544641937379,2.3116905150998917,-1.5580246260838309,-2.5071845761908427,3.7867101841535127,-0.09528322514783576,-0.2904916822596688,0.0,1.0,0.0,0.0,0.0,0.0,0.0,0.0,0
947,-0.6087390721477768,-0.5736729733833892,0.5876659245278352,-1.5580246260838309,0.39885376190344024,1.3549006913828308,1.953379224228387,1.19127058018123,0.0,1.0,1.0,0.0,0.0,0.0,1.0,0.0,1
4375,0.2172409447424433,2.12093934375613,-0.7272680852305132,-0.8439895087218553,0.39885376190344024,-0.6029120358478028,-0.4853658805902838,-0.5576775036572056,1.0,1.0,0.0,0.0,0.0,0.0,1.0,0.0,1
4461,2.2522884965153738,1.6342326103054126,1.1136395284311744,0.5840807260020958,0.39885376190344024,0.5923841555140577,-0.3772045293926703,-0.3713065304577435,1.0,1.0,0.0,1.0,0.0,0.0,0.0,1.0,1
2600,-0.8728268832369847,1.933716040372584,-0.7272680852305132,0.5840807260020958,0.39885376190344024,-0.7059548109652046,-0.4659122787899283,-0.49962810484198955,0.0,1.0,0.0,0.0,0.0,0.0,0.0,1.0,1
4359,0.25217803817943263,-0.5736729733833892,-0.7272680852305132,2.012150960726047,-2.5071845761908427,-0.7574761985239055,-0.49049630874259226,-0.5077558606103586,0.0,1.0,0.0,0.0,0.0,0.0,1.0,0.0,0
53,0.1832192336662484,-0.5736729733833892,1.610392376562106,-1.5580246260838309,-2.5071845761908427,2.7974995430264555,0.8951019581217664,0.42583686190647196,1.0,1.0,1.0,0.0,0.0,0.0,0.0,0.0,0
4137,-0.05722119976910196,3.714368444545088,-0.7272680852305132,0.5840807260020958,0.39885376190344024,-0.7059548109652046,-0.5118043826397868,-0.5660140413338152,1.0,1.0,0.0,0.0,0.0,0.0,0.0,0.0,1
3854,-0.48012785045615225,-0.5736729733833892,0.44156214566579643,0.5840807260020958,0.39885376190344024,0.11838738997400955,0.3281471904843513,0.649030968850438,0.0,1.0,0.0,0.0,0.0,0.0,0.0,1.0,1
1142,-0.3748588789647869,-0.5736729733833892,-0.7272680852305132,0.5840807260020958,0.39885376190344024,-0.7059548109652046,-0.4000028950076458,-0.40428586077532386,0.0,0.0,0.0,1.0,0.0,0.0,0.0,0.0,1
1551,-0.4027780409690186,0.5862252434365683,-0.46428128327884355,-1.5580246260838309,0.39885376190344024,-0.12891527030775465,-0.21373249953177767,-0.37616400219166785,1.0,0.0,1.0,0.0,0.0,0.0,0.0,1.0,1
3440,-0.19742726469745664,-0.5736729733833892,-0.7272680852305132,-1.5580246260838309,0.39885376190344024,-0.499869260730401,-0.31469739963596066,-0.4491901753667781,0.0,1.0,0.0,1.0,0.0,0.0,0.0,0.0,1
1230,-0.5599186795720712,-0.5736729733833892,-0.7272680852305132,0.5840807260020958,0.39885376190344024,-0.7059548109652046,-0.3431740638696206,-0.3220792313478246,0.0,0.0,0.0,0.0,0.0,0.0,1.0,0.0,1
2699,1.1312502319957327,-0.5736729733833892,-0.4935020390512513,2.012150960726047,-2.5071845761908427,-0.6338248683830233,-0.4864454938035712,-0.49994283481804125,1.0,0.0,0.0,1.0,0.0,0.0,0.0,1.0,0
4910,-0.544509743165364,-0.5736729733833892,1.2597433072932132,0.5840807260020958,0.39885376190344024,0.6954269306314594,0.9959625397828974,1.6150696475704676,0.0,1.0,0.0,0.0,0.0,1.0,0.0,0.0,0
1709,-0.6960055238768507,0.7331973829763146,0.23701685525894223,0.5840807260020958,0.39885376190344024,-0.02587249519035291,-0.07050218435423145,0.07235851628381262,1.0,1.0,0.0,1.0,0.0,1.0,1.0,0.0,1
3811,0.009449148842096076,-0.5736729733833892,-0.7272680852305132,0.5840807260020958,0.39885376190344024,-0.7059548109652046,-0.4539828647707328,-0.4823714254782812,1.0,1.0,1.0,0.0,0.0,0.0,1.0,0.0,1
2155,-0.5818878562311387,0.17891300747591468,-0.4935020390512513,2.012150960726047,0.39885376190344024,-0.6338248683830233,-0.375301988556628,-0.2855743469421698,1.0,1.0,1.0,0.0,0.0,0.0,1.0,0.0,1
3368,-0.0068751699254055035,1.1286927634965866,-0.37661901596162034,0.5840807260020958,0.39885376190344024,-0.4586521506834403,-0.4231998135889986,-0.43784172408431193,1.0,1.0,0.0,0.0,0.0,0.0,1.0,0.0,1
4765,-0.12434923956069724,-0.5736729733833892,1.0844187726587666,-0.8439895087218553,0.39885376190344024,1.31368358133587,0.6088626123047025,0.49757132483447686,1.0,1.0,1.0,0.0,0.0,0.0,1.0,0.0,1
2541,-0.7658797107508294,2.157128463542299,-0.7272680852305132,0.5840807260020958,0.39885376190344024,-0.7059548109652046,-0.47749024354355957,-0.5163763898052105,0.0,0.0,0.0,1.0,0.0,0.0,0.0,1.0,1
3996,-0.8976947707052347,3.838814703401607,-0.7272680852305132,-0.12995439135987974,0.39885376190344024,-0.6647377009182438,-0.4875395304014871,-0.5453435318005101,0.0,0.0,0.0,0.0,0.0,0.0,0.0,0.0,1
4255,0.6769154535880719,-0.5736729733833892,-0.4935020390512513,-2.2720597434458063,0.39885376190344024,0.200821610067931,-0.23908857537390765,-0.4688339036927657,1.0,0.0,0.0,0.0,0.0,0.0,0.0,0.0,1
4425,-0.7368926026590041,-0.5736729733833892,-0.7272680852305132,0.5840807260020958,0.39885376190344024,-0.7059548109652046,-0.22389244168184294,-0.14953054582435255,1.0,1.0,0.0,0.0,1.0,0.0,0.0,1.0,1
1489,1.0189633290716096,-0.5736729733833892,-0.7272680852305132,-0.8439895087218553,0.39885376190344024,-0.6029120358478028,-0.47598031493396087,-0.5486262796871886,0.0,1.0,0.0,0.0,0.0,0.0,1.0,0.0,1
4075,-0.21909131390292605,-0.5736729733833892,-0.7272680852305132,-1.5580246260838309,0.39885376190344024,-0.499869260730401,-0.3085556349633245,-0.44474794276790564,0.0,1.0,1.0,0.0,0.0,0.0,0.0,0.0,1
4807,0.22364862126800464,-0.5736729733833892,-0.7272680852305132,-2.2720597434458063,0.39885376190344024,-0.29378371049559754,-0.3146693031583299,-0.5052780627367556,0.0,0.0,1.0,0.0,0.0,1.0,1.0,0.0,0
2684,-0.059509655671088166,0.4898440162509558,-0.7272680852305132,-0.12995439135987974,0.39885376190344024,-0.6647377009182438,-0.4645463962217901,-0.5176259686224076,0.0,1.0,0.0,0.0,0.0,0.0,1.0,0.0,1
2876,-0.6854786267277142,0.04708121396915732,-0.7272680852305132,-1.5580246260838309,0.39885376190344024,-0.499869260730401,-0.22647785615290808,-0.38538249910329553,1.0,0.0,0.0,0.0,0.0,0.0,0.0,1.0,1
3678,0.905455916333094,-0.5736729733833892,1.6396131323345138,0.5840807260020958,0.39885376190344024,0.9633381459367041,-0.0888804799644342,0.045773106968116505,0.0,1.0,0.0,0.0,0.0,0.0,0.0,1.0,1
1618,-0.5068265026459913,-0.5736729733833892,-0.7272680852305132,0.5840807260020958,0.39885376190344024,-0.7059548109652046,-0.36351407259872137,-0.3515023872822507,0.0,0.0,0.0,0.0,0.0,0.0,1.0,0.0,1
1109,2.4271265274271197,-0.5736729733833892,-0.4058397717340281,-1.5580246260838309,0.39885376190344024,-0.04648105021383322,-0.4286519177741177,-0.5316115155261443,0.0,0.0,0.0,0.0,0.0,1.0,0.0,1.0,1
3529,-0.7164490632679275,0.4285440786539762,-0.7272680852305132,0.5840807260020958,0.39885376190344024,-0.7059548109652046,-0.4144857307283647,-0.42523623200961524,0.0,1.0,0.0,0.0,0.0,0.0,0.0,1.0,1
4864,-0.33427692763623157,0.5939800548193188,-0.7272680852305132,2.012150960726047,0.39885376190344024,-0.7574761985239055,-0.4855132404356025,-0.4981447473421727,0.0,1.0,0.0,1.0,0.0,1.0,1.0,0.0,0
3424,-0.8587910203714693,-0.5736729733833892,-0.7272680852305132,-1.5580246260838309,0.39885376190344024,-0.499869260730401,0.5351197404178106,0.16546792435606295,0.0,1.0,0.0,0.0,0.0,1.0,0.0,0.0,0
3927,0.04560675209347808,-0.5736729733833892,-0.7272680852305132,-2.2720597434458063,0.39885376190344024,-0.29378371049559754,-0.2764981315547414,-0.48687236210915025,0.0,0.0,0.0,0.0,0.0,0.0,1.0,0.0,1
345,-0.13716459261181999,0.09582574266073147,0.44156214566579643,-0.8439895087218553,0.39885376190344024,0.6336012655610185,0.07596233160190317,-0.016345467285179657,0.0,1.0,0.0,0.0,0.0,0.0,1.0,0.0,1
424,0.21663068983524697,-0.3144407071600176,-0.7272680852305132,-1.5580246260838309,0.39885376190344024,-0.499869260730401,-0.4036307420786425,-0.513514130122928,1.0,0.0,1.0,0.0,0.0,0.0,0.0,0.0,1
4115,-0.4833316887189329,-0.5736729733833892,0.6461074360726506,-0.12995439135987974,0.39885376190344024,0.4975848024060481,0.6572406443468093,0.8346561050755815,1.0,0.0,1.0,0.0,0.0,0.0,0.0,0.0,0
3528,-0.8667243341650214,-0.5736729733833892,2.048703713148222,0.5840807260020958,0.39885376190344024,1.251857916265429,5.396171626930794,7.980260530207574,1.0,1.0,0.0,0.0,1.0,0.0,0.0,1.0,1
3319,3.757634788841898,-0.5736729733833892,-0.7272680852305132,0.5840807260020958,0.39885376190344024,-0.7059548109652046,-0.526961499065518,-0.5879398038076771,1.0,1.0,0.0,1.0,0.0,0.0,0.0,0.0,1
2551,-0.8732845744173818,-0.5736729733833892,0.8214319707070971,0.5840807260020958,0.39885376190344024,0.3862986052792542,3.1591708702282153,4.7442922980150275,0.0,0.0,1.0,0.0,0.0,0.0,0.0,1.0,0
2642,-0.6592376657182724,-0.5736729733833892,-0.17207372555476613,0.5840807260020958,0.39885376190344024,-0.31439226551907784,0.1993674193574539,0.4627425882734289,0.0,0.0,0.0,0.0,0.0,0.0,0.0,1.0,1
1986,0.2994727934871475,-0.3812797957446761,0.32467912257616544,-1.5580246260838309,-2.5071845761908427,0.9839467009601843,0.08817025419345728,-0.15780294054715424,0.0,0.0,1.0,0.0,0.0,0.0,0.0,1.0,0
2385,-0.6311659399872416,-0.5736729733833892,0.5876659245278352,0.5840807260020958,0.39885376190344024,0.2214301650914113,0.7716035949157872,1.2905197268684356,0.0,1.0,0.0,0.0,0.0,0.0,1.0,0.0,0
337,-0.45998943851867363,1.4813520430454754,1.7857169111965525,0.5840807260020958,0.39885376190344024,1.066380921054106,0.11113002908672029,0.3351014191982085,0.0,0.0,1.0,0.0,0.0,0.0,0.0,0.0,1
2957,-0.41940748719011833,-0.5736729733833892,-0.7272680852305132,-2.2720597434458063,-2.5071845761908427,-0.29378371049559754,-0.07347727744687403,-0.3889780375472379,0.0,1.0,0.0,0.0,0.0,1.0,1.0,0.0,1
1090,-0.3318359080074463,0.3443489836412572,0.9090942380243203,0.5840807260020958,-2.5071845761908427,0.4481242703496953,0.047571570445240505,0.24315994245319292,0.0,0.0,1.0,0.0,0.0,1.0,1.0,0.0,0
2601,0.19115254745980056,-0.5736729733833892,-0.025969946692727428,-1.5580246260838309,0.39885376190344024,0.4893413803966559,-0.0059619394852004435,-0.22588713485465584,1.0,0.0,1.0,0.0,0.0,0.0,0.0,0.0,1
480,-0.36295890827445865,0.3299471910732921,-0.08441145823754291,2.012150960726047,0.39885376190344024,-0.41743504063647957,-0.3234048719115686,-0.18547757209598426,0.0,1.0,0.0,1.0,0.0,0.0,0.0,1.0,1
365,-0.4959944780432566,-0.5736729733833892,-0.7272680852305132,-0.12995439135987974,0.39885376190344024,-0.6647377009182438,-0.3311329137970841,-0.3567998455276837,0.0,0.0,0.0,0.0,0.0,0.0,1.0,0.0,1
661,-0.555799458948496,-0.5736729733833892,1.9318206900585912,-1.5580246260838309,0.39885376190344024,3.2508877535430227,3.5427158695073464,2.340810400177363,1.0,0.0,0.0,1.0,0.0,0.0,0.0,1.0,1
810,-0.3942344722682701,-0.5736729733833892,-0.7272680852305132,-0.12995439135987974,0.39885376190344024,-0.6647377009182438,-0.3652172936542945,-0.3978875869680341,0.0,1.0,0.0,0.0,1.0,0.0,1.0,0.0,1
3884,-0.32756412365707205,-0.5736729733833892,2.048703713148222,-0.12995439135987974,0.39885376190344024,1.6846375717585165,1.1864122935434487,1.4725573369841851,0.0,1.0,0.0,0.0,0.0,0.0,0.0,0.0,1
3411,-0.496757296677252,0.20587020894928523,-0.7272680852305132,0.5840807260020958,0.39885376190344024,-0.7059548109652046,-0.43410183107967587,-0.45361220702265537,0.0,0.0,0.0,0.0,0.0,0.0,1.0,0.0,1
1525,0.7516716797196211,1.893464876528784,0.09091307639690353,0.5840807260020958,0.39885376190344024,-0.12891527030775465,-0.41488104591378444,-0.42580808133862813,1.0,1.0,1.0,0.0,0.0,0.0,1.0,0.0,1
2317,-0.582345547411536,-0.5736729733833892,1.5227301092448828,0.5840807260020958,0.39885376190344024,0.8809039258427825,1.3163946525807642,2.0785957033759543,0.0,1.0,0.0,0.0,0.0,0.0,0.0,0.0,1
2212,0.4788877362028658,4.815182384163138,-0.4935020390512513,0.5840807260020958,0.39885376190344024,-0.5410863707773618,-0.5002827749031226,-0.5493472804898953,0.0,1.0,0.0,0.0,0.0,0.0,0.0,1.0,1
4774,-0.9227152219002839,-0.5736729733833892,1.3474055746104363,0.5840807260020958,0.39885376190344024,0.7572525957019005,6.228668601054941,9.184521974281969,1.0,1.0,0.0,1.0,0.0,0.0,0.0,0.0,0
3372,1.3536881456687917,1.5662856915232182,2.3116905150998917,-0.8439895087218553,-2.5071845761908427,2.612022547815132,-0.03602333343919189,-0.12434187078754992,0.0,1.0,0.0,0.0,0.0,0.0,0.0,0.0,0
1824,-0.1817132008371514,-0.5736729733833892,1.610392376562106,-1.5580246260838309,0.39885376190344024,2.7974995430264555,1.5085146816960877,0.8695077191383561,0.0,1.0,0.0,0.0,1.0,0.0,0.0,0.0,1
1177,-0.34678715323375614,-0.0814270889449927,-0.7272680852305132,0.5840807260020958,0.39885376190344024,-0.7059548109652046,-0.43805427700212474,-0.4593296791362349,0.0,0.0,0.0,0.0,1.0,1.0,0.0,1.0,1
110,-0.8783191774017515,-0.5736729733833892,-0.7272680852305132,0.5840807260020958,0.39885376190344024,-0.7059548109652046,0.0592845996179747,0.26010360695225326,0.0,1.0,0.0,0.0,0.0,1.0,0.0,1.0,1
3346,-0.4425971736635785,0.06443722039721782,0.17857534371412676,0.5840807260020958,0.39885376190344024,-0.06708960523731362,-0.0805962226076298,0.0577568282760351,0.0,0.0,0.0,1.0,0.0,1.0,0.0,1.0,1
1291,4.469649701813205,-0.5736729733833892,1.7857169111965525,0.5840807260020958,0.39885376190344024,1.066380921054106,-0.3766029242251437,-0.37043626914709976,0.0,1.0,0.0,1.0,0.0,1.0,0.0,1.0,1
3070,-0.7683207303796147,1.0400663476937246,-0.7272680852305132,0.5840807260020958,-2.5071845761908427,-0.7059548109652046,-0.442925602726004,-0.4663763711160676,0.0,0.0,0.0,1.0,0.0,0.0,0.0,0.0,0
3208,0.5010094765887324,0.2494448633856924,-0.7272680852305132,-1.5580246260838309,0.39885376190344024,-0.499869260730401,-0.4431713272709621,-0.5421131543255965,1.0,1.0,0.0,1.0,0.0,1.0,0.0,0.0,1
3971,-0.7294169800458492,-0.3927273744525458,1.2013017957483976,0.5840807260020958,0.39885376190344024,0.6542098205844988,1.3863815861077737,2.1798363904358045,0.0,0.0,0.0,0.0,1.0,0.0,0.0,1.0,1
4532,0.07947589944287388,-0.5736729733833892,-0.7272680852305132,-0.8439895087218553,0.39885376190344024,-0.6029120358478028,-0.41604358488013155,-0.4908246737304741,0.0,1.0,0.0,0.0,0.0,1.0,0.0,0.0,1
4845,0.10678480653990924,-0.5736729733833892,1.9902622016034066,-0.8439895087218553,0.39885376190344024,2.271981389927707,0.7732803388552939,0.6561320043016569,1.0,0.0,0.0,1.0,0.0,0.0,1.0,0.0,1
1350,-0.7458938625401499,-0.5736729733833892,-0.7272680852305132,-1.5580246260838309,0.39885376190344024,-0.499869260730401,0.11941709165504888,-0.13520264122243705,1.0,0.0,0.0,0.0,0.0,0.0,1.0,0.0,1
1453,4.970058725714188,-0.5736729733833892,3.5097415017686093,0.5840807260020958,-2.5071845761908427,2.2822856674394463,-0.2945987823212543,-0.25181190243014323,0.0,1.0,0.0,0.0,0.0,1.0,0.0,1.0,0
1476,-0.35914481510448165,1.8144396557712321,0.38312063412098096,0.5840807260020958,0.39885376190344024,0.07717027992704895,-0.2652201642569371,-0.20931380560250407,0.0,1.0,0.0,0.0,0.0,0.0,1.0,0.0,1
1658,-0.7047016563043983,0.3812766568924498,-0.7272680852305132,0.5840807260020958,0.39885376190344024,-0.7059548109652046,-0.413068577993905,-0.4231862276834495,0.0,1.0,0.0,0.0,0.0,0.0,0.0,0.0,1
2225,1.1179771877642126,-0.5736729733833892,1.1136395284311744,2.012150960726047,0.39885376190344024,0.21627802633554133,-0.29869838258990433,-0.13782483031103684,0.0,0.0,1.0,0.0,0.0,1.0,0.0,0.0,1
62,-0.7304849261334428,-0.5736729733833892,-0.3181775044168048,0.5840807260020958,0.39885376190344024,-0.41743504063647957,0.2129282490573289,0.4823592173601589,0.0,0.0,1.0,0.0,0.0,0.0,1.0,0.0,1
4996,0.2848266757144358,-0.5736729733833892,0.09091307639690353,0.5840807260020958,0.39885376190344024,-0.12891527030775465,-0.2662235120196615,-0.21076521391172753,1.0,0.0,0.0,0.0,0.0,0.0,0.0,1.0,1
4862,-0.6070608711529869,-0.5736729733833892,-0.7272680852305132,-2.2720597434458063,0.39885376190344024,-0.29378371049559754,0.13199175124900264,-0.28990323131138157,0.0,1.0,0.0,1.0,0.0,0.0,1.0,0.0,1
1416,-0.25509635342750897,-0.15158966812225852,-0.7272680852305132,0.5840807260020958,0.39885376190344024,-0.7059548109652046,-0.4452020390194281,-0.46966938543716646,0.0,1.0,0.0,0.0,0.0,0.0,0.0,0.0,1
2982,0.30740610728069967,-0.5736729733833892,1.6396131323345138,-0.12995439135987974,0.39885376190344024,1.3384138473640463,0.24705701319925238,0.34019151307598317,0.0,1.0,0.0,0.0,0.0,0.0,0.0,0.0,0
4630,-0.822023162212891,-0.43593275215644106,-0.7272680852305132,0.5840807260020958,0.39885376190344024,-0.7059548109652046,-0.19066229323485537,-0.10146095782653712,1.0,1.0,0.0,0.0,0.0,0.0,1.0,0.0,1
1807,0.08649383087563156,0.011261370915500564,-0.7272680852305132,0.5840807260020958,0.39885376190344024,-0.7059548109652046,-0.4757440531590398,-0.5138504109494878,0.0,1.0,0.0,0.0,0.0,0.0,0.0,0.0,1
2407,0.41633660821524293,0.7771413141452338,-0.5811643063684745,-1.5580246260838309,-2.5071845761908427,-0.29378371049559754,-0.40140947541195876,-0.5119075262031304,0.0,1.0,0.0,0.0,0.0,1.0,0.0,1.0,0
216,-0.6358954155180131,-0.5736729733833892,-0.7272680852305132,-0.12995439135987974,0.39885376190344024,-0.6647377009182438,-0.25624244025104537,-0.26652152958660325,1.0,0.0,0.0,0.0,0.0,0.0,1.0,0.0,1
1267,-0.6760196756661712,-0.5736729733833892,-0.2889567486443971,0.5840807260020958,0.39885376190344024,-0.39682648561299927,0.1260572283749385,0.35669459146136123,0.0,0.0,0.0,0.0,0.0,1.0,0.0,0.0,1
4363,0.9114059016782581,0.7745563770176502,0.12013383216931127,0.5840807260020958,0.39885376190344024,-0.10830671528427435,-0.3949907006431938,-0.3970353930728234,0.0,1.0,0.0,0.0,0.0,0.0,1.0,0.0,1
1694,-0.21024261774857939,3.7778840425371394,1.4642885977000673,0.5840807260020958,0.39885376190344024,0.8396868157958219,-0.2302978240486401,-0.1587963512971031,0.0,1.0,0.0,0.0,0.0,0.0,0.0,1.0,1
4057,0.033706781403149824,-0.5736729733833892,0.6461074360726506,0.5840807260020958,0.39885376190344024,0.2626472751383721,-0.026988201420924833,0.13530434498165692,0.0,1.0,0.0,0.0,0.0,0.0,0.0,1.0,1
3297,-0.6879196463564994,-0.5736729733833892,2.750001851686008,-0.8439895087218553,0.39885376190344024,3.07571503584344,4.841343290076233,4.579278487308016,0.0,1.0,0.0,1.0,0.0,0.0,0.0,1.0,1
3797,-0.15135301920413444,-0.5736729733833892,0.7045489476174661,0.5840807260020958,0.39885376190344024,0.30386438518533276,0.10346243738364101,0.32400974518144987,1.0,0.0,1.0,0.0,0.0,1.0,0.0,0.0,1
4147,-0.3448038247853681,0.5577909350331501,-0.7272680852305132,0.5840807260020958,0.39885376190344024,-0.7059548109652046,-0.4630786515753951,-0.4955290773290877,0.0,1.0,0.0,0.0,0.0,1.0,0.0,0.0,1
4805,-0.8307192946404385,-0.5736729733833892,-0.7272680852305132,-0.12995439135987974,0.39885376190344024,-0.6647377009182438,0.014945403334544657,0.06038763072935772,1.0,1.0,0.0,0.0,0.0,0.0,0.0,1.0,1
4566,0.44303526040508195,-0.5736729733833892,-0.7272680852305132,-0.12995439135987974,0.39885376190344024,-0.6647377009182438,-0.46807502347456376,-0.5218796274775406,0.0,0.0,0.0,0.0,0.0,0.0,0.0,0.0,1
284,3.091083866456717,1.028618768985855,1.4642885977000673,-0.8439895087218553,0.39885376190344024,1.715550404293737,-0.28664933825683797,-0.3660398339557906,1.0,1.0,0.0,0.0,0.0,0.0,0.0,1.0,1
2430,0.13806037053372067,-0.5736729733833892,-0.4350605275064358,0.5840807260020958,0.39885376190344024,-0.499869260730401,-0.38097072770171087,-0.37675458318981186,0.0,1.0,0.0,1.0,0.0,0.0,0.0,0.0,1
4388,-0.19727470097065758,-0.5736729733833892,-0.7272680852305132,2.012150960726047,0.39885376190344024,-0.7574761985239055,-0.4601475914715915,-0.4492206487155933,0.0,0.0,0.0,0.0,0.0,0.0,0.0,0.0,1
404,-0.5167431448879315,1.1741138015955535,-0.1428529697823584,-0.8439895087218553,0.39885376190344024,0.01534461485660781,-0.1931754006488462,-0.27589571524949374,0.0,1.0,0.0,0.0,1.0,0.0,0.0,0.0,1
173,-0.05478018014031668,-0.5736729733833892,-0.20129448132717387,-0.8439895087218553,0.39885376190344024,-0.04648105021383322,-0.1294927710854494,-0.21448164983409643,0.0,0.0,1.0,0.0,0.0,1.0,0.0,0.0,1
1896,-0.430239511792853,-0.5736729733833892,-0.7272680852305132,0.5840807260020958,0.39885376190344024,-0.7059548109652046,-0.3866139059563598,-0.3849178104511032,0.0,0.0,0.0,1.0,0.0,0.0,1.0,0.0,1
978,-0.8287359661920505,0.09804140305580303,-0.7272680852305132,0.5840807260020958,-2.5071845761908427,-0.7059548109652046,-0.3468082963765648,-0.3273363868966711,0.0,1.0,0.0,1.0,0.0,0.0,1.0,0.0,0
3779,-0.33992178552779756,1.067392825899607,-0.4935020390512513,0.5840807260020958,0.39885376190344024,-0.5410863707773618,-0.4193534826382775,-0.43227775423327836,0.0,0.0,0.0,0.0,0.0,0.0,0.0,1.0,1
1255,-0.7550476861480947,-0.5736729733833892,-0.7272680852305132,0.5840807260020958,0.39885376190344024,-0.7059548109652046,-0.2032729996371986,-0.11970317128186121,0.0,0.0,0.0,0.0,0.0,0.0,0.0,0.0,1
995,-0.4410715363955877,-0.5736729733833892,3.2759754555893474,-1.5580246260838309,0.39885376190344024,5.146874815703216,4.265001601818543,2.8632272293451413,0.0,0.0,0.0,1.0,0.0,0.0,1.0,0.0,1
1958,0.7054448704994999,-0.5736729733833892,-0.522722794823659,0.5840807260020958,0.39885376190344024,-0.561694925800842,-0.45192034243563217,-0.47938785172016973,0.0,1.0,0.0,1.0,0.0,0.0,0.0,1.0,1
447,-0.6863940090885087,1.1490029837847426,0.8798734822519125,0.5840807260020958,-2.5071845761908427,0.4275157153262148,0.05072577877026674,0.24772271155683329,0.0,1.0,1.0,0.0,0.0,0.0,1.0,0.0,1
4656,-0.4572432914362902,-0.5736729733833892,-0.6980473294581054,-0.8439895087218553,0.39885376190344024,-0.5719992033125822,-0.269812667459179,-0.3498029353095817,0.0,1.0,1.0,0.0,0.0,1.0,0.0,1.0,1
2606,-0.5776160718807645,-0.5736729733833892,0.3538998783485732,-0.12995439135987974,0.39885376190344024,0.2502821421242838,0.6484941335950419,0.82411243745483,0.0,0.0,0.0,0.0,1.0,0.0,0.0,0.0,1
2680,0.2511100920918391,5.441844999235875,-0.2305152370995816,-0.12995439135987974,0.39885376190344024,-0.24432317843924464,-0.4632939323862573,-0.5161161594237851,1.0,0.0,0.0,0.0,1.0,0.0,1.0,0.0,1
1651,-0.06683271455744401,-0.5736729733833892,-0.5811643063684745,-1.5580246260838309,0.39885376190344024,-0.29378371049559754,-0.24519535701433748,-0.3989205450767139,0.0,0.0,1.0,0.0,0.0,0.0,0.0,0.0,1
3166,-0.49095987505888694,-0.5736729733833892,-0.25973599287198934,0.5840807260020958,0.39885376190344024,-0.37621793058951886,-0.0831276897086817,0.054094895174179675,0.0,1.0,0.0,0.0,0.0,0.0,0.0,1.0,1
4839,-0.5954660279162568,-0.5736729733833892,-0.7272680852305132,-0.8439895087218553,0.39885376190344024,-0.6029120358478028,-0.21656288484845002,-0.29845006789452955,1.0,1.0,1.0,0.0,0.0,1.0,0.0,0.0,1
876,-0.544357179438565,1.013109146220354,-0.7272680852305132,0.5840807260020958,-2.5071845761908427,-0.7059548109652046,-0.4622405424720305,-0.4943166975721864,0.0,1.0,1.0,0.0,0.0,1.0,0.0,1.0,0
2359,-0.00016236594624597546,-0.5736729733833892,-0.7272680852305132,0.5840807260020958,0.39885376190344024,-0.7059548109652046,-0.4531193574421932,-0.4811223055237853,1.0,1.0,0.0,1.0,0.0,0.0,1.0,0.0,1
1490,-0.557630223670085,-0.5736729733833892,-0.7272680852305132,0.5840807260020958,0.39885376190344024,-0.7059548109652046,-0.344143148163377,-0.3234810753031815,0.0,0.0,0.0,0.0,0.0,0.0,0.0,1.0,1
2311,2.1126926864942157,-0.15085111465723466,3.62662452485824,0.5840807260020958,0.39885376190344024,2.3647198875333686,-0.07899458940828734,0.06007369568753147,0.0,1.0,1.0,0.0,0.0,0.0,0.0,0.0,1
767,2.0518197595013827,-0.5736729733833892,-0.7272680852305132,0.5840807260020958,0.39885376190344024,-0.7059548109652046,-0.5156889498715551,-0.5716333224718099,0.0,1.0,1.0,0.0,0.0,0.0,1.0,0.0,1
2719,-0.21222594619696744,-0.5736729733833892,-0.7272680852305132,-0.12995439135987974,-2.5071845761908427,-0.6647377009182438,-0.40527903273769555,-0.4461808633604854,0.0,1.0,0.0,1.0,0.0,1.0,0.0,1.0,0
312,0.4113020052308733,-0.5736729733833892,3.6850660364030556,0.5840807260020958,0.39885376190344024,2.405936997580329,0.5400531826459193,0.9555668771604803,0.0,1.0,0.0,0.0,0.0,0.0,1.0,0.0,1
3767,1.0874644424043967,-0.004248251850000301,-0.63960581791329,0.5840807260020958,0.39885376190344024,-0.6441291458947634,-0.49345905122381795,-0.5394763168859141,0.0,1.0,1.0,0.0,0.0,1.0,1.0,0.0,1
3574,-0.7684732941064137,-0.0537313340065983,-0.7272680852305132,-0.8439895087218553,0.39885376190344024,-0.6029120358478028,-0.24500571341825367,-0.3258796785491258,0.0,0.0,0.0,0.0,0.0,0.0,0.0,0.0,1
3730,0.4497480643842415,-0.5736729733833892,-0.7272680852305132,0.5840807260020958,0.39885376190344024,-0.7059548109652046,-0.4815924507675217,-0.5223105014584312,1.0,0.0,0.0,0.0,0.0,0.0,0.0,0.0,1
613,-0.7352144016642143,0.6098589543173316,-0.7272680852305132,0.5840807260020958,0.39885376190344024,-0.7059548109652046,-0.42388781922616264,-0.4388369693379229,0.0,1.0,0.0,1.0,0.0,0.0,1.0,0.0,0
116,-0.31062954998237413,-0.5736729733833892,1.610392376562106,0.5840807260020958,0.39885376190344024,0.9427295909132237,0.6622809500862266,1.1323773549144849,0.0,0.0,1.0,0.0,0.0,0.0,0.0,1.0,1
3383,0.6653206103513418,-0.5736729733833892,-0.7272680852305132,0.5840807260020958,0.39885376190344024,-0.7059548109652046,-0.4899109053568361,-0.5343436913048379,0.0,1.0,0.0,0.0,0.0,0.0,1.0,0.0,1
4362,-0.10436339135001774,-0.5736729733833892,-0.7272680852305132,-2.2720597434458063,0.39885376190344024,-0.29378371049559754,-0.2330719911779963,-0.4659327758819464,0.0,1.0,0.0,0.0,0.0,1.0,1.0,0.0,1
1752,-0.595618591643056,1.087703046187763,-0.2889567486443971,-0.8439895087218553,0.39885376190344024,-0.1392195478194948,-0.22229916823996476,-0.30398200785779755,0.0,0.0,0.0,0.0,0.0,0.0,1.0,0.0,1
38,-0.7808309559771393,2.8026241919731443,1.2305225515208054,0.5840807260020958,0.39885376190344024,0.6748183756079791,-0.09106676726874997,0.04261049906911863,0.0,1.0,1.0,0.0,0.0,0.0,0.0,0.0,1
3140,0.43632245642592243,-0.5736729733833892,-0.7272680852305132,0.5840807260020958,0.39885376190344024,-0.7059548109652046,-0.48099402187734414,-0.521444834841181,0.0,1.0,0.0,0.0,0.0,0.0,0.0,1.0,1
1207,-0.5986698661790375,-0.5736729733833892,-0.522722794823659,-0.8439895087218553,0.39885376190344024,-0.38652220810125915,0.019101686574998347,-0.07118056748730996,0.0,1.0,0.0,0.0,0.0,0.0,0.0,1.0,1
4666,-0.5911942435658826,-0.5736729733833892,-0.7272680852305132,0.5840807260020958,0.39885376190344024,-0.7059548109652046,-0.3289391898409329,-0.3014875529551916,0.0,0.0,0.0,0.0,0.0,1.0,0.0,1.0,1
1452,-0.1307569160862586,0.24575209606057316,1.055198016886359,0.5840807260020958,0.39885376190344024,0.551167045467097,0.010389903055205927,0.18937422327826722,0.0,1.0,0.0,1.0,0.0,0.0,1.0,0.0,1
773,0.5925477126681805,-0.5736729733833892,0.32467912257616544,0.5840807260020958,0.39885376190344024,0.03595316988008812,-0.2711899536086283,-0.21794949722534876,0.0,0.0,0.0,0.0,1.0,0.0,1.0,0.0,1
1029,-0.7091260043815716,0.19996178122909442,-0.7272680852305132,-0.12995439135987974,0.39885376190344024,-0.6647377009182438,-0.36654204832126774,-0.39948454068866857,0.0,1.0,1.0,0.0,0.0,1.0,0.0,1.0,1
3868,-0.20124135786743366,2.424854094613445,-0.7272680852305132,-2.2720597434458063,0.39885376190344024,-0.29378371049559754,-0.4058478202832395,-0.54924329669128,0.0,1.0,0.0,0.0,0.0,0.0,0.0,0.0,1
495,0.11410786542626508,0.17411240995325963,-0.7272680852305132,0.5840807260020958,0.39885376190344024,-0.7059548109652046,-0.4803915960479357,-0.5205733863893299,1.0,1.0,1.0,0.0,0.0,0.0,0.0,0.0,1
344,-0.525439277315479,-0.5736729733833892,-0.7272680852305132,0.5840807260020958,0.39885376190344024,-0.7059548109652046,-0.35686129701077124,-0.34187871129823094,0.0,0.0,1.0,0.0,0.0,1.0,1.0,0.0,1
1938,0.7473998953692469,-0.5736729733833892,1.2305225515208054,-0.8439895087218553,0.39885376190344024,1.4682477440119726,0.08602965728676995,-0.006636769600938762,1.0,1.0,1.0,0.0,0.0,0.0,0.0,0.0,1
2813,-0.45998943851867363,-0.5736729733833892,0.17857534371412676,0.5840807260020958,0.39885376190344024,-0.06708960523731362,0.145617565653199,0.38498990153390855,0.0,1.0,0.0,0.0,0.0,1.0,0.0,1.0,1
1003,-0.5930250082874715,-0.5736729733833892,1.9025999342861835,-0.8439895087218553,0.39885376190344024,2.1792428923220455,2.7428310529147684,2.5555214802305013,1.0,0.0,0.0,0.0,0.0,1.0,0.0,1.0,0
1741,-0.3847755212067271,-0.5736729733833892,-0.7272680852305132,0.5840807260020958,0.39885376190344024,-0.7059548109652046,-0.3977718005493774,-0.4010584363909801,0.0,1.0,0.0,0.0,0.0,0.0,1.0,0.0,1
4604,-0.7269759604170639,-0.5736729733833892,-0.7272680852305132,0.5840807260020958,0.39885376190344024,-0.7059548109652046,-0.23414475717183883,-0.16436119223009862,0.0,1.0,0.0,0.0,0.0,0.0,1.0,0.0,1
1463,-0.6601530480790668,0.38681580788012865,-0.7272680852305132,-0.8439895087218553,0.39885376190344024,-0.6029120358478028,-0.35805913515843707,-0.434905802089992,0.0,1.0,0.0,0.0,0.0,1.0,0.0,0.0,1
3555,-0.3092564764411824,0.23356596388767964,0.5000036572106119,0.5840807260020958,0.39885376190344024,0.15960450002097037,-0.06841765285936185,0.07537392773425207,0.0,1.0,0.0,1.0,0.0,0.0,1.0,0.0,1
1227,-0.3733332416967961,-0.5736729733833892,0.7337697033898738,-1.5580246260838309,0.39885376190344024,1.560986241617634,1.2172337248376983,0.6588292202124577,0.0,0.0,0.0,0.0,0.0,1.0,1.0,0.0,1
1149,-0.6590851019914733,-0.5736729733833892,-0.7272680852305132,-1.5580246260838309,0.39885376190344024,-0.499869260730401,-0.03259196937357834,-0.2451481767838844,0.0,0.0,0.0,0.0,0.0,0.0,1.0,0.0,1
1180,-0.1739324507703983,0.031202314471144535,-0.20129448132717387,-1.5580246260838309,0.39885376190344024,0.2420387201148916,-0.055481374479087506,-0.2617036892380676,0.0,1.0,0.0,0.0,1.0,1.0,0.0,0.0,1
1118,-0.15913376927088752,-0.5736729733833892,1.3474055746104363,0.5840807260020958,0.39885376190344024,0.7572525957019005,0.3540478757325458,0.6864980078776041,0.0,0.0,1.0,0.0,0.0,0.0,0.0,1.0,1
1661,-0.35761917783649083,-0.5736729733833892,-0.7272680852305132,2.012150960726047,-2.5071845761908427,-0.7574761985239055,-0.4396434943040396,-0.4096732878931855,0.0,1.0,0.0,0.0,0.0,1.0,0.0,1.0,0
1593,0.5054338246659057,0.9329760952652663,0.6168866803002429,-0.12995439135987974,0.39885376190344024,0.4728545363778716,-0.24354240773512414,-0.2512120049749114,0.0,1.0,0.0,0.0,0.0,0.0,1.0,0.0,1
4557,-0.039676371187207744,2.963998124080856,-0.7272680852305132,0.5840807260020958,0.39885376190344024,-0.7059548109652046,-0.507576427647519,-0.5598980272908491,0.0,1.0,0.0,0.0,0.0,1.0,0.0,0.0,1
390,-0.6744940383981803,2.3528451317736194,-0.7272680852305132,0.5840807260020958,0.39885376190344024,-0.7059548109652046,-0.48513748826685593,-0.5274386305819484,1.0,1.0,0.0,0.0,0.0,0.0,1.0,0.0,1
167,2.3796792083926057,2.3133325213948432,-0.05519070246513517,0.5840807260020958,0.39885376190344024,-0.2319580454251564,-0.47726295508528627,-0.5160476021513338,0.0,1.0,0.0,0.0,0.0,1.0,0.0,0.0,1
4126,-0.6693068716870116,-0.5736729733833892,0.2954583668037577,0.5840807260020958,0.39885376190344024,0.01534461485660781,0.6428584462900371,1.1042814300088755,0.0,0.0,0.0,1.0,0.0,0.0,1.0,0.0,0
547,-0.4024729135154204,-0.5736729733833892,-0.3181775044168048,-1.5580246260838309,0.39885376190344024,0.07717027992704895,0.1907264485488066,-0.08362581164942835,0.0,1.0,0.0,0.0,0.0,1.0,1.0,0.0,1
1636,-0.6906657934388829,0.8816466294461086,-0.7272680852305132,-0.8439895087218553,0.39885376190344024,-0.6029120358478028,-0.39270439248196687,-0.4683168925896764,0.0,1.0,1.0,0.0,0.0,0.0,0.0,1.0,1
2332,-0.8172936866821194,0.12721426492424512,1.3181848188380287,0.5840807260020958,-2.5071845761908427,0.7366440406784203,0.9836673797976808,1.5972838926918984,0.0,1.0,1.0,0.0,0.0,0.0,1.0,0.0,0
829,-0.44137666384918584,1.7568324854993718,-0.4350605275064358,-2.2720597434458063,0.39885376190344024,0.32447294020881307,-0.17072388823900678,-0.4358692365881649,0.0,1.0,0.0,0.0,0.0,0.0,0.0,1.0,1
1413,3.198031038942872,-0.5736729733833892,3.1006509209549007,-0.12995439135987974,0.39885376190344024,2.5749271487728675,-0.15605363987270168,-0.1457468069010317,0.0,0.0,0.0,0.0,0.0,0.0,1.0,0.0,1
121,-0.677697876660961,-0.5736729733833892,-0.7272680852305132,2.012150960726047,0.39885376190344024,-0.7574761985239055,-0.344421395912928,-0.2260132782586462,0.0,1.0,1.0,0.0,0.0,0.0,0.0,0.0,1
4554,-0.3362602560846196,-0.5736729733833892,-0.7272680852305132,-0.8439895087218553,0.39885376190344024,-0.6029120358478028,-0.33843612698866776,-0.415981823673156,0.0,1.0,0.0,0.0,1.0,0.0,0.0,0.0,1
1907,-0.7355195291178125,-0.5736729733833892,-0.17207372555476613,0.5840807260020958,0.39885376190344024,-0.31439226551907784,0.38652527568109335,0.733478695829014,1.0,1.0,0.0,0.0,0.0,0.0,0.0,1.0,1
1495,2.692129720877122,-0.5736729733833892,1.0844187726587666,0.5840807260020958,0.39885376190344024,0.5717756004905774,-0.3582913319847989,-0.34394735062837534,0.0,1.0,1.0,0.0,0.0,0.0,0.0,1.0,1
2629,-0.5289482430318578,-0.5736729733833892,-0.4350605275064358,-0.8439895087218553,0.39885376190344024,-0.29378371049559754,0.028126508055539096,-0.062477236915565205,0.0,0.0,0.0,0.0,1.0,1.0,1.0,0.0,1
2473,-0.7915104168530749,0.276032788126551,-0.3473982601892126,0.5840807260020958,0.39885376190344024,-0.43804359565996,-0.17129590544868814,-0.07344620840788448,0.0,1.0,1.0,0.0,0.0,1.0,0.0,1.0,1
4872,-0.7628284362148477,4.054103038456059,1.288964063065621,-2.2720597434458063,0.39885376190344024,3.972187179364836,0.513839941356921,-0.10578041880492595,0.0,0.0,0.0,0.0,0.0,0.0,1.0,0.0,0
1239,1.7189257076257896,0.34028693958362605,-0.3181775044168048,0.5840807260020958,0.39885376190344024,-0.41743504063647957,-0.472388519804918,-0.5089964119942053,0.0,0.0,0.0,0.0,0.0,0.0,0.0,1.0,1
3627,0.34173294581049274,-0.5736729733833892,-0.46428128327884355,0.5840807260020958,0.39885376190344024,-0.5204778157538814,-0.412598385190753,-0.42250606297208465,0.0,1.0,0.0,0.0,0.0,0.0,0.0,1.0,1
3539,-0.3803511731295538,0.6264764072803682,-0.7272680852305132,-2.2720597434458063,0.39885376190344024,-0.29378371049559754,-0.2928812805690237,-0.494772128436102,0.0,1.0,0.0,1.0,0.0,0.0,1.0,0.0,1
2305,7.985175658444409,-0.5736729733833892,4.678571732664919,-0.12995439135987974,0.39885376190344024,3.9103615142943946,-0.293253866026345,-0.3111377408530238,0.0,0.0,0.0,0.0,0.0,0.0,0.0,1.0,0
3977,1.346822777962833,-0.34250573883092394,-0.3181775044168048,-0.12995439135987974,0.39885376190344024,-0.31851397652377395,-0.43366677290779754,-0.48040146919434074,0.0,1.0,0.0,0.0,0.0,0.0,0.0,0.0,1
1665,-0.30361161854961644,-0.5736729733833892,-0.05519070246513517,0.5840807260020958,0.39885376190344024,-0.2319580454251564,-0.10807327979235264,0.018009463909934027,0.0,0.0,0.0,0.0,1.0,0.0,0.0,1.0,1
1712,-0.9080691041275721,-0.5736729733833892,1.2305225515208054,0.5840807260020958,0.39885376190344024,0.6748183756079791,5.178332666607128,7.665142194539099,1.0,1.0,0.0,1.0,0.0,1.0,0.0,0.0,0
3039,-0.40430367823700936,-0.17522337900302173,-0.6688265736856978,0.5840807260020958,0.39885376190344024,-0.6647377009182438,-0.40040192863197377,-0.4048630890699648,0.0,0.0,0.0,0.0,0.0,0.0,0.0,1.0,1
703,-0.7968501472910426,-0.5736729733833892,-0.7272680852305132,-0.12995439135987974,0.39885376190344024,-0.6647377009182438,-0.0634218273103188,-0.034081816085333054,0.0,1.0,0.0,0.0,0.0,0.0,0.0,0.0,1
4830,0.4625634174353642,0.3074213103900647,1.493509353472475,-0.8439895087218553,0.39885376190344024,1.7464632368289574,0.13005366821533104,0.03581897548294257,0.0,1.0,0.0,0.0,0.0,0.0,0.0,1.0,1
897,-0.19666444606346126,-0.5736729733833892,-0.7272680852305132,-0.8439895087218553,0.39885376190344024,-0.6029120358478028,-0.37302903722070285,-0.4493424318400064,1.0,1.0,0.0,0.0,0.0,1.0,0.0,0.0,1
583,3.5719647333274174,-0.5736729733833892,0.5000036572106119,-0.12995439135987974,0.39885376190344024,0.37393347226516604,-0.41477081029469154,-0.4576229287201891,0.0,0.0,0.0,1.0,0.0,1.0,0.0,1.0,1
3490,-0.4627355856010571,-0.5736729733833892,-0.7272680852305132,0.5840807260020958,-2.5071845761908427,-0.7059548109652046,-0.3775613484459371,-0.3718226926081374,1.0,0.0,0.0,0.0,0.0,0.0,0.0,1.0,0
2569,-0.41833954110252475,-0.5736729733833892,-0.522722794823659,0.5840807260020958,0.39885376190344024,-0.561694925800842,-0.27930193849477736,-0.2296840151118327,0.0,0.0,1.0,0.0,0.0,1.0,1.0,0.0,1
3065,-0.0700365528202247,0.08770165454546912,0.06169232062449579,0.5840807260020958,0.39885376190344024,-0.14952382533123507,-0.255646895358387,-0.19546544460346302,0.0,1.0,0.0,0.0,0.0,1.0,0.0,0.0,1
1068,-0.5240662037742874,2.6722695053964345,-0.5811643063684745,0.5840807260020958,0.39885376190344024,-0.6029120358478028,-0.46821187874380094,-0.502954626916328,1.0,1.0,0.0,0.0,0.0,0.0,0.0,1.0,1
3194,-0.8203449612181011,1.759786699359467,1.2013017957483976,-0.8439895087218553,-2.5071845761908427,1.4373349114767524,0.3966871132373358,0.2929541463573263,0.0,1.0,1.0,0.0,0.0,0.0,0.0,1.0,0
4814,-0.08102114114975847,0.0699763713848967,0.7337697033898738,-0.12995439135987974,0.39885376190344024,0.5717756004905774,0.02881472202914678,0.07710669626215999,1.0,0.0,0.0,0.0,0.0,0.0,1.0,0.0,1
1962,0.0977835466587635,0.054836025351907756,-0.4058397717340281,-1.5580246260838309,-2.5071845761908427,-0.04648105021383322,-0.2527775042758966,-0.40440458159227977,0.0,1.0,0.0,0.0,0.0,1.0,0.0,1.0,0
4791,-0.49538422313606023,-0.11244633447599443,-0.37661901596162034,-0.12995439135987974,0.39885376190344024,-0.3679745085801268,-0.19535353883449172,-0.19312170689741037,0.0,1.0,0.0,0.0,1.0,0.0,0.0,1.0,1
4339,-0.4581586737970847,-0.5736729733833892,-0.7272680852305132,0.5840807260020958,-2.5071845761908427,-0.7059548109652046,-0.37889754890957145,-0.37375559416805254,0.0,1.0,0.0,0.0,0.0,0.0,0.0,0.0,0
189,-0.8166834317749231,-0.5736729733833892,1.0259772611139513,0.5840807260020958,0.39885376190344024,0.5305584904436167,2.5266313601111134,3.829282433037265,0.0,1.0,0.0,0.0,0.0,0.0,1.0,0.0,1
800,0.5484567956232463,-0.5736729733833892,2.194807492010261,0.5840807260020958,0.39885376190344024,1.3549006913828308,0.13142619595030594,0.3644611550002893,0.0,1.0,0.0,1.0,0.0,0.0,0.0,1.0,1
4441,-0.14357226913738136,-0.5736729733833892,-0.7272680852305132,0.5840807260020958,0.39885376190344024,-0.7059548109652046,-0.4380356662531253,-0.45930275746785415,0.0,1.0,0.0,0.0,0.0,0.0,1.0,0.0,1
3527,2.8813087421079815,-0.5736729733833892,0.9675357495691358,0.5840807260020958,0.39885376190344024,0.4893413803966559,-0.3774133359890083,-0.37160858288682613,0.0,1.0,0.0,0.0,1.0,0.0,1.0,0.0,1
1019,0.01280555083167584,-0.5736729733833892,-0.7272680852305132,0.5840807260020958,0.39885376190344024,-0.7059548109652046,-0.45428069236164137,-0.48280225261142495,0.0,0.0,0.0,0.0,0.0,0.0,1.0,0.0,1
711,-0.34587177087296167,0.716579930013278,-0.63960581791329,0.5840807260020958,0.39885376190344024,-0.6441291458947634,-0.4435490526306537,-0.46727823227090415,0.0,1.0,0.0,0.0,1.0,0.0,0.0,1.0,0
2634,1.8814060766668101,0.14641665501486525,1.17208103997599,0.5840807260020958,-2.5071845761908427,0.6336012655610185,-0.31900432011807517,-0.28711611266049647,0.0,1.0,0.0,1.0,0.0,0.0,0.0,0.0,0
4188,-0.502554718295617,-0.5736729733833892,-0.2305152370995816,0.5840807260020958,0.39885376190344024,-0.35560937556603855,-0.05486783246251764,0.09497463114247737,0.0,0.0,0.0,0.0,0.0,0.0,1.0,0.0,1
4544,-0.03159049366685649,-0.168945674550319,-0.4935020390512513,-0.8439895087218553,0.39885376190344024,-0.35560937556603855,-0.3222565904786341,-0.40037865024218405,0.0,1.0,0.0,0.0,0.0,0.0,1.0,0.0,1
4450,-0.5352033558306202,0.4879976325883962,-0.7272680852305132,0.5840807260020958,0.39885376190344024,-0.7059548109652046,-0.44348316462368786,-0.46718292094980374,0.0,1.0,0.0,0.0,0.0,1.0,0.0,1.0,1
4141,1.7410474480116562,-0.0769957681548496,-0.1428529697823584,0.5840807260020958,0.39885376190344024,-0.29378371049559754,-0.44891938212004434,-0.47504676590774153,1.0,1.0,0.0,0.0,0.0,0.0,1.0,0.0,1
1417,-0.11031337669518186,-0.5736729733833892,0.7922112149346893,0.5840807260020958,0.39885376190344024,0.3656900502557739,0.1063610641447666,0.3282027987992823,1.0,1.0,0.0,0.0,1.0,0.0,0.0,1.0,1
258,0.02958756077957466,-0.5736729733833892,-0.7272680852305132,-1.5580246260838309,0.39885376190344024,-0.499869260730401,-0.3640911516008687,-0.4849158253801571,0.0,1.0,0.0,0.0,0.0,0.0,0.0,0.0,1
2003,-0.45373432571991135,-0.5736729733833892,0.06169232062449579,0.5840807260020958,-2.5071845761908427,-0.14952382533123507,0.07133287061211249,0.27753222072140843,0.0,1.0,0.0,0.0,0.0,0.0,1.0,0.0,1
1181,1.2435371349198556,0.3351170653284591,-0.17207372555476613,-1.5580246260838309,0.39885376190344024,0.2832558301618524,-0.3335795036196047,-0.4628472759432873,0.0,0.0,0.0,0.0,0.0,1.0,0.0,1.0,1
2817,-0.032811003481249136,-0.5736729733833892,1.6688338881069216,0.5840807260020958,-2.5071845761908427,0.9839467009601843,0.3480374981792487,0.6778036027605395,0.0,1.0,0.0,0.0,0.0,0.0,0.0,1.0,0
3831,-0.5484764000621402,0.10985825849618464,-0.4935020390512513,0.5840807260020958,0.39885376190344024,-0.5410863707773618,-0.31938616774219375,-0.28766848027927505,0.0,1.0,1.0,0.0,0.0,0.0,1.0,0.0,1
894,1.2256871788843633,0.7546154334620063,0.5584451687554274,-0.8439895087218553,0.39885376190344024,0.7572525957019005,-0.2652861298819543,-0.34543764642658753,0.0,1.0,0.0,0.0,0.0,0.0,1.0,0.0,1
2304,2.6611592843369087,-0.5736729733833892,1.4350678419276597,-0.12995439135987974,0.39885376190344024,1.1653019851668116,-0.28043552916823844,-0.2956856037530501,0.0,1.0,0.0,0.0,0.0,0.0,0.0,0.0,1
2987,-0.23190666695404877,-0.5736729733833892,-0.7272680852305132,-0.8439895087218553,0.39885376190344024,-0.6029120358478028,-0.3654236854221037,-0.4420080052299793,0.0,1.0,0.0,0.0,0.0,1.0,0.0,1.0,1
4440,-0.7866283775955043,0.939253799717969,0.23701685525894223,0.5840807260020958,0.39885376190344024,-0.02587249519035291,-0.06752006714931447,0.07667234430147077,0.0,1.0,0.0,0.0,0.0,1.0,0.0,1.0,1
2340,0.27155363148291584,1.9359317007676555,0.32467912257616544,0.5840807260020958,0.39885376190344024,0.03595316988008812,-0.35538577006565164,-0.33974426484985804,0.0,0.0,1.0,0.0,0.0,1.0,0.0,1.0,1
2046,-0.2898808831376992,-0.5736729733833892,-0.7272680852305132,-1.5580246260838309,-2.5071845761908427,-0.499869260730401,-0.28601286204255716,-0.42844314340237905,0.0,1.0,1.0,0.0,0.0,0.0,0.0,1.0,0
3569,0.5055863883927049,0.18851420252122475,0.7337697033898738,0.5840807260020958,0.39885376190344024,0.32447294020881307,-0.2312676258726239,-0.16019923320696877,0.0,1.0,0.0,1.0,0.0,0.0,0.0,0.0,1
4073,-0.37211273188240346,1.740953586001359,-0.7272680852305132,0.5840807260020958,0.39885376190344024,-0.7059548109652046,-0.48703817922127385,-0.5301881046396945,0.0,1.0,0.0,1.0,0.0,0.0,1.0,0.0,1
4231,1.1779347323962512,-0.5736729733833892,0.47078290143820417,0.5840807260020958,0.39885376190344024,0.13899594499748985,-0.32199503072529906,-0.29144237159789754,0.0,1.0,1.0,0.0,0.0,0.0,0.0,1.0,1
273,-0.2839308977925351,0.6755902127044543,-0.7272680852305132,-1.5580246260838309,-2.5071845761908427,-0.499869260730401,-0.39328569396433033,-0.5060317350101604,0.0,0.0,0.0,0.0,0.0,0.0,1.0,0.0,1
4198,-0.9722984331099849,-0.5736729733833892,-0.4935020390512513,0.5840807260020958,0.39885376190344024,-0.5410863707773618,2.0630991050230847,3.158752641052548,1.0,0.0,0.0,0.0,0.0,0.0,0.0,0.0,1
841,0.24668574401466575,-0.5736729733833892,-0.7272680852305132,0.5840807260020958,0.39885376190344024,-0.7059548109652046,-0.4712070874492428,-0.5072873926476564,0.0,1.0,0.0,0.0,0.0,0.0,0.0,1.0,1
3836,0.9782288140162553,-0.5736729733833892,-0.7272680852305132,0.5840807260020958,0.39885376190344024,-0.7059548109652046,-0.49882340926195645,-0.5472362124270808,0.0,1.0,0.0,0.0,0.0,1.0,0.0,1.0,1
4854,0.8897418524727887,-0.5736729733833892,-0.7272680852305132,0.5840807260020958,0.39885376190344024,-0.7059548109652046,-0.49659617724860194,-0.544014375322492,0.0,0.0,1.0,0.0,0.0,1.0,1.0,0.0,1
4026,-0.6384889988735974,-0.5736729733833892,-0.7272680852305132,0.5840807260020958,0.39885376190344024,-0.7059548109652046,-0.30319973577965964,-0.2642537454087717,0.0,1.0,0.0,0.0,0.0,0.0,1.0,0.0,1
4886,-0.6354377243376158,-0.5736729733833892,-0.7272680852305132,0.5840807260020958,0.39885376190344024,-0.7059548109652046,-0.3050420042941388,-0.26691870757749736,0.0,0.0,1.0,0.0,0.0,0.0,1.0,0.0,1
25,-0.22046438744411775,-0.5736729733833892,0.7629904591622816,-0.12995439135987974,0.39885376190344024,0.5965058665187538,0.3282150036441035,0.438025140713807,0.0,1.0,0.0,0.0,0.0,0.0,0.0,1.0,1
3715,-0.37913066331516115,-0.5736729733833892,-0.7272680852305132,0.5840807260020958,0.39885376190344024,-0.7059548109652046,-0.3990500187882382,-0.4029074628619678,0.0,1.0,0.0,0.0,0.0,0.0,0.0,0.0,1
3272,0.47781979011527226,0.1460473782823533,-0.7272680852305132,0.5840807260020958,0.39885376190344024,-0.7059548109652046,-0.49338965595381545,-0.5393759320789265,0.0,1.0,0.0,1.0,0.0,0.0,1.0,0.0,1
3746,-0.9085267953079694,-0.5736729733833892,-0.7272680852305132,-0.8439895087218553,0.39885376190344024,-0.6029120358478028,0.5718949795675279,0.46192058882155707,0.0,1.0,0.0,1.0,0.0,1.0,1.0,0.0,1
1438,0.07062720328852723,-0.3812797957446761,0.23701685525894223,0.5840807260020958,0.39885376190344024,-0.02587249519035291,-0.19320971226966863,-0.1051459664462433,0.0,0.0,1.0,0.0,0.0,0.0,1.0,0.0,1
4948,-0.48912911033729795,-0.5736729733833892,-0.7272680852305132,-0.8439895087218553,-2.5071845761908427,-0.6029120358478028,-0.28043773003964556,-0.36004950164695104,0.0,1.0,0.0,0.0,0.0,0.0,1.0,0.0,1
1529,-0.7336887643962234,-0.5736729733833892,-0.37661901596162034,0.5840807260020958,0.39885376190344024,-0.4586521506834403,0.1568607552298166,0.4012539122587339,0.0,0.0,1.0,0.0,0.0,0.0,0.0,1.0,1
3855,-0.3756216975987823,0.3055749267275051,-0.7272680852305132,0.5840807260020958,0.39885376190344024,-0.7059548109652046,-0.45199955854174273,-0.47950244301035316,0.0,0.0,0.0,0.0,0.0,1.0,1.0,0.0,1
4045,-0.5019444633884207,-0.5736729733833892,2.633118828596377,0.5840807260020958,-2.5071845761908427,1.6640290167350362,1.7302272960533907,2.677231749300069,1.0,1.0,1.0,0.0,0.0,0.0,1.0,0.0,0
2518,-0.4160510852005386,-0.5736729733833892,2.0779244689206298,-1.5580246260838309,0.39885376190344024,3.456973303777827,2.783589376878628,1.7917472836357147,0.0,1.0,1.0,0.0,0.0,0.0,0.0,1.0,1
4038,-0.3033064910960183,-0.5736729733833892,-0.7272680852305132,0.5840807260020958,0.39885376190344024,-0.7059548109652046,-0.4143205608485236,-0.42499730295137533,0.0,1.0,1.0,0.0,0.0,1.0,1.0,0.0,1
1626,-0.515675198800338,0.8713068809357747,-0.7272680852305132,-1.5580246260838309,0.39885376190344024,-0.499869260730401,-0.372546605742527,-0.49103150971982157,0.0,1.0,0.0,0.0,0.0,0.0,0.0,1.0,0
3028,-0.5411533411757843,-0.1397728126818769,-0.7272680852305132,0.5840807260020958,0.39885376190344024,-0.7059548109652046,-0.40282200172482147,-0.4083638834369648,0.0,1.0,0.0,0.0,0.0,0.0,1.0,0.0,1
2215,-0.1122967051435699,1.5865959118113742,-0.1428529697823584,0.5840807260020958,-2.5071845761908427,-0.29378371049559754,-0.3858322501104071,-0.3837870940316153,0.0,0.0,0.0,0.0,1.0,0.0,1.0,0.0,0
3092,-0.344651261058569,-0.5736729733833892,-0.7272680852305132,0.5840807260020958,0.39885376190344024,-0.7059548109652046,-0.40640691682210967,-0.41354969811993864,0.0,1.0,0.0,0.0,1.0,0.0,0.0,1.0,1
379,-0.6471851313011451,-0.5736729733833892,-0.7272680852305132,-0.8439895087218553,0.39885376190344024,-0.6029120358478028,-0.17299209428274814,-0.25643139811992893,0.0,1.0,0.0,1.0,0.0,0.0,0.0,1.0,1
3892,-0.6444389842187616,4.409716531865043,-0.4935020390512513,0.5840807260020958,0.39885376190344024,-0.5410863707773618,-0.4755053291671261,-0.51350508104659,0.0,0.0,0.0,1.0,0.0,0.0,0.0,0.0,1
3396,0.08374768379324812,-0.5736729733833892,1.376626330382844,0.5840807260020958,0.39885376190344024,0.7778611507253809,0.16791809088706383,0.4172490731062808,1.0,1.0,0.0,0.0,0.0,1.0,0.0,0.0,1
2435,-0.4819586151777412,1.2967136767895127,-0.7272680852305132,-0.12995439135987974,0.39885376190344024,-0.6647377009182438,-0.45899926457849577,-0.5109390606707276,0.0,0.0,1.0,0.0,0.0,1.0,0.0,0.0,1
2741,0.04636957072747348,-0.5736729733833892,-0.7272680852305132,0.5840807260020958,0.39885376190344024,-0.7059548109652046,-0.4571577403535922,-0.48696409112513633,0.0,1.0,0.0,0.0,0.0,1.0,1.0,0.0,1
1072,-0.24258612782998437,1.3074227020323586,-0.7272680852305132,-0.8439895087218553,0.39885376190344024,-0.6029120358478028,-0.45401001871335,-0.5274386305819484,0.0,0.0,0.0,0.0,0.0,0.0,0.0,0.0,1
2663,-0.6886824649904948,-0.5736729733833892,-0.4935020390512513,-2.2720597434458063,0.39885376190344024,0.200821610067931,0.9597071584452243,0.10921163338084768,1.0,1.0,0.0,0.0,0.0,1.0,1.0,0.0,0
2640,2.1485451622919993,5.062228518213615,1.288964063065621,-1.5580246260838309,0.39885376190344024,2.344111332509888,-0.2666744895117259,-0.41445603164468847,0.0,1.0,0.0,1.0,0.0,0.0,1.0,0.0,1
1469,0.03019781568677098,0.880169522516061,0.6168866803002429,0.5840807260020958,-2.5071845761908427,0.2420387201148916,-0.21885280168923416,-0.14224037622163496,1.0,1.0,1.0,0.0,0.0,0.0,1.0,0.0,0
3695,-0.4570907277094911,-0.5736729733833892,0.6753281918450583,-0.8439895087218553,0.39885376190344024,0.8809039258427825,0.9158268011036037,0.7936005387712659,0.0,0.0,0.0,0.0,0.0,0.0,0.0,1.0,1
3053,-0.6394043812343919,-0.5736729733833892,-0.5811643063684745,-0.8439895087218553,-2.5071845761908427,-0.44834787317170016,0.0032969768412989472,-0.08642226658345845,0.0,1.0,1.0,0.0,0.0,0.0,0.0,1.0,0
4552,0.4674454566929348,-0.5736729733833892,-0.7272680852305132,-2.2720597434458063,-2.5071845761908427,-0.29378371049559754,-0.35231014855270537,-0.5234280461560153,0.0,1.0,0.0,0.0,0.0,0.0,1.0,0.0,1
327,0.372703382350706,-0.5736729733833892,1.5811716207896984,0.5840807260020958,-2.5071845761908427,0.9221210358897434,0.07016796220392835,0.2758471043480665,0.0,1.0,0.0,1.0,0.0,0.0,0.0,0.0,0
1073,-0.7712194411887973,-0.5736729733833892,2.2532490035550765,2.012150960726047,0.39885376190344024,0.8190782607723417,2.517205052074533,5.293360374369108,0.0,1.0,1.0,0.0,0.0,0.0,0.0,0.0,1
2575,-0.7318579996746345,-0.5736729733833892,0.8506527264795047,-1.5580246260838309,0.39885376190344024,1.7258546818054772,3.5257271547359994,2.3285227554054186,0.0,0.0,1.0,0.0,0.0,1.0,1.0,0.0,1
3879,-0.3989639477990416,-0.5736729733833892,0.32467912257616544,0.5840807260020958,0.39885376190344024,0.03595316988008812,0.15609875788870334,0.4001516331551308,0.0,1.0,0.0,0.0,1.0,0.0,0.0,0.0,1
1121,0.8981328574467381,-0.5736729733833892,-0.7272680852305132,-0.12995439135987974,-2.5071845761908427,-0.6647377009182438,-0.486700845393136,-0.5443325210994973,0.0,1.0,0.0,1.0,0.0,1.0,0.0,1.0,0
283,-0.761302798946857,-0.5736729733833892,-0.7272680852305132,0.5840807260020958,0.39885376190344024,-0.7059548109652046,-0.19554633121594808,-0.10852603891973019,0.0,0.0,0.0,0.0,0.0,0.0,1.0,0.0,1
2221,-0.5931775720142707,-0.5736729733833892,-0.7272680852305132,-0.8439895087218553,0.39885376190344024,-0.6029120358478028,-0.21825770832450234,-0.30008451673151126,0.0,0.0,1.0,0.0,0.0,0.0,0.0,0.0,1
642,-0.43069720297325026,-0.5736729733833892,-0.4935020390512513,0.5840807260020958,0.39885376190344024,-0.5410863707773618,-0.25777365731329915,-0.19854194518260274,0.0,1.0,0.0,0.0,0.0,0.0,1.0,0.0,1
1819,-0.6995144895932295,2.749448342491427,-0.7272680852305132,0.5840807260020958,0.39885376190344024,-0.7059548109652046,-0.49018218947677406,-0.5347361215672717,1.0,1.0,0.0,1.0,0.0,1.0,1.0,0.0,1
3244,-0.38691141338191426,0.12056728373903047,-0.46428128327884355,-0.8439895087218553,-2.5071845761908427,-0.32469654303081796,-0.2501453057804538,-0.33083618338733145,0.0,0.0,0.0,0.0,0.0,0.0,0.0,1.0,0
2952,0.049268281536656,-0.5736729733833892,1.9902622016034066,-2.2720597434458063,0.39885376190344024,5.4560031410554215,2.233438644478879,0.7233903296849009,1.0,0.0,0.0,0.0,0.0,0.0,0.0,0.0,0
1505,-0.5181162184291231,-0.5736729733833892,-0.7272680852305132,0.5840807260020958,0.39885376190344024,-0.7059548109652046,-0.35953541813867435,-0.3457470028010397,1.0,1.0,0.0,0.0,0.0,0.0,0.0,0.0,1
739,0.6480809092230457,0.31739178216788666,0.5292244129830197,0.5840807260020958,0.39885376190344024,0.18021305504445068,-0.2947326255339096,-0.25200551541080485,1.0,1.0,0.0,0.0,0.0,0.0,1.0,0.0,1
3450,-0.5281854243978625,0.3831230405550094,0.7337697033898738,2.012150960726047,0.39885376190344024,0.01534461485660781,-0.0610813471165716,0.3204799934822237,0.0,1.0,1.0,0.0,0.0,0.0,0.0,1.0,1
2918,-0.22885539241806716,-0.5736729733833892,-0.3181775044168048,-0.12995439135987974,-2.5071845761908427,-0.31851397652377395,-0.19932688972094065,-0.19791146732603276,0.0,1.0,0.0,0.0,0.0,1.0,0.0,0.0,0
2725,-0.2878975546893112,-0.5736729733833892,-0.25973599287198934,0.5840807260020958,0.39885376190344024,-0.37621793058951886,-0.20849518125511354,-0.127257399311369,1.0,1.0,1.0,0.0,0.0,0.0,0.0,0.0,1
3160,-0.5783788905147599,-0.5736729733833892,2.779222607458416,0.5840807260020958,0.39885376190344024,1.7670717918524377,2.2136398472035514,3.37651969271182,0.0,1.0,0.0,0.0,0.0,0.0,0.0,1.0,1
3764,-0.1415889406889933,-0.5736729733833892,-0.5519435505960668,-1.5580246260838309,0.39885376190344024,-0.2525666004486368,-0.19822342107801924,-0.36494655288223593,0.0,0.0,0.0,0.0,0.0,0.0,0.0,0.0,1
2686,0.051556737438642204,-0.5736729733833892,1.5519508650172906,0.5840807260020958,0.39885376190344024,0.9015124808662631,0.24289895506146608,0.5257138082047006,0.0,1.0,0.0,0.0,0.0,0.0,1.0,0.0,1
2909,1.0099620691904638,-0.5736729733833892,1.4350678419276597,-0.8439895087218553,0.39885376190344024,1.6846375717585165,0.055103422727572474,-0.03646131995779386,0.0,0.0,0.0,1.0,0.0,0.0,1.0,0.0,1
1262,0.113955301699466,-0.5736729733833892,0.26623761103134996,0.5840807260020958,0.39885376190344024,-0.005263940166872497,-0.17361584731685473,-0.07680215639468202,1.0,0.0,0.0,0.0,0.0,1.0,0.0,1.0,1
4299,-0.6421505283167753,-0.5736729733833892,-0.7272680852305132,0.5840807260020958,0.39885376190344024,-0.7059548109652046,-0.3009517017949029,-0.2610018168889596,0.0,1.0,0.0,0.0,0.0,0.0,0.0,1.0,1
2353,-0.7884591423170932,0.17558951688330734,0.5584451687554274,2.012150960726047,-2.5071845761908427,-0.07739388274905377,0.1602516941699621,0.7473769972445466,0.0,1.0,0.0,0.0,1.0,1.0,0.0,1.0,1
3196,0.2861997492556275,0.31148335444769587,-0.5519435505960668,0.5840807260020958,0.39885376190344024,-0.5823034808243225,-0.4546921338816702,-0.48339742974054706,0.0,0.0,0.0,0.0,0.0,1.0,1.0,0.0,1
66,-0.3319884717342454,0.38718508461264056,-0.522722794823659,-2.2720597434458063,0.39885376190344024,0.13899594499748985,-0.09494808118769793,-0.399331012561778,0.0,1.0,0.0,1.0,0.0,1.0,1.0,0.0,1
3067,-0.27889629480816547,0.7040245211078725,-0.7272680852305132,-0.12995439135987974,0.39885376190344024,-0.6647377009182438,-0.4561323461829072,-0.5074830728469207,0.0,1.0,0.0,0.0,0.0,0.0,1.0,0.0,1
2635,0.7271089197049693,-0.5736729733833892,2.2532490035550765,-1.5580246260838309,0.39885376190344024,3.7042759640595904,0.6951692859303706,0.2812290038513882,0.0,1.0,1.0,0.0,0.0,0.0,1.0,0.0,1
1810,-0.5304738802998487,0.3063134801925289,-0.7272680852305132,0.5840807260020958,0.39885376190344024,-0.7059548109652046,-0.4351115864818087,-0.45507288440231036,0.0,1.0,0.0,0.0,0.0,0.0,0.0,0.0,1
4725,-0.9805368743571352,0.5947186082843426,-0.7272680852305132,0.5840807260020958,0.39885376190344024,-0.7059548109652046,-0.3665674986982805,-0.35591936829037774,0.0,1.0,0.0,1.0,0.0,1.0,1.0,0.0,1
3136,0.5653913692979443,-0.5736729733833892,-0.7272680852305132,0.5840807260020958,-2.5071845761908427,-0.7059548109652046,-0.48633265056486163,-0.5291675111900899,1.0,1.0,1.0,0.0,0.0,0.0,1.0,0.0,1
484,-0.6304031213532462,-0.5736729733833892,-0.7272680852305132,-0.8439895087218553,0.39885376190344024,-0.6029120358478028,-0.1883363702291055,-0.27122906544588904,0.0,1.0,0.0,0.0,0.0,0.0,1.0,0.0,1
425,1.2012769825965104,2.0153261982577195,0.3538998783485732,0.5840807260020958,0.39885376190344024,0.05656172490356842,-0.40824614073055643,-0.41621025606646156,0.0,1.0,0.0,0.0,1.0,0.0,0.0,1.0,1
2484,-0.5568674050360896,0.3919856821352956,-0.17207372555476613,-1.5580246260838309,0.39885376190344024,0.2832558301618524,0.09719010768741827,-0.15127903587746763,0.0,1.0,0.0,0.0,1.0,0.0,0.0,1.0,1
4391,0.405046892432111,-0.5736729733833892,-0.7272680852305132,0.5840807260020958,0.39885376190344024,-0.7059548109652046,-0.479556826953177,-0.5193658381738179,0.0,1.0,0.0,0.0,1.0,1.0,0.0,0.0,1
1193,-0.07140962636141641,1.8340113225943642,-0.7272680852305132,-1.5580246260838309,0.39885376190344024,-0.499869260730401,-0.4475368209728168,-0.5452706407266877,0.0,0.0,0.0,0.0,0.0,0.0,1.0,0.0,1
1326,-0.6862414453617095,-0.5736729733833892,-0.7272680852305132,-0.8439895087218553,0.39885376190344024,-0.6029120358478028,-0.13164330857466938,-0.21655557879944698,0.0,1.0,1.0,0.0,0.0,0.0,0.0,0.0,1
2937,-0.41589852147373946,0.09397935899817185,-0.4935020390512513,0.5840807260020958,0.39885376190344024,-0.5410863707773618,-0.3513178683959344,-0.3338597784296159,0.0,0.0,0.0,0.0,0.0,0.0,1.0,0.0,1
726,-0.27889629480816547,-0.5736729733833892,-0.7272680852305132,0.5840807260020958,-2.5071845761908427,-0.7059548109652046,-0.4185891050834985,-0.43117203199458237,0.0,1.0,0.0,0.0,0.0,0.0,1.0,0.0,1
1676,0.945427612754453,-0.5736729733833892,-0.08441145823754291,-0.12995439135987974,0.39885376190344024,-0.12067184829836249,-0.3578059729910238,-0.38895345266898873,1.0,0.0,1.0,0.0,0.0,0.0,0.0,1.0,1
4256,-0.6557287000018935,-0.5736729733833892,-0.7272680852305132,0.5840807260020958,-2.5071845761908427,-0.7059548109652046,-0.2922411280949316,-0.24840140104519032,0.0,1.0,0.0,1.0,0.0,0.0,1.0,0.0,0
4773,-0.2782860399009692,-0.5736729733833892,2.5746773170515613,0.5840807260020958,0.39885376190344024,1.6228119066880755,1.035618980977022,1.6724352892768912,0.0,1.0,0.0,0.0,0.0,1.0,0.0,0.0,0
205,-0.6857837541813123,-0.5736729733833892,-0.46428128327884355,-0.8439895087218553,0.39885376190344024,-0.32469654303081796,0.24150988585983726,0.1433047920753337,0.0,0.0,0.0,0.0,0.0,1.0,0.0,1.0,0
4582,-0.29369497630767627,-0.5736729733833892,0.6753281918450583,0.5840807260020958,0.39885376190344024,0.2832558301618524,0.21448277916657277,0.4846079470641734,0.0,0.0,0.0,0.0,1.0,0.0,0.0,1.0,0
2467,-0.2669963241178372,-0.5736729733833892,-0.7272680852305132,2.012150960726047,0.39885376190344024,-0.7574761985239055,-0.45227730130038346,-0.43404079453160255,1.0,1.0,0.0,1.0,0.0,1.0,1.0,0.0,1
4276,-0.5753276159787782,0.15675640352519915,0.32467912257616544,0.5840807260020958,0.39885376190344024,0.03595316988008812,0.040974379173626084,0.23361667282635995,0.0,0.0,0.0,1.0,0.0,0.0,1.0,0.0,1
3151,-0.48180605145094213,1.824410127549054,-0.7272680852305132,2.012150960726047,0.39885376190344024,-0.7574761985239055,-0.4999285553596565,-0.52594834464332,0.0,1.0,0.0,0.0,1.0,0.0,0.0,1.0,1
223,-0.8334654417228219,-0.5736729733833892,0.9967565053415435,2.012150960726047,0.39885376190344024,0.1544523612651002,1.9099521978656506,4.122118961514305,0.0,1.0,0.0,0.0,1.0,0.0,0.0,0.0,1
2226,1.2944934196707485,-0.5736729733833892,-0.4935020390512513,-0.12995439135987974,-2.5071845761908427,-0.4668955726928325,-0.45669657098394406,-0.5081632296470842,0.0,1.0,1.0,0.0,0.0,1.0,1.0,0.0,1
4106,-0.44732664919435,-0.5736729733833892,-0.1428529697823584,-0.12995439135987974,0.39885376190344024,-0.17013238035471537,0.04810074917188403,0.10035544832900276,0.0,0.0,0.0,0.0,0.0,0.0,0.0,1.0,1
3902,1.8101588162516395,-0.5736729733833892,0.5000036572106119,0.5840807260020958,0.39885376190344024,0.15960450002097037,-0.3685556920685479,-0.35879542032852035,1.0,0.0,0.0,0.0,0.0,1.0,0.0,1.0,1
1137,-0.7590143430448708,-0.5736729733833892,-0.7272680852305132,0.5840807260020958,0.39885376190344024,-0.7059548109652046,-0.19841308376476327,-0.11267298440006934,0.0,0.0,0.0,0.0,0.0,0.0,0.0,0.0,1
1408,-0.46059969342587,-0.5736729733833892,0.2077960994865345,-0.12995439135987974,0.39885376190344024,0.12663081198340173,0.30540022387321675,0.4105225786554154,1.0,1.0,1.0,0.0,0.0,1.0,0.0,1.0,0
2754,-0.33320898154863804,-0.5736729733833892,-0.7272680852305132,-0.12995439135987974,0.39885376190344024,-0.6647377009182438,-0.38094917048672744,-0.41685191286659373,0.0,0.0,0.0,0.0,0.0,0.0,1.0,0.0,1
3127,1.112790021053044,-0.5736729733833892,0.032471564852088054,0.5840807260020958,0.39885376190344024,-0.17013238035471537,-0.3834735402226486,-0.38037506556319584,0.0,0.0,1.0,0.0,0.0,1.0,0.0,0.0,1
2830,-0.8479589957687346,-0.5736729733833892,1.17208103997599,-0.12995439135987974,0.39885376190344024,0.9427295909132237,4.048981773150179,4.923302667421475,0.0,1.0,0.0,1.0,0.0,0.0,1.0,0.0,1
3330,0.5176389228098321,1.1689439273403865,-0.7272680852305132,0.5840807260020958,0.39885376190344024,-0.7059548109652046,-0.5043544469622678,-0.5552372210255981,0.0,1.0,0.0,0.0,0.0,0.0,1.0,0.0,1
3241,6.3995808458215695,-0.5736729733833892,1.2597433072932132,0.5840807260020958,0.39885376190344024,0.6954269306314594,-0.4446244767072143,-0.4688339036927657,1.0,0.0,0.0,0.0,0.0,0.0,0.0,0.0,1
2060,0.441204495683493,-0.5736729733833892,-0.46428128327884355,-0.8439895087218553,0.39885376190344024,-0.32469654303081796,-0.3587807391769755,-0.43560170043310953,0.0,1.0,0.0,0.0,0.0,0.0,0.0,1.0,1
1468,-0.751843847885314,1.7320909444210728,0.8506527264795047,0.5840807260020958,-2.5071845761908427,0.4069071603027345,-0.0417586081240016,0.11393798347082136,1.0,0.0,0.0,0.0,1.0,0.0,0.0,1.0,0
4439,0.07886564453567756,0.6641426339965846,-0.7272680852305132,2.012150960726047,0.39885376190344024,-0.7574761985239055,-0.5022961963314464,-0.5305149417992028,0.0,1.0,0.0,0.0,0.0,0.0,0.0,1.0,1
2633,-0.07796986661377686,1.776034875589992,-0.7272680852305132,0.5840807260020958,-2.5071845761908427,-0.7059548109652046,-0.49667637341236137,-0.5441303843303082,0.0,1.0,0.0,1.0,0.0,1.0,0.0,1.0,0
169,-0.6296403027192508,-0.5736729733833892,-0.5811643063684745,0.5840807260020958,0.39885376190344024,-0.6029120358478028,-0.18900400886269564,-0.09906214078001978,1.0,1.0,0.0,1.0,0.0,0.0,1.0,0.0,1
4279,-0.03662509665122614,-0.5736729733833892,-0.7272680852305132,-1.5580246260838309,0.39885376190344024,-0.499869260730401,-0.35199371338835633,-0.47616595669341016,0.0,1.0,0.0,1.0,0.0,0.0,1.0,0.0,1
3505,-0.789832215858285,-0.5736729733833892,-0.7272680852305132,0.5840807260020958,0.39885376190344024,-0.7059548109652046,-0.15540281688920562,-0.05045581399884672,0.0,0.0,0.0,0.0,0.0,0.0,0.0,0.0,1
2219,-0.42459465390128703,-0.5736729733833892,-0.7272680852305132,0.5840807260020958,0.39885376190344024,-0.7059548109652046,-0.38808893826294244,-0.38705154137240827,0.0,1.0,0.0,1.0,0.0,1.0,0.0,0.0,1
4819,-0.4403087177615923,-0.2981925309294929,1.3181848188380287,2.012150960726047,0.39885376190344024,0.32447294020881307,0.2769929082775793,0.972542088856875,0.0,1.0,1.0,0.0,0.0,0.0,1.0,0.0,0
196,-0.6702222540478061,-0.5736729733833892,-0.7272680852305132,-1.5580246260838309,0.39885376190344024,-0.499869260730401,-0.017082091769772597,-0.23393014946298823,0.0,0.0,1.0,0.0,0.0,0.0,0.0,1.0,1
3537,-0.6484056411155377,1.5463447479675743,0.4123413898933887,-1.5580246260838309,-2.5071845761908427,1.1075980311010667,0.21054852863031415,-0.06928884255195583,0.0,0.0,0.0,0.0,0.0,0.0,0.0,1.0,0
3709,-0.2660809417570427,-0.5736729733833892,0.47078290143820417,-0.12995439135987974,0.39885376190344024,0.3492032062369895,0.22782885537382352,0.31701252080987213,1.0,0.0,0.0,1.0,0.0,0.0,0.0,0.0,0
4512,-0.5718186502623994,-0.5736729733833892,-0.7272680852305132,0.5840807260020958,0.39885376190344024,-0.7059548109652046,-0.3379820715771398,-0.3145686741564976,0.0,1.0,1.0,0.0,0.0,0.0,0.0,1.0,1
4977,-0.21726054918133708,-0.5736729733833892,-0.7272680852305132,-1.5580246260838309,0.39885376190344024,-0.499869260730401,-0.3090871708514785,-0.4451323935203658,0.0,1.0,0.0,0.0,0.0,0.0,0.0,0.0,1
4598,0.010822222383287798,-0.5736729733833892,1.17208103997599,0.5840807260020958,-2.5071845761908427,0.6336012655610185,0.15226377806866292,0.3946040834587046,1.0,0.0,0.0,0.0,0.0,0.0,0.0,0.0,0
859,0.20427302796452146,-0.5736729733833892,-0.4935020390512513,2.012150960726047,-2.5071845761908427,-0.6338248683830233,-0.44103610467136767,-0.41235929080429645,0.0,1.0,1.0,0.0,0.0,0.0,1.0,0.0,0
259,0.35363291650082096,0.0027680060677262807,-0.46428128327884355,0.5840807260020958,0.39885376190344024,-0.5204778157538814,-0.43325546187500963,-0.4523878784877633,1.0,1.0,0.0,0.0,0.0,0.0,0.0,0.0,1
2566,-0.7018029454952157,-0.5736729733833892,-0.20129448132717387,2.012150960726047,0.39885376190344024,-0.4792607057069206,0.06144739226835186,0.5568077980167595,1.0,1.0,0.0,0.0,0.0,1.0,1.0,0.0,1
3414,-0.5570199687628886,0.34878030443140035,-0.2889567486443971,0.5840807260020958,0.39885376190344024,-0.39682648561299927,-0.2637658285815486,-0.207210013714906,0.0,0.0,0.0,0.0,0.0,1.0,0.0,0.0,1
1396,-0.7846450491471163,1.3281021990530264,2.3116905150998917,0.5840807260020958,0.39885376190344024,1.4373349114767524,0.5260604637387978,0.9353254920247018,0.0,0.0,0.0,0.0,0.0,0.0,0.0,1.0,1
3653,-0.6525248617391128,-0.5736729733833892,-0.7272680852305132,-2.2720597434458063,0.39885376190344024,-0.29378371049559754,0.2117304220759484,-0.2514541598779557,0.0,1.0,0.0,0.0,0.0,0.0,0.0,1.0,1
1368,-0.513996997805548,0.7394750874290174,-0.7272680852305132,-0.12995439135987974,0.39885376190344024,-0.6647377009182438,-0.43730172825902636,-0.48478330351974697,0.0,0.0,0.0,0.0,1.0,0.0,1.0,0.0,1
2267,-0.0715621900882155,0.2682779767438006,-0.6103850621408823,-1.5580246260838309,0.39885376190344024,-0.33500082054255825,-0.33887049385860035,-0.4666741580484745,0.0,1.0,0.0,0.0,0.0,0.0,0.0,1.0,1
1765,-0.6580171559038798,-0.5736729733833892,0.6461074360726506,0.5840807260020958,0.39885376190344024,0.2626472751383721,0.9156856940927157,1.4989439280526222,0.0,1.0,0.0,0.0,0.0,0.0,1.0,0.0,1
3630,0.16842055216673762,-0.5736729733833892,-0.7272680852305132,-0.12995439135987974,0.39885376190344024,-0.6647377009182438,-0.4500483407701766,-0.5001489789784918,0.0,0.0,1.0,0.0,0.0,1.0,0.0,0.0,1
4607,0.06910156602053642,0.9942760328622459,0.2077960994865345,0.5840807260020958,0.39885376190344024,-0.04648105021383322,-0.31305651068656265,-0.2785122164329956,1.0,0.0,0.0,1.0,0.0,1.0,1.0,0.0,1
4726,-0.152420965291728,-0.5736729733833892,-0.37661901596162034,0.5840807260020958,0.39885376190344024,-0.4586521506834403,-0.3044087351810544,-0.26600264229400117,0.0,1.0,0.0,0.0,0.0,0.0,0.0,1.0,1
666,-0.42840874707126403,-0.5736729733833892,-0.7272680852305132,-0.12995439135987974,0.39885376190344024,-0.6647377009182438,-0.35503584905519664,-0.38561414778769676,0.0,1.0,0.0,0.0,0.0,0.0,0.0,1.0,1
35,-0.75748870577688,0.14235461095723406,1.7564961554241447,-0.12995439135987974,0.39885376190344024,1.4373349114767524,1.3851060095817305,1.7120769076674194,0.0,1.0,0.0,0.0,0.0,0.0,0.0,1.0,1
43,-0.45053048745713065,-0.5736729733833892,-0.7272680852305132,0.5840807260020958,0.39885376190344024,-0.7059548109652046,-0.38107843007012415,-0.3769103817257189,0.0,0.0,0.0,0.0,0.0,1.0,0.0,1.0,0
4753,-0.49843549767204187,-0.5736729733833892,-0.3473982601892126,0.5840807260020958,0.39885376190344024,-0.43804359565996,-0.13102634266154578,-0.015193646126430833,0.0,1.0,0.0,0.0,0.0,0.0,1.0,0.0,1
856,-0.6546607539143,-0.5736729733833892,-0.7272680852305132,0.5840807260020958,0.39885376190344024,-0.7059548109652046,-0.2929484782315464,-0.249424629385308,0.0,1.0,0.0,1.0,0.0,1.0,0.0,0.0,1
238,-0.5982121749986403,-0.0035096983849764504,1.0844187726587666,0.5840807260020958,-2.5071845761908427,0.5717756004905774,0.494687094006488,0.8899418561513576,1.0,0.0,0.0,0.0,0.0,0.0,0.0,0.0,0
1878,-0.8449077212327529,2.434086012926243,-0.63960581791329,0.5840807260020958,0.39885376190344024,-0.6441291458947634,-0.4587569330451327,-0.48927742818211944,0.0,1.0,1.0,0.0,0.0,0.0,0.0,1.0,1
1943,-0.4700586444874129,0.7549847101945182,-0.08441145823754291,-0.8439895087218553,0.39885376190344024,0.07717027992704895,-0.1268468575382024,-0.21192999157519327,0.0,0.0,0.0,0.0,0.0,1.0,1.0,0.0,1
1751,0.24973701855064737,-0.5736729733833892,-0.7272680852305132,-0.12995439135987974,0.39885376190344024,-0.6647377009182438,-0.4561863270661386,-0.5075481452519996,0.0,1.0,1.0,0.0,0.0,0.0,1.0,0.0,1
3145,0.05216699234583853,0.1486323154099368,0.2077960994865345,-2.2720597434458063,0.39885376190344024,1.6846375717585165,0.3408162891022075,-0.18921043709118043,0.0,1.0,0.0,0.0,0.0,0.0,1.0,0.0,0
1543,-0.519641855697114,0.3436104301762334,-0.7272680852305132,0.5840807260020958,0.39885376190344024,-0.7059548109652046,-0.43838819059335166,-0.4598127070343123,0.0,0.0,0.0,1.0,0.0,0.0,1.0,0.0,1
4847,-0.5489340912425373,-0.5736729733833892,-0.11363221400995065,-0.8439895087218553,-2.5071845761908427,0.04625744739182827,0.38097613007401254,0.277802835013124,0.0,0.0,0.0,1.0,0.0,0.0,0.0,0.0,0
2894,0.08618870342203341,-0.5736729733833892,-0.7272680852305132,0.5840807260020958,0.39885376190344024,-0.7059548109652046,-0.46034853473271314,-0.4915797843542766,0.0,1.0,0.0,0.0,0.0,0.0,1.0,0.0,1
3891,0.15514750793521764,-0.5736729733833892,0.09091307639690353,0.5840807260020958,0.39885376190344024,-0.12891527030775465,-0.2357123951996595,-0.1666288833975716,0.0,0.0,0.0,0.0,0.0,0.0,0.0,0.0,1
4777,0.9222379262809928,-0.5736729733833892,-0.7272680852305132,-1.5580246260838309,0.39885376190344024,-0.499869260730401,-0.4474824714475227,-0.545231330651186,0.0,1.0,0.0,0.0,0.0,1.0,0.0,1.0,1
2113,-0.7036337102168047,-0.5736729733833892,-0.11363221400995065,0.5840807260020958,0.39885376190344024,-0.2731751554721171,0.3562645653264588,0.6897045946814045,0.0,1.0,1.0,0.0,0.0,0.0,1.0,0.0,1
1290,-0.016639248440546636,-0.5736729733833892,-0.7272680852305132,0.5840807260020958,0.39885376190344024,-0.7059548109652046,-0.4516013178488399,-0.478926361742996,0.0,1.0,0.0,0.0,0.0,0.0,1.0,0.0,1
1054,-0.5570199687628886,-0.5736729733833892,0.32467912257616544,-1.5580246260838309,-2.5071845761908427,0.9839467009601843,1.320137726994575,0.7332579125022117,0.0,1.0,1.0,0.0,0.0,1.0,1.0,0.0,0
1482,1.9451777144688256,-0.5736729733833892,0.4123413898933887,0.5840807260020958,0.39885376190344024,0.09777883495052925,-0.38649557769772686,-0.3847466408684557,0.0,1.0,0.0,0.0,0.0,1.0,1.0,0.0,1
428,0.7086487087622806,-0.5736729733833892,-0.7272680852305132,0.5840807260020958,0.39885376190344024,-0.7059548109652046,-0.4913352795172791,-0.5364041418970601,0.0,0.0,0.0,0.0,0.0,0.0,1.0,0.0,1
4354,-0.0038238953894238997,-0.5736729733833892,-0.7272680852305132,0.5840807260020958,0.39885376190344024,-0.7059548109652046,-0.4527861880005263,-0.48064035408682615,0.0,1.0,1.0,0.0,0.0,1.0,0.0,0.0,1
1839,-0.40506649687100477,0.20365454855421367,-0.7272680852305132,-2.2720597434458063,0.39885376190344024,-0.29378371049559754,-0.23979381346498105,-0.46917396140203077,0.0,0.0,0.0,1.0,0.0,1.0,0.0,0.0,1
660,-0.5660212286440344,-0.5736729733833892,-0.4350605275064358,0.5840807260020958,0.39885376190344024,-0.499869260730401,-0.13369572963764026,-0.019055089368320243,0.0,1.0,0.0,0.0,0.0,0.0,0.0,0.0,1
2688,0.3337996320169405,-0.5736729733833892,-0.7272680852305132,0.5840807260020958,0.39885376190344024,-0.7059548109652046,-0.4760384767314464,-0.5142763139467317,0.0,0.0,0.0,1.0,0.0,0.0,0.0,0.0,1
1838,-0.30971416762157966,-0.5736729733833892,-0.7272680852305132,2.012150960726047,0.39885376190344024,-0.7574761985239055,-0.44671268882638104,-0.4233080255855744,0.0,0.0,0.0,0.0,0.0,1.0,0.0,1.0,1
306,1.0439837802666587,-0.5736729733833892,-0.6980473294581054,-1.5580246260838309,0.39885376190344024,-0.4586521506834403,-0.44391222110067086,-0.5426490300710967,1.0,0.0,0.0,1.0,0.0,0.0,0.0,0.0,1
4179,-0.46990608076061385,-0.5736729733833892,-0.3181775044168048,-0.12995439135987974,0.39885376190344024,-0.31851397652377395,-0.05212572551012036,-0.02046468964809653,1.0,1.0,1.0,0.0,0.0,0.0,1.0,0.0,1
2950,0.9278827841725588,-0.5736729733833892,1.727275399651737,0.5840807260020958,0.39885376190344024,1.025163811007145,-0.0791626915316445,0.059830524946834135,1.0,0.0,1.0,0.0,0.0,1.0,0.0,1.0,0
3435,0.48712617745001613,-0.16266797009761627,-0.6688265736856978,-1.5580246260838309,0.39885376190344024,-0.41743504063647957,-0.4087545626191053,-0.5172201012645814,0.0,0.0,0.0,0.0,0.0,0.0,0.0,0.0,1
4493,-0.5204046743311094,-0.5736729733833892,-0.7272680852305132,-0.12995439135987974,0.39885376190344024,-0.6647377009182438,-0.32097093959083284,-0.3445498773469766,0.0,1.0,0.0,0.0,1.0,1.0,0.0,1.0,0
2056,-0.5275751694906662,-0.5736729733833892,-0.7272680852305132,-0.8439895087218553,-2.5071845761908427,-0.6029120358478028,-0.2604042030211155,-0.34072962828034775,1.0,1.0,0.0,0.0,0.0,1.0,0.0,1.0,0
3237,-0.765116892116834,0.009414987252940937,-0.7272680852305132,0.5840807260020958,0.39885376190344024,-0.7059548109652046,-0.3573122582660685,-0.34253105631497677,0.0,1.0,0.0,1.0,0.0,0.0,1.0,0.0,1
109,-0.3333615452754371,-0.5736729733833892,-0.7272680852305132,-0.8439895087218553,0.39885376190344024,-0.6029120358478028,-0.33929342988379174,-0.4168085868963915,0.0,1.0,0.0,0.0,0.0,0.0,1.0,0.0,1
479,0.7963728516717516,0.041911339713990366,0.8798734822519125,0.5840807260020958,0.39885376190344024,0.4275157153262148,-0.24263716828473778,-0.1766460215908933,0.0,1.0,0.0,0.0,0.0,1.0,0.0,1.0,1
2018,0.20671404759330675,0.8602285789604169,0.14935458794171902,0.5840807260020958,0.39885376190344024,-0.08769816026079394,-0.334194826051697,-0.3090901752462375,0.0,1.0,0.0,0.0,0.0,0.0,0.0,1.0,1
1729,2.2229962609699507,0.6032119731321169,1.405847086155252,0.5840807260020958,0.39885376190344024,0.7984697057488611,-0.3303944187407515,-0.30359263695047944,0.0,0.0,0.0,0.0,0.0,0.0,0.0,1.0,1
4549,-0.41666134010773487,-0.5736729733833892,-0.63960581791329,0.5840807260020958,0.39885376190344024,-0.6441291458947634,-0.34293410104347116,-0.32173210938999786,0.0,1.0,0.0,0.0,0.0,0.0,0.0,0.0,1
1910,1.9586033224271446,0.5175397711893502,-0.7272680852305132,2.012150960726047,0.39885376190344024,-0.7574761985239055,-0.5260799753110488,-0.5763880022583207,0.0,0.0,0.0,0.0,0.0,1.0,0.0,0.0,1
3198,-0.48317912499213383,-0.5736729733833892,1.5519508650172906,0.5840807260020958,0.39885376190344024,0.9015124808662631,1.0020031741450082,1.6238078211448448,0.0,1.0,0.0,1.0,0.0,0.0,0.0,1.0,1
4843,-0.3704345308876136,0.9411001833805286,0.09091307639690353,-0.12995439135987974,0.39885376190344024,0.027709747870696057,-0.2023196793850942,-0.20151918935064458,0.0,1.0,0.0,0.0,0.0,0.0,0.0,1.0,1
4650,-0.42535747253528244,3.3528465234159133,-0.7272680852305132,0.5840807260020958,0.39885376190344024,-0.7059548109652046,-0.5035706572637549,-0.5541034178485057,0.0,1.0,0.0,1.0,0.0,0.0,0.0,0.0,1
1471,-0.5795994003291525,-0.5736729733833892,-0.6980473294581054,0.5840807260020958,0.39885376190344024,-0.6853462559417242,-0.3131471278237194,-0.2786433000619362,0.0,1.0,1.0,0.0,0.0,1.0,0.0,1.0,1
906,-0.7872386325027007,1.0507753729365705,-0.7272680852305132,0.5840807260020958,-2.5071845761908427,-0.7059548109652046,-0.441286569143585,-0.4640054015988187,0.0,0.0,1.0,0.0,0.0,1.0,0.0,0.0,1
4419,-0.9127985796583437,-0.5736729733833892,-0.7272680852305132,0.5840807260020958,-2.5071845761908427,-0.7059548109652046,0.2238812479975141,0.49820344830710034,1.0,1.0,0.0,0.0,0.0,1.0,1.0,0.0,0
2794,-0.3086462215339861,0.9023261264667765,-0.7272680852305132,0.5840807260020958,-2.5071845761908427,-0.7059548109652046,-0.47430130432672757,-0.5117633801899287,0.0,1.0,0.0,0.0,0.0,0.0,0.0,1.0,0
722,-0.7849501766007144,-0.5736729733833892,-0.7272680852305132,-0.8439895087218553,-2.5071845761908427,-0.6029120358478028,0.029331963635433125,-0.06131472323881345,0.0,1.0,1.0,0.0,0.0,0.0,1.0,0.0,0
1545,0.05109904625824496,-0.5736729733833892,-0.7272680852305132,-1.5580246260838309,0.39885376190344024,-0.499869260730401,-0.3677053985431135,-0.4875299479398748,0.0,1.0,0.0,0.0,0.0,0.0,0.0,1.0,1
1487,-0.856502564469483,-0.5736729733833892,0.5876659245278352,0.5840807260020958,0.39885376190344024,0.2214301650914113,2.3923665940187986,3.6350596476959107,0.0,1.0,1.0,0.0,0.0,0.0,0.0,1.0,0
225,0.7519768071732194,0.18408288173108164,-0.7272680852305132,0.5840807260020958,0.39885376190344024,-0.7059548109652046,-0.5008264368263311,-0.5501337230993958,0.0,0.0,1.0,0.0,0.0,0.0,0.0,1.0,1
4062,-0.6894452836244902,-0.5736729733833892,0.38312063412098096,0.5840807260020958,0.39885376190344024,0.07717027992704895,0.7951677222146972,1.3246067816582658,0.0,1.0,0.0,0.0,0.0,0.0,0.0,0.0,1
54,0.6708129045161086,0.3816459336249617,-0.7272680852305132,-1.5580246260838309,0.39885376190344024,-0.499869260730401,-0.45428069236164137,-0.5501483667423902,0.0,0.0,0.0,0.0,0.0,0.0,0.0,0.0,1
4559,0.22685245953078534,0.21694851092464298,0.9675357495691358,-2.2720597434458063,0.39885376190344024,3.2921048635899837,0.7075298074328122,-0.012385389524277136,0.0,0.0,0.0,0.0,1.0,1.0,1.0,0.0,1
3981,1.7459294872692268,0.5204939850494457,-0.4350605275064358,-0.8439895087218553,0.39885376190344024,-0.29378371049559754,-0.4565752519154931,-0.5299124825689385,0.0,1.0,1.0,0.0,0.0,0.0,0.0,0.0,1
402,-0.2869821723285167,-0.3310581601230542,-0.4935020390512513,0.5840807260020958,0.39885376190344024,-0.5410863707773618,-0.340588466563451,-0.3183389953559778,0.0,1.0,1.0,0.0,0.0,0.0,0.0,1.0,1
2135,-0.5660212286440344,0.49464461377361085,-0.7272680852305132,0.5840807260020958,0.39885376190344024,-0.7059548109652046,-0.44029608271903165,-0.4625725980583329,1.0,0.0,0.0,0.0,0.0,1.0,0.0,1.0,1
2366,-0.5515276745981218,0.4747036702179669,0.2954583668037577,0.5840807260020958,0.39885376190344024,0.01534461485660781,-0.06873027967028734,0.07492169255925028,0.0,1.0,1.0,0.0,0.0,0.0,0.0,1.0,1
3408,-0.41238955575736064,2.661560480153589,-0.7272680852305132,0.5840807260020958,0.39885376190344024,-0.7059548109652046,-0.49748789330641685,-0.545304301052995,0.0,0.0,1.0,0.0,0.0,0.0,0.0,0.0,1
4454,1.027354334045559,-0.5736729733833892,-0.3473982601892126,0.5840807260020958,0.39885376190344024,-0.43804359565996,-0.4383383141160056,-0.4597405574403786,0.0,1.0,0.0,1.0,0.0,0.0,0.0,0.0,1
1945,-0.4819586151777412,-0.5736729733833892,0.9675357495691358,-0.12995439135987974,0.39885376190344024,0.7696177287159887,0.8861769267766344,1.1106322213551854,0.0,1.0,0.0,0.0,0.0,0.0,1.0,0.0,1
3907,-0.7965450198374445,-0.16045230970254473,0.2954583668037577,0.5840807260020958,0.39885376190344024,0.01534461485660781,0.5178689477660088,0.9234759272080515,0.0,1.0,0.0,0.0,0.0,0.0,1.0,0.0,1
538,0.637248884620311,-0.5736729733833892,-0.5519435505960668,0.5840807260020958,0.39885376190344024,-0.5823034808243225,-0.45388259797925484,-0.4822263829918206,0.0,1.0,0.0,0.0,1.0,0.0,1.0,0.0,1
2195,-0.5983647387254394,0.825147289371784,-0.63960581791329,0.5840807260020958,0.39885376190344024,-0.6441291458947634,-0.4223980749255484,-0.4366819565528652,0.0,0.0,0.0,0.0,0.0,0.0,0.0,1.0,1
3899,-0.023962307326902483,-0.5736729733833892,0.23701685525894223,-1.5580246260838309,0.39885376190344024,0.8602953708193023,0.2823493289897763,-0.017356560385072713,0.0,0.0,0.0,1.0,0.0,0.0,0.0,0.0,1
4636,0.09961431138035247,0.09877995652082687,-0.7272680852305132,2.012150960726047,0.39885376190344024,-0.7574761985239055,-0.4955244802599526,-0.517453966879026,0.0,0.0,0.0,0.0,0.0,0.0,0.0,1.0,1
3867,1.7750691590878511,2.0921357586202,1.4350678419276597,0.5840807260020958,0.39885376190344024,0.8190782607723417,-0.3371565036766088,-0.31337443607158344,0.0,1.0,0.0,0.0,0.0,0.0,0.0,1.0,1
3186,-0.7519964116121131,-0.5736729733833892,0.47078290143820417,-0.12995439135987974,-2.5071845761908427,0.3492032062369895,1.5362972101970331,1.8943335596869681,1.0,1.0,0.0,0.0,0.0,0.0,1.0,0.0,0
4197,-0.8255321279292698,0.22544187577241728,-0.7272680852305132,0.5840807260020958,0.39885376190344024,-0.7059548109652046,-0.367378145618653,-0.35709202219940755,0.0,1.0,0.0,0.0,0.0,0.0,0.0,0.0,0
617,0.3000830483943438,0.2697550836738483,-0.7272680852305132,0.5840807260020958,0.39885376190344024,-0.7059548109652046,-0.4893395700878496,-0.5335172173866544,1.0,1.0,0.0,1.0,0.0,0.0,0.0,0.0,1
2789,-0.17301706840960382,-0.5736729733833892,-0.7272680852305132,0.5840807260020958,0.39885376190344024,-0.7059548109652046,-0.43432115465574705,-0.45392947295232056,0.0,1.0,0.0,0.0,1.0,1.0,0.0,1.0,1
3845,0.41465840722045305,-0.5736729733833892,-0.7272680852305132,0.5840807260020958,0.39885376190344024,-0.7059548109652046,-0.480005079819393,-0.5200142653282201,0.0,1.0,0.0,0.0,0.0,0.0,0.0,1.0,1
1466,1.8119895809732285,-0.5736729733833892,0.6753281918450583,-0.8439895087218553,0.39885376190344024,0.8809039258427825,-0.24837688932304966,-0.32913076316927076,0.0,1.0,0.0,0.0,0.0,0.0,1.0,0.0,1
4803,-0.6142313663125437,-0.5736729733833892,-0.7272680852305132,2.012150960726047,-2.5071845761908427,-0.7574761985239055,-0.3746851769479641,-0.2843846690427749,0.0,0.0,0.0,0.0,0.0,0.0,0.0,1.0,0
4920,1.7979537181077132,2.4831998183503288,0.2077960994865345,0.5840807260020958,0.39885376190344024,-0.04648105021383322,-0.44700260332333314,-0.47227401973154415,0.0,1.0,0.0,0.0,0.0,0.0,1.0,0.0,1
3660,-0.47768683082736696,-0.5736729733833892,-0.7272680852305132,-0.8439895087218553,0.39885376190344024,-0.6029120358478028,-0.2858710006773842,-0.3652892230694695,0.0,0.0,0.0,0.0,0.0,0.0,0.0,0.0,1
761,-0.2131413285577619,0.2992972222748023,0.2077960994865345,0.5840807260020958,0.39885376190344024,-0.04648105021383322,-0.2006908880375813,-0.11596797759303386,0.0,1.0,0.0,0.0,0.0,1.0,1.0,0.0,1
3176,-0.8079872993473756,1.928546166117417,1.5227301092448828,0.5840807260020958,0.39885376190344024,0.8809039258427825,0.12636570338600953,0.357140820785719,0.0,0.0,0.0,0.0,1.0,0.0,1.0,0.0,1
90,-0.22946564732526348,-0.5736729733833892,-0.7272680852305132,-1.5580246260838309,-2.5071845761908427,-0.499869260730401,-0.30549823626529793,-0.4425365789517967,0.0,1.0,0.0,1.0,0.0,0.0,1.0,0.0,1
3403,-0.3470922806873543,-0.5736729733833892,0.032471564852088054,0.5840807260020958,0.39885376190344024,-0.17013238035471537,-0.038056268443301795,0.11929366051099838,1.0,0.0,0.0,1.0,0.0,0.0,0.0,0.0,1
492,-0.24212843664958714,-0.5736729733833892,1.5227301092448828,0.5840807260020958,0.39885376190344024,0.8809039258427825,0.5215495219059069,0.928800118966706,0.0,0.0,0.0,0.0,0.0,0.0,0.0,0.0,1
459,-0.7523015390657113,0.009784263985452863,-0.25973599287198934,0.5840807260020958,0.39885376190344024,-0.37621793058951886,-0.06530742705082614,0.07987307324469109,0.0,1.0,0.0,0.0,0.0,1.0,0.0,1.0,1
2360,-0.7108042053763615,-0.5736729733833892,-0.7272680852305132,-0.8439895087218553,0.39885376190344024,-0.6029120358478028,-0.1006115013763982,-0.18662921661405094,1.0,0.0,1.0,0.0,0.0,0.0,0.0,0.0,1
1854,0.629620698280357,-0.5736729733833892,-0.7272680852305132,-1.5580246260838309,0.39885376190344024,-0.499869260730401,-0.4299710673109303,-0.5325656336644254,0.0,1.0,0.0,0.0,0.0,0.0,1.0,0.0,1
3717,3.711407979621777,-0.5736729733833892,1.3181848188380287,0.5840807260020958,0.39885376190344024,0.7366440406784203,-0.3823547697084247,-0.3787566906778521,0.0,1.0,0.0,0.0,0.0,0.0,0.0,1.0,1
1739,1.9064265278618593,1.4525484579095453,-0.6103850621408823,-1.5580246260838309,0.39885376190344024,-0.33500082054255825,-0.4748524571961907,-0.5650275699087903,1.0,0.0,0.0,0.0,0.0,0.0,0.0,0.0,1
4155,-0.40964340867497717,1.37869311140716,-0.7272680852305132,-1.5580246260838309,0.39885376190344024,-0.499869260730401,-0.41095773389661955,-0.5188136171010768,1.0,1.0,0.0,0.0,0.0,0.0,0.0,1.0,1
1756,-0.36814607498562735,-0.5736729733833892,1.1428602842035822,0.5840807260020958,0.39885376190344024,0.612992710537538,0.5323907181460666,0.9444826199792826,0.0,1.0,1.0,0.0,0.0,0.0,1.0,0.0,1
3748,1.3118856845258438,0.39420134253036715,-0.7272680852305132,-1.5580246260838309,0.39885376190344024,-0.499869260730401,-0.4761492502188043,-0.5659655179654312,0.0,1.0,0.0,0.0,0.0,0.0,0.0,1.0,1
2800,-0.17133886741481394,-0.5736729733833892,-0.7272680852305132,-1.5580246260838309,0.39885376190344024,-0.499869260730401,-0.32168683398396386,-0.4542455128411545,0.0,0.0,0.0,0.0,0.0,1.0,0.0,1.0,1
2182,-0.3908780702786903,-0.5736729733833892,-0.4935020390512513,0.5840807260020958,0.39885376190344024,-0.5410863707773618,-0.27554293305044264,-0.2242463673300607,0.0,1.0,0.0,0.0,0.0,0.0,1.0,0.0,1
3278,-0.24075536310839543,-0.5736729733833892,-0.7272680852305132,0.5840807260020958,0.39885376190344024,-0.7059548109652046,-0.42473664814814005,-0.4400648560151424,0.0,1.0,0.0,1.0,0.0,0.0,0.0,1.0,1
3429,0.7698267632087117,5.22803377111147,1.405847086155252,0.5840807260020958,0.39885376190344024,0.7984697057488611,-0.35399638544334877,-0.33773442891815453,0.0,1.0,0.0,0.0,0.0,0.0,0.0,0.0,1
4522,0.0755092425460978,-0.5736729733833892,0.4123413898933887,0.5840807260020958,0.39885376190344024,0.09777883495052925,-0.11679363640637079,0.005394896439716213,0.0,1.0,0.0,0.0,0.0,1.0,0.0,0.0,1
2915,2.250305168066986,-0.5736729733833892,0.14935458794171902,0.5840807260020958,0.39885376190344024,-0.08769816026079394,-0.4282287490683198,-0.44511640890686743,0.0,1.0,0.0,0.0,0.0,0.0,0.0,1.0,1
1126,-0.0846826705929364,-0.5736729733833892,-0.7272680852305132,0.5840807260020958,0.39885376190344024,-0.7059548109652046,-0.4447776738865076,-0.46905551345484076,0.0,1.0,1.0,0.0,0.0,0.0,0.0,0.0,1
1300,-0.6005006309006264,1.0193868506730568,1.6688338881069216,0.5840807260020958,-2.5071845761908427,0.9839467009601843,0.2742273861618735,0.5710324374012263,0.0,1.0,0.0,1.0,0.0,0.0,0.0,1.0,0
71,1.5265428481321495,1.4658424202799745,-0.7272680852305132,-1.5580246260838309,-2.5071845761908427,-0.499869260730401,-0.48988775325577755,-0.5759023405731845,0.0,1.0,0.0,1.0,0.0,0.0,0.0,1.0,1
907,0.32220478878021047,-0.5736729733833892,-0.7272680852305132,0.5840807260020958,-2.5071845761908427,-0.7059548109652046,-0.47543107302974114,-0.5133976646762989,0.0,1.0,0.0,0.0,1.0,1.0,0.0,1.0,0
3928,-0.7480297547153371,-0.5736729733833892,1.0259772611139513,-0.8439895087218553,0.39885376190344024,1.251857916265429,2.9789772546103412,2.783255453811034,1.0,0.0,0.0,0.0,1.0,0.0,0.0,0.0,1
4048,-0.3501435552233359,-0.5736729733833892,-0.7272680852305132,0.5840807260020958,0.39885376190344024,-0.7059548109652046,-0.4052842717480412,-0.4119257184297987,1.0,1.0,1.0,0.0,0.0,0.0,0.0,1.0,1
1322,-0.33122565310025,-0.5736729733833892,-0.7272680852305132,0.5840807260020958,0.39885376190344024,-0.7059548109652046,-0.40907790173676084,-0.41741345288469667,0.0,1.0,0.0,1.0,0.0,0.0,0.0,1.0,1
846,-0.09490444028847476,-0.5736729733833892,-0.7272680852305132,0.5840807260020958,0.39885376190344024,-0.7059548109652046,-0.4436676983483008,-0.46744986107882525,1.0,1.0,0.0,0.0,0.0,0.0,1.0,0.0,1
2054,-0.7843399216935181,-0.5736729733833892,-0.7272680852305132,-0.12995439135987974,0.39885376190344024,-0.6647377009182438,-0.08711471638805673,-0.06264291370480635,0.0,1.0,0.0,0.0,0.0,0.0,0.0,0.0,1
4019,-0.3411422953421902,1.3975262247652684,1.1428602842035822,0.5840807260020958,0.39885376190344024,0.612992710537538,-0.06803316242889168,0.07593011834565705,0.0,1.0,0.0,0.0,0.0,0.0,0.0,0.0,1
4010,-0.2763027114525811,-0.5736729733833892,-0.4935020390512513,0.5840807260020958,-2.5071845761908427,-0.5410863707773618,-0.3163339360947767,-0.2832532271244692,1.0,1.0,0.0,0.0,0.0,0.0,0.0,1.0,0
2721,-0.5396277039077935,4.230986593329272,0.17857534371412676,0.5840807260020958,0.39885376190344024,-0.06708960523731362,-0.3856900956675521,-0.38358145831166046,0.0,1.0,0.0,0.0,1.0,0.0,1.0,0.0,1
2989,4.122567223345298,-0.5736729733833892,3.8311698152650937,0.5840807260020958,-2.5071845761908427,2.5089797726977303,-0.2322136896145322,-0.16156777642505746,1.0,1.0,0.0,0.0,0.0,1.0,0.0,1.0,0
3309,-0.2901860105912974,-0.5736729733833892,-0.7272680852305132,-0.12995439135987974,0.39885376190344024,-0.6647377009182438,-0.39050085922139843,-0.42836619943108445,0.0,1.0,0.0,0.0,0.0,0.0,1.0,0.0,1
3055,-0.6621363765274548,-0.5736729733833892,-0.7272680852305132,-1.5580246260838309,0.39885376190344024,-0.499869260730401,-0.02843364580330132,-0.24214053297056068,0.0,1.0,1.0,0.0,0.0,0.0,1.0,0.0,1
1622,0.5245042905157907,-0.06850240330707531,0.8214319707070971,0.5840807260020958,0.39885376190344024,0.3862986052792542,-0.19912473498172562,-0.11370243453484967,0.0,1.0,1.0,0.0,0.0,0.0,1.0,0.0,1
2595,-0.9156972904675261,-0.18408602058330795,-0.4058397717340281,-1.5580246260838309,0.39885376190344024,-0.04648105021383322,0.8963625649505392,0.42674863711239697,0.0,0.0,1.0,0.0,0.0,0.0,0.0,1.0,1
4180,-0.10299031780882602,-0.5736729733833892,-0.7272680852305132,0.5840807260020958,0.39885376190344024,-0.7059548109652046,-0.44277250039383814,-0.4661548985565796,0.0,1.0,0.0,1.0,0.0,0.0,0.0,0.0,1
2059,-0.16447349970885533,-0.5736729733833892,-0.7272680852305132,2.012150960726047,0.39885376190344024,-0.7574761985239055,-0.46341661198727463,-0.4555257853335646,1.0,1.0,0.0,0.0,0.0,0.0,0.0,0.0,1
636,0.4087084218752889,-0.31333287696248185,2.603898072823969,0.5840807260020958,0.39885376190344024,1.6434204617115558,0.23365071455221834,0.5123356220767195,0.0,1.0,0.0,0.0,0.0,0.0,0.0,1.0,0
3205,-0.6035519054366081,1.2328288020649496,-0.6688265736856978,-1.5580246260838309,0.39885376190344024,-0.41743504063647957,-0.3484850058307218,-0.4736281689527177,0.0,0.0,0.0,0.0,1.0,1.0,0.0,1.0,1
4210,-0.4290190019784604,-0.5736729733833892,-0.7272680852305132,-2.2720597434458063,-2.5071845761908427,-0.29378371049559754,-0.06602057054242833,-0.38538249910329553,0.0,0.0,0.0,0.0,1.0,0.0,1.0,0.0,1
1939,-0.22885539241806716,-0.5736729733833892,-0.4935020390512513,-0.8439895087218553,0.39885376190344024,-0.35560937556603855,-0.22108098582424857,-0.3028072207128634,0.0,1.0,1.0,0.0,0.0,0.0,1.0,0.0,1
2408,0.3951302501901708,-0.5736729733833892,-0.7272680852305132,0.5840807260020958,0.39885376190344024,-0.7059548109652046,-0.4790880502120176,-0.5186877218889497,0.0,1.0,0.0,0.0,0.0,0.0,1.0,0.0,1
4482,-0.658474847084277,-0.12020114585874486,0.6168866803002429,-0.12995439135987974,-2.5071845761908427,0.4728545363778716,0.6107097531644654,0.7785644515410731,0.0,0.0,0.0,0.0,0.0,0.0,0.0,0.0,0
1161,3.6473312143661634,-0.5736729733833892,1.8441584227413679,0.5840807260020958,0.39885376190344024,1.1075980311010667,-0.3424575082082022,-0.32104268661264734,0.0,0.0,0.0,0.0,0.0,0.0,0.0,1.0,1
3311,0.03446960003714523,-0.5736729733833892,-0.7272680852305132,-1.5580246260838309,-2.5071845761908427,-0.499869260730401,-0.3649241025842167,-0.4855182844792458,0.0,1.0,0.0,0.0,0.0,0.0,1.0,0.0,0
463,-0.1501325093897418,-0.5736729733833892,1.0259772611139513,0.5840807260020958,0.39885376190344024,0.5305584904436167,0.22374899942491963,0.49801214207781697,0.0,1.0,0.0,0.0,1.0,1.0,0.0,0.0,1
2017,-0.8889986382776871,-0.5736729733833892,1.2013017957483976,-0.8439895087218553,0.39885376190344024,1.4373349114767524,6.8582385898776135,6.524325994410395,0.0,1.0,1.0,0.0,0.0,0.0,1.0,0.0,1
771,-0.5617494442936601,0.5456048028602566,-0.7272680852305132,0.5840807260020958,0.39885376190344024,-0.7059548109652046,-0.44317977991492824,-0.4667440550814138,0.0,0.0,0.0,0.0,0.0,1.0,0.0,0.0,1
4784,5.7554567912758525,-0.5736729733833892,-0.4935020390512513,-0.8439895087218553,0.39885376190344024,-0.35560937556603855,-0.5084469249541246,-0.5799363327623301,1.0,1.0,0.0,0.0,1.0,0.0,0.0,1.0,1
669,0.7556383366163972,0.1966382906364871,-0.4935020390512513,0.5840807260020958,0.39885376190344024,-0.5410863707773618,-0.4639245277815291,-0.4967526927092864,0.0,1.0,0.0,0.0,0.0,1.0,1.0,0.0,1
4852,0.10678480653990924,1.2823118842215477,-0.7272680852305132,-0.8439895087218553,0.39885376190344024,-0.6029120358478028,-0.47055408760536643,-0.5433933506702522,0.0,1.0,0.0,0.0,0.0,0.0,1.0,0.0,1
833,-0.6342172145232232,0.6959004329926102,0.4123413898933887,-0.12995439135987974,0.39885376190344024,0.29974267418063677,0.07221218356857016,0.12942109031507598,0.0,1.0,1.0,0.0,0.0,0.0,1.0,0.0,1
3540,-0.06286605766066793,-0.060378315191812956,-0.7272680852305132,-1.5580246260838309,0.39885376190344024,-0.499869260730401,-0.38252946314898667,-0.4982519385321545,1.0,0.0,0.0,1.0,0.0,1.0,1.0,0.0,0
956,-0.05355967032592404,1.740953586001359,-0.7272680852305132,-0.12995439135987974,0.39885376190344024,-0.6647377009182438,-0.48684383977461887,-0.5445048967213629,0.0,1.0,0.0,0.0,1.0,1.0,0.0,0.0,1
1130,-0.07018911654702378,-0.5736729733833892,-0.4935020390512513,0.5840807260020958,0.39885376190344024,-0.5410863707773618,-0.3654465889767861,-0.3542978989014901,0.0,1.0,0.0,0.0,0.0,0.0,1.0,0.0,1
3814,-0.7672527842920212,-0.5736729733833892,-0.3473982601892126,-0.12995439135987974,0.39885376190344024,-0.3432442425519503,0.4448962584531254,0.5786810437583375,0.0,0.0,0.0,0.0,0.0,0.0,1.0,0.0,1
3492,0.07535667881929871,-0.5736729733833892,-0.7272680852305132,2.012150960726047,0.39885376190344024,-0.7574761985239055,-0.48147543302526696,-0.49035680987372204,0.0,1.0,0.0,0.0,0.0,0.0,1.0,0.0,1
1796,-0.4589214924310801,-0.5736729733833892,-0.46428128327884355,2.012150960726047,0.39885376190344024,-0.618368452115413,-0.3069719613791947,-0.1537825290577285,0.0,0.0,0.0,0.0,0.0,1.0,0.0,1.0,0
2061,-0.36814607498562735,-0.5736729733833892,0.26623761103134996,-1.5580246260838309,0.39885376190344024,0.9015124808662631,0.7366740159471356,0.31124866017415903,0.0,1.0,0.0,0.0,0.0,0.0,0.0,0.0,1
2874,-0.308493657807187,-0.5736729733833892,-0.7272680852305132,0.5840807260020958,0.39885376190344024,-0.7059548109652046,-0.41337678874550693,-0.4236320747391627,0.0,0.0,0.0,0.0,0.0,0.0,0.0,1.0,1
386,-0.05432248895991944,-0.5736729733833892,-0.6980473294581054,0.5840807260020958,0.39885376190344024,-0.6853462559417242,-0.4379933455251374,-0.4592415377606539,1.0,1.0,0.0,0.0,0.0,1.0,0.0,1.0,1
4682,1.3925918960025572,-0.34213646209841203,0.938314993796728,-0.8439895087218553,0.39885376190344024,1.1591194186597675,-0.15774586021299447,-0.24172828012813533,1.0,1.0,1.0,0.0,0.0,0.0,0.0,1.0,1
3783,-0.7463515537205472,-0.5736729733833892,-0.7272680852305132,0.5840807260020958,0.39885376190344024,-0.7059548109652046,-0.21346780596827455,-0.134450626919447,0.0,1.0,0.0,0.0,0.0,0.0,0.0,1.0,1
1281,-0.37623195250597863,-0.5736729733833892,-0.7272680852305132,0.5840807260020958,0.39885376190344024,-0.7059548109652046,-0.3996979511475777,-0.4038447394923623,0.0,1.0,0.0,0.0,0.0,0.0,1.0,0.0,1
84,-0.6471851313011451,-0.5736729733833892,-0.2889567486443971,0.5840807260020958,0.39885376190344024,-0.39682648561299927,0.07660812777799819,0.2851632260102106,1.0,1.0,1.0,0.0,0.0,0.0,0.0,1.0,1
4911,1.1248425554701713,0.6161366587700343,-0.7272680852305132,-0.8439895087218553,0.39885376190344024,-0.6029120358478028,-0.4920419904445389,-0.5641157906770817,1.0,0.0,1.0,0.0,0.0,0.0,1.0,0.0,1
305,-0.21634516682054258,-0.5736729733833892,-0.4935020390512513,0.5840807260020958,0.39885376190344024,-0.5410863707773618,-0.3331560900541474,-0.3075875755356052,0.0,0.0,1.0,0.0,0.0,0.0,0.0,0.0,1
2534,-0.5028598457492152,-0.5736729733833892,-0.7272680852305132,-0.8439895087218553,0.39885376190344024,-0.6029120358478028,-0.27361218380098645,-0.3534671016099123,0.0,1.0,0.0,0.0,0.0,0.0,1.0,0.0,1
1410,1.1298771584545408,0.7331973829763146,-0.7272680852305132,-0.8439895087218553,0.39885376190344024,-0.6029120358478028,-0.49313273155851134,-0.5651676763574317,0.0,0.0,0.0,0.0,0.0,0.0,1.0,0.0,1
2886,-0.5477135814281447,-0.5736729733833892,-0.37661901596162034,-0.12995439135987974,0.39885376190344024,-0.3679745085801268,-0.02162573023105513,0.0163021790820393,0.0,1.0,0.0,0.0,0.0,1.0,1.0,0.0,1
118,0.8308522539283437,-0.5736729733833892,1.2305225515208054,0.5840807260020958,0.39885376190344024,0.6748183756079791,-0.14394874109107691,-0.03388674253080432,0.0,1.0,1.0,0.0,0.0,1.0,1.0,0.0,1
1654,-0.0569160723155038,-0.5736729733833892,-0.7272680852305132,-1.5580246260838309,-2.5071845761908427,-0.499869260730401,-0.3479601841379958,-0.4732485744621619,0.0,0.0,0.0,0.0,0.0,1.0,1.0,0.0,0
4838,1.1695437274223017,-0.5736729733833892,0.8506527264795047,-0.12995439135987974,0.39885376190344024,0.6706966646032831,-0.20668140253144993,-0.20677712138938592,0.0,1.0,0.0,0.0,1.0,1.0,1.0,0.0,1
919,-0.16416837225525718,-0.5736729733833892,-0.46428128327884355,0.5840807260020958,0.39885376190344024,-0.5204778157538814,-0.33472782005500246,-0.3098611860103053,0.0,1.0,1.0,0.0,0.0,0.0,1.0,0.0,1
4963,-0.07980063133536583,0.25830750496597865,-0.7272680852305132,0.5840807260020958,0.39885376190344024,-0.7059548109652046,-0.4722144526974855,-0.5087446125130325,0.0,1.0,0.0,1.0,0.0,0.0,1.0,0.0,1
1357,-0.014045665084962272,-0.5736729733833892,-0.4935020390512513,-1.5580246260838309,0.39885376190344024,-0.17013238035471537,-0.20341629743578024,-0.36870247090708896,1.0,0.0,1.0,0.0,0.0,0.0,1.0,0.0,1
476,0.1493500863168526,-0.2981925309294929,-0.6980473294581054,0.5840807260020958,0.39885376190344024,-0.6853462559417242,-0.46464824417016815,-0.49779959590578116,0.0,1.0,0.0,0.0,0.0,1.0,1.0,0.0,1
4937,0.9660237158723288,0.2228569386448338,1.4350678419276597,0.5840807260020958,0.39885376190344024,0.8190782607723417,-0.19477849981368256,-0.10741532046424167,1.0,1.0,0.0,0.0,0.0,0.0,0.0,0.0,1
4946,-0.6250633909152784,-0.5736729733833892,-0.7272680852305132,0.5840807260020958,-2.5071845761908427,-0.7059548109652046,-0.311102993175868,-0.2756863252987619,0.0,0.0,0.0,0.0,0.0,0.0,0.0,1.0,0
4639,-0.9620766634144465,-0.5736729733833892,-0.522722794823659,0.5840807260020958,0.39885376190344024,-0.561694925800842,1.5941774779073359,2.4804267691510433,1.0,1.0,0.0,0.0,0.0,0.0,1.0,0.0,1
4173,-0.6937170679748644,-0.3783255818845807,-0.7272680852305132,0.5840807260020958,0.39885376190344024,-0.7059548109652046,-0.31777449614285935,-0.2853370916641632,1.0,0.0,0.0,0.0,0.0,0.0,0.0,1.0,1
1481,-0.483484252445732,-0.5736729733833892,0.6168866803002429,-1.5580246260838309,0.39885376190344024,1.3961178014297912,1.4256470247086226,0.8095709701935462,0.0,1.0,1.0,0.0,0.0,0.0,1.0,0.0,1
1256,1.8180921300451918,-0.5736729733833892,1.8733791785137757,0.5840807260020958,0.39885376190344024,1.128206586124547,-0.2078599115629898,-0.12633844005915237,0.0,0.0,0.0,1.0,0.0,0.0,1.0,0.0,1
3620,-0.789832215858285,-0.5736729733833892,-0.7272680852305132,-0.8439895087218553,0.39885376190344024,-0.6029120358478028,0.0405919883531253,-0.05045581399884672,0.0,0.0,0.0,1.0,0.0,0.0,1.0,0.0,1
1247,-0.6348274694304196,0.791173829980687,0.4123413898933887,-0.12995439135987974,-2.5071845761908427,0.29974267418063677,0.04743190153749172,0.09954917170668963,1.0,1.0,0.0,0.0,1.0,0.0,0.0,0.0,1
4954,-0.06591733219664954,-0.5736729733833892,-0.08441145823754291,0.5840807260020958,-2.5071845761908427,-0.2525666004486368,-0.2253518401135363,-0.15164166132081425,1.0,0.0,1.0,0.0,0.0,0.0,1.0,0.0,0
926,-0.5603763707524684,-0.5736729733833892,-0.4058397717340281,-1.5580246260838309,0.39885376190344024,-0.04648105021383322,0.3111433921152562,0.003469689510154402,0.0,0.0,0.0,0.0,1.0,0.0,1.0,0.0,1
2245,-0.224736171794492,-0.5736729733833892,-0.7272680852305132,-0.12995439135987974,0.39885376190344024,-0.6647377009182438,-0.40309799243072086,-0.4435516818826536,0.0,0.0,0.0,0.0,0.0,0.0,0.0,0.0,1
3020,0.918881524291413,-0.5736729733833892,0.4123413898933887,-0.8439895087218553,0.39885376190344024,0.6026884330257978,-0.1795941844308773,-0.2627983022351541,0.0,0.0,0.0,0.0,0.0,0.0,0.0,0.0,1
1644,-0.7193477740771099,0.9879983284095432,-0.4935020390512513,2.012150960726047,0.39885376190344024,-0.6338248683830233,-0.4103725519174873,-0.3532168386911792,0.0,1.0,0.0,0.0,1.0,0.0,1.0,0.0,1
1732,-0.30162829010122844,-0.5736729733833892,-0.63960581791329,-0.12995439135987974,0.39885376190344024,-0.5905469028337145,-0.3402722133479112,-0.367817008769715,0.0,0.0,0.0,1.0,0.0,0.0,1.0,0.0,1
2906,-0.502402154568818,-0.5736729733833892,0.9967565053415435,0.5840807260020958,0.39885376190344024,0.5099499354201362,0.7109242640630018,1.2027430971994535,0.0,1.0,1.0,0.0,0.0,0.0,1.0,0.0,1
2438,-0.5112508507231646,-0.5736729733833892,1.288964063065621,0.5840807260020958,0.39885376190344024,0.7160354856549399,0.9174043043769122,1.5014300104853242,1.0,1.0,0.0,0.0,0.0,0.0,0.0,1.0,1
615,-0.20841185302699042,-0.5736729733833892,-0.7272680852305132,-0.12995439135987974,0.39885376190344024,-0.6647377009182438,-0.4059309290433661,-0.4469667056426545,0.0,0.0,0.0,1.0,0.0,0.0,1.0,0.0,1
251,0.5226735257942018,0.3295779143407802,-0.46428128327884355,0.5840807260020958,0.39885376190344024,-0.5204778157538814,-0.45118381719020695,-0.47832241967270067,0.0,1.0,0.0,0.0,0.0,0.0,1.0,0.0,1
2398,-0.15486198492051328,-0.14309630327448425,-0.6688265736856978,-0.8439895087218553,0.39885376190344024,-0.5410863707773618,-0.38140308492348013,-0.4574181711261494,0.0,1.0,0.0,0.0,0.0,1.0,0.0,0.0,1
2036,-0.013587973904565032,1.1309084238916582,-0.7272680852305132,0.5840807260020958,-2.5071845761908427,-0.7059548109652046,-0.49075212308184957,-0.5355605678867275,0.0,1.0,1.0,0.0,0.0,0.0,1.0,0.0,1
399,0.9785339414698534,-0.5736729733833892,0.7922112149346893,0.5840807260020958,0.39885376190344024,0.3656900502557739,-0.24631003706222449,-0.1819590670377256,0.0,0.0,1.0,0.0,0.0,0.0,1.0,0.0,1
3002,-0.5013342084812243,0.041542062981478445,-0.7272680852305132,-1.5580246260838309,0.39885376190344024,-0.499869260730401,-0.3000979810365462,-0.43863066736155404,1.0,1.0,0.0,1.0,0.0,0.0,0.0,0.0,1
4484,-0.3101718588019769,-0.5736729733833892,-0.7272680852305132,-1.5580246260838309,0.39885376190344024,-0.499869260730401,-0.27874472861394245,-0.4231862276834495,0.0,0.0,0.0,0.0,0.0,0.0,1.0,0.0,1
801,-0.5437469245313686,-0.5736729733833892,-0.7272680852305132,-2.2720597434458063,0.39885376190344024,-0.29378371049559754,0.045292970766686834,-0.3317083876976728,1.0,1.0,1.0,0.0,0.0,1.0,0.0,1.0,1
2523,-0.4564804728022948,-0.5736729733833892,-0.5519435505960668,-1.5580246260838309,0.39885376190344024,-0.2525666004486368,-0.009759815169381496,-0.228634072920502,0.0,1.0,0.0,1.0,0.0,1.0,1.0,0.0,1
1400,-0.7153811171803338,-0.5736729733833892,-0.11363221400995065,0.5840807260020958,0.39885376190344024,-0.2731751554721171,0.3889780530734851,0.7370267991091037,0.0,1.0,0.0,0.0,0.0,1.0,1.0,0.0,1
2165,-0.7069901122063844,0.4706416261603357,-0.7272680852305132,-0.12995439135987974,0.39885376190344024,-0.6647377009182438,-0.3935071647189308,-0.4319902144048285,1.0,0.0,0.0,0.0,0.0,0.0,1.0,0.0,1
1075,-0.5347456646502229,-0.5736729733833892,-0.7272680852305132,-2.2720597434458063,0.39885376190344024,-0.29378371049559754,0.03473167856182637,-0.33680092152351554,0.0,1.0,1.0,0.0,0.0,1.0,0.0,1.0,1
4702,0.23783704786031912,-0.5736729733833892,1.376626330382844,-0.12995439135987974,0.39885376190344024,1.1158414531104586,0.20746301864286218,0.29246208928306505,0.0,1.0,0.0,0.0,0.0,0.0,1.0,0.0,1
734,0.6682193211605243,-0.27899014083887275,2.399352782417115,0.5840807260020958,0.39885376190344024,1.4991605765471934,0.07933013120017145,0.28910078239041315,0.0,1.0,0.0,1.0,0.0,0.0,1.0,0.0,1
45,-0.6183505869361189,-0.5736729733833892,-0.7272680852305132,2.012150960726047,0.39885376190344024,-0.7574761985239055,-0.37299748394705956,-0.2811295243017594,1.0,1.0,0.0,0.0,0.0,0.0,0.0,0.0,1
2645,-0.6397095086879901,-0.5736729733833892,-0.7272680852305132,0.5840807260020958,-2.5071845761908427,-0.7059548109652046,-0.3024549620348051,-0.2631763813661805,0.0,1.0,0.0,1.0,0.0,0.0,1.0,0.0,1
1937,0.050183663897450485,-0.5736729733833892,0.938314993796728,0.5840807260020958,0.39885376190344024,0.4687328253731756,0.055064606861992264,0.2539991108060066,0.0,0.0,0.0,0.0,0.0,1.0,1.0,0.0,1
2114,0.3164073671618454,-0.5736729733833892,1.610392376562106,0.5840807260020958,0.39885376190344024,0.9427295909132237,0.10302812878577794,0.3233814893252809,0.0,1.0,0.0,0.0,0.0,0.0,0.0,1.0,1
3214,0.31076250927027943,0.10542693770604153,1.8733791785137757,0.5840807260020958,0.39885376190344024,1.128206586124547,0.04748810187091108,0.24303919968897755,0.0,1.0,1.0,0.0,0.0,0.0,0.0,0.0,1
4706,1.2709986057436902,-0.5736729733833892,0.6168866803002429,0.5840807260020958,0.39885376190344024,0.2420387201148916,-0.3098643729160594,-0.27389457990016003,1.0,0.0,1.0,0.0,0.0,0.0,0.0,1.0,1
1457,-0.02274179751250984,-0.5736729733833892,-0.7272680852305132,-1.5580246260838309,0.39885376190344024,-0.499869260730401,-0.3546607724813039,-0.47809499459657123,0.0,1.0,0.0,0.0,0.0,0.0,1.0,0.0,1
1330,1.5115916029058396,-0.5736729733833892,0.5000036572106119,0.5840807260020958,0.39885376190344024,0.15960450002097037,-0.34762867155954824,-0.3285231133752651,0.0,0.0,0.0,0.0,0.0,1.0,1.0,0.0,1
2358,-0.8587910203714693,-0.5736729733833892,-0.522722794823659,-0.12995439135987974,0.39885376190344024,-0.49162583872100896,0.5567699837736441,0.7135416080166558,0.0,1.0,0.0,1.0,0.0,1.0,0.0,1.0,0
2936,-0.5773109444271664,-0.5736729733833892,-0.7272680852305132,-0.8439895087218553,0.39885376190344024,-0.6029120358478028,-0.22954728971669694,-0.3109719297495692,0.0,0.0,0.0,0.0,0.0,0.0,0.0,1.0,1
4750,0.7734882926518897,-0.5736729733833892,1.405847086155252,0.5840807260020958,0.39885376190344024,0.7984697057488611,-0.09875461278946614,0.03148952657749039,0.0,0.0,0.0,1.0,0.0,1.0,1.0,0.0,1
641,1.8100062525248406,-0.5736729733833892,0.12013383216931127,2.012150960726047,0.39885376190344024,-0.3092401267632078,-0.44679137855779394,-0.4234597987251462,0.0,0.0,1.0,0.0,0.0,1.0,0.0,1.0,1
1821,-0.24258612782998437,2.255725351122983,-0.7272680852305132,-0.8439895087218553,0.39885376190344024,-0.6029120358478028,-0.47261694185427255,-0.5453827199323777,0.0,0.0,1.0,0.0,0.0,0.0,0.0,1.0,1
1681,-0.30437443718361185,-0.5736729733833892,-0.4350605275064358,-0.12995439135987974,-2.5071845761908427,-0.41743504063647957,-0.22755622496721617,-0.2319411205716256,0.0,1.0,0.0,0.0,0.0,1.0,1.0,0.0,1
1792,-0.3801986094027547,-0.5736729733833892,-0.4935020390512513,0.5840807260020958,0.39885376190344024,-0.5410863707773618,-0.2799438268068348,-0.23061254863164043,0.0,1.0,1.0,0.0,0.0,0.0,0.0,1.0,1
1195,0.026688849970392135,0.41746577667861845,0.2954583668037577,-0.12995439135987974,0.39885376190344024,0.200821610067931,-0.18880397811748006,-0.18522639947460207,0.0,0.0,0.0,1.0,0.0,0.0,0.0,0.0,1
1523,-0.6918863032532755,-0.08955117706025506,-0.4935020390512513,2.012150960726047,-2.5071845761908427,-0.6338248683830233,-0.3059292281425515,-0.151771353085723,0.0,0.0,0.0,0.0,0.0,0.0,0.0,1.0,0
4166,-0.44885228646234077,-0.5736729733833892,0.032471564852088054,0.5840807260020958,0.39885376190344024,-0.17013238035471537,0.04963790244123304,0.2461490271355115,0.0,0.0,0.0,0.0,1.0,1.0,0.0,1.0,1
1172,-0.22488873552129107,-0.5736729733833892,0.032471564852088054,0.5840807260020958,0.39885376190344024,-0.17013238035471537,-0.11442808860492348,0.00881681639851859,1.0,1.0,0.0,0.0,0.0,0.0,0.0,1.0,1
1403,0.29291255323478704,6.091772048456864,1.2305225515208054,0.5840807260020958,0.39885376190344024,0.6748183756079791,-0.3627054087372821,-0.3503326019979592,0.0,1.0,0.0,0.0,0.0,1.0,0.0,0.0,1
4913,-0.18903625972350724,-0.5736729733833892,-0.522722794823659,-2.2720597434458063,0.39885376190344024,0.13899594499748985,0.040128095322965934,-0.33419883132835926,0.0,0.0,0.0,0.0,0.0,0.0,0.0,1.0,1
2222,0.3200688966050233,-0.5736729733833892,-0.7272680852305132,0.5840807260020958,0.39885376190344024,-0.7059548109652046,-0.4753180531777311,-0.5132341740518028,0.0,1.0,0.0,0.0,0.0,0.0,1.0,0.0,1
2273,-0.2692847800198234,-0.5736729733833892,0.44156214566579643,0.5840807260020958,0.39885376190344024,0.11838738997400955,0.08859150806897641,0.3024979711235954,0.0,0.0,0.0,0.0,0.0,0.0,1.0,0.0,1
3096,0.6854590222888204,-0.5736729733833892,-0.7272680852305132,2.012150960726047,0.39885376190344024,-0.7574761985239055,-0.5047844842588026,-0.535314237261425,1.0,1.0,0.0,0.0,0.0,1.0,0.0,1.0,1
4812,0.2309716801543605,-0.5736729733833892,0.38312063412098096,0.5840807260020958,0.39885376190344024,0.07717027992704895,-0.17718106319560428,-0.08195947486673666,0.0,1.0,1.0,0.0,0.0,0.0,0.0,0.0,1
1920,-0.8859473637417055,1.2091950911841864,-0.7272680852305132,0.5840807260020958,0.39885376190344024,-0.7059548109652046,-0.4373237325675697,-0.45827289872373744,0.0,0.0,0.0,0.0,0.0,0.0,0.0,0.0,1
1335,-0.4673124974050295,-0.5736729733833892,2.165586736237853,0.5840807260020958,0.39885376190344024,1.3342921363593505,1.3185637650773807,2.0817334667897898,0.0,1.0,0.0,0.0,0.0,1.0,0.0,1.0,0
2883,0.041487531469902916,0.5419120355351373,0.3538998783485732,0.5840807260020958,0.39885376190344024,0.05656172490356842,-0.24868696032010396,-0.1853974423399295,0.0,1.0,0.0,0.0,1.0,0.0,0.0,1.0,1
3173,0.3551585537688118,0.1456781015498414,0.5000036572106119,0.5840807260020958,0.39885376190344024,0.15960450002097037,-0.24619795818538245,-0.18179693759549181,0.0,1.0,0.0,1.0,0.0,0.0,0.0,1.0,1
3161,0.03996189420191211,-0.5736729733833892,1.1428602842035822,-0.12995439135987974,0.39885376190344024,0.9179993248850472,0.2586463162922987,0.3541620852546702,0.0,0.0,1.0,0.0,0.0,0.0,0.0,1.0,1
996,2.118947799292978,-0.5736729733833892,2.399352782417115,0.5840807260020958,0.39885376190344024,1.4991605765471934,-0.18434435359762882,-0.09232164399406828,0.0,0.0,0.0,0.0,0.0,0.0,1.0,0.0,1
1535,-0.8305667309136394,1.5851188048813265,0.06169232062449579,0.5840807260020958,0.39885376190344024,-0.14952382533123507,-0.21805707203137167,-0.14108930111066725,1.0,1.0,0.0,0.0,0.0,1.0,1.0,0.0,1
2120,4.126381316515275,-0.5736729733833892,0.47078290143820417,2.012150960726047,0.39885376190344024,-0.12376313155188458,-0.4748220270457756,-0.4775240260247793,0.0,1.0,1.0,0.0,0.0,1.0,0.0,1.0,1
916,0.1795577042230705,0.8624442393554885,-0.025969946692727428,0.5840807260020958,0.39885376190344024,-0.21134949040167608,-0.3635512134884252,-0.35155611401382947,0.0,1.0,0.0,0.0,0.0,0.0,0.0,1.0,1
1296,0.5241991630621926,1.3521051866663016,-0.11363221400995065,-0.8439895087218553,0.39885376190344024,0.04625744739182827,-0.35423990795398796,-0.43122262708640957,0.0,1.0,0.0,0.0,0.0,1.0,1.0,0.0,1
4578,-0.563275081561651,-0.5736729733833892,-0.7272680852305132,0.5840807260020958,0.39885376190344024,-0.7059548109652046,-0.34173590638015405,-0.319998842266659,0.0,1.0,0.0,0.0,0.0,0.0,0.0,0.0,1
1595,-0.7056170386651928,-0.5736729733833892,-0.4350605275064358,0.5840807260020958,-2.5071845761908427,-0.499869260730401,0.03907126188616067,0.23086368891881226,0.0,1.0,1.0,0.0,0.0,0.0,1.0,0.0,0
2381,-0.6912760483460793,-0.5736729733833892,-0.4935020390512513,0.5840807260020958,0.39885376190344024,-0.5410863707773618,-0.0412883797362965,0.11461819965757476,0.0,0.0,0.0,1.0,0.0,0.0,1.0,0.0,1
584,-0.17271194095600567,-0.5736729733833892,0.44156214566579643,0.5840807260020958,-2.5071845761908427,0.11838738997400955,0.017765007165506934,0.20004279481921988,0.0,1.0,0.0,0.0,0.0,0.0,0.0,1.0,0
4924,0.03263883531555627,-0.35579970120135324,-0.7272680852305132,-0.8439895087218553,0.39885376190344024,-0.6029120358478028,-0.42092176367615874,-0.4955290773290877,0.0,1.0,0.0,0.0,0.0,1.0,0.0,1.0,1
2322,0.041487531469902916,1.2335673555299735,-0.7272680852305132,-0.8439895087218553,0.39885376190344024,-0.6029120358478028,-0.46696291165224,-0.5399301030560194,0.0,1.0,0.0,1.0,0.0,0.0,1.0,0.0,1
4233,0.08267973770565457,-0.5736729733833892,-0.7272680852305132,-0.12995439135987974,-2.5071845761908427,-0.6647377009182438,-0.44261325288334935,-0.49118619397374685,0.0,1.0,0.0,0.0,0.0,0.0,1.0,0.0,1
33,-0.7181272642627173,-0.5736729733833892,-0.4935020390512513,-1.5580246260838309,0.39885376190344024,-0.17013238035471537,0.549286329242396,0.175714374040431,0.0,0.0,0.0,0.0,0.0,0.0,0.0,0.0,1
1601,1.2124141346528432,-0.5736729733833892,0.26623761103134996,0.5840807260020958,0.39885376190344024,-0.005263940166872497,-0.3559088349488057,-0.34050091249076336,1.0,1.0,0.0,1.0,0.0,0.0,0.0,0.0,1
4041,0.34386883798567985,-0.5736729733833892,0.8798734822519125,0.5840807260020958,-2.5071845761908427,0.4275157153262148,-0.0869667035261999,0.048541510035969626,1.0,0.0,0.0,1.0,0.0,0.0,1.0,0.0,0
234,3.127241469708099,-0.5736729733833892,1.610392376562106,-0.8439895087218553,0.39885376190344024,1.8701145669698396,-0.22984984421545526,-0.3112637063597039,1.0,1.0,1.0,0.0,0.0,0.0,1.0,0.0,1
250,-0.7664899656580257,-0.5736729733833892,0.8506527264795047,0.5840807260020958,0.39885376190344024,0.4069071603027345,1.747146756855993,2.7017068584385,0.0,0.0,0.0,1.0,0.0,0.0,1.0,0.0,1
3174,-0.7036337102168047,-0.5736729733833892,-0.7272680852305132,-0.8439895087218553,0.39885376190344024,-0.6029120358478028,-0.1101390438091936,-0.1958173597266586,0.0,1.0,0.0,0.0,0.0,0.0,1.0,0.0,1
98,-0.2869821723285167,-0.5736729733833892,-0.63960581791329,0.5840807260020958,0.39885376190344024,-0.6441291458947634,-0.3781498208774807,-0.37267395655531776,0.0,1.0,1.0,0.0,0.0,0.0,1.0,0.0,1
943,-0.3472448444141534,-0.5736729733833892,-0.7272680852305132,0.5840807260020958,0.39885376190344024,-0.7059548109652046,-0.4058789975094709,-0.41278602822857124,1.0,0.0,1.0,0.0,0.0,1.0,0.0,0.0,1
1501,-0.5574776599432859,-0.5736729733833892,-0.7272680852305132,0.5840807260020958,0.39885376190344024,-0.7059548109652046,-0.34420742687280464,-0.32357405866990196,0.0,1.0,0.0,1.0,0.0,0.0,1.0,0.0,1
4383,-0.16142222517287372,2.0958285259453193,0.4123413898933887,0.5840807260020958,0.39885376190344024,0.09777883495052925,-0.3049878873905482,-0.26684042392903673,1.0,1.0,0.0,0.0,0.0,0.0,1.0,0.0,1
743,-0.27431938300419306,-0.5736729733833892,-0.025969946692727428,-0.8439895087218553,0.39885376190344024,0.13899594499748985,0.10557727272183602,0.012214501794019417,0.0,1.0,0.0,0.0,0.0,1.0,1.0,0.0,1
899,-0.6497787146567294,-0.5736729733833892,-0.7272680852305132,0.5840807260020958,0.39885376190344024,-0.7059548109652046,-0.2961327591750561,-0.25403090050287447,1.0,1.0,0.0,0.0,0.0,1.0,0.0,1.0,1
4778,-0.7277387790510593,-0.5736729733833892,-0.46428128327884355,0.5840807260020958,0.39885376190344024,-0.5204778157538814,0.049232619551980814,0.24556275886951234,0.0,0.0,1.0,0.0,0.0,0.0,1.0,0.0,1
2503,-0.5803622189631479,1.1128138639985738,-0.7272680852305132,-0.8439895087218553,0.39885376190344024,-0.6029120358478028,-0.4202375972674497,-0.4948692829570973,0.0,1.0,1.0,0.0,0.0,0.0,1.0,0.0,1
1034,-0.5304738802998487,-0.5736729733833892,-0.7272680852305132,-2.2720597434458063,0.39885376190344024,-0.29378371049559754,0.029850134696537623,-0.3391547459205792,0.0,1.0,0.0,0.0,0.0,1.0,1.0,0.0,1
2167,-0.7657271470240303,-0.5736729733833892,-0.7272680852305132,0.5840807260020958,-2.5071845761908427,-0.7059548109652046,-0.1898682361750023,-0.1003123022382304,0.0,1.0,1.0,0.0,0.0,0.0,0.0,0.0,0
1748,-0.16721964679123877,-0.5736729733833892,-0.4935020390512513,-0.12995439135987974,0.39885376190344024,-0.4668955726928325,-0.3047810115308222,-0.32503338384307995,0.0,1.0,1.0,0.0,0.0,1.0,0.0,1.0,1
2214,-0.5251341498618809,-0.5736729733833892,-0.4935020390512513,-0.12995439135987974,-2.5071845761908427,-0.4668955726928325,-0.13608913791855648,-0.12168017292635616,0.0,1.0,0.0,1.0,0.0,1.0,1.0,0.0,0
1881,1.6907014181679598,0.34988813462893614,1.6396131323345138,0.5840807260020958,0.39885376190344024,0.9633381459367041,-0.2607859348292485,-0.20289940206720755,1.0,1.0,1.0,0.0,0.0,0.0,0.0,1.0,1
1222,0.20503584659851687,-0.5736729733833892,-0.7272680852305132,0.5840807260020958,0.39885376190344024,-0.7059548109652046,-0.4686582396797057,-0.5036003172695172,1.0,1.0,1.0,0.0,0.0,1.0,0.0,1.0,0
61,-0.3936242173610738,0.6478944577660599,-0.4350605275064358,-2.2720597434458063,0.39885376190344024,0.32447294020881307,-0.03641339377018704,-0.37110625844299483,0.0,1.0,1.0,0.0,0.0,1.0,1.0,0.0,1
4498,-0.907763976673974,-0.5736729733833892,-0.7272680852305132,0.5840807260020958,-2.5071845761908427,-0.7059548109652046,0.1944909116380966,0.4556884001974525,0.0,1.0,0.0,0.0,0.0,1.0,1.0,0.0,0
1431,0.4001648531745404,0.6069047404572362,-0.7272680852305132,0.5840807260020958,0.39885376190344024,-0.7059548109652046,-0.49654793769482664,-0.5439445936458056,0.0,0.0,0.0,0.0,1.0,0.0,0.0,0.0,1
1268,-0.6235377536472876,2.192209753130932,-0.7272680852305132,-0.12995439135987974,0.39885376190344024,-0.6647377009182438,-0.4719481406627184,-0.5265485590603287,0.0,1.0,0.0,0.0,0.0,1.0,0.0,1.0,1
556,-0.5323046450214376,-0.5736729733833892,-0.7272680852305132,-0.8439895087218553,0.39885376190344024,-0.6029120358478028,-0.25773013179931353,-0.33815081540677294,0.0,1.0,1.0,0.0,0.0,0.0,1.0,0.0,1
514,-0.567241738458427,2.4292854154035877,-0.7272680852305132,0.5840807260020958,0.39885376190344024,-0.7059548109652046,-0.49018218947677406,-0.5347361215672717,0.0,0.0,0.0,0.0,0.0,0.0,0.0,1.0,1
4328,1.8801855668524174,-0.5736729733833892,0.5584451687554274,-1.5580246260838309,0.39885376190344024,1.31368358133587,-0.18486962209115604,-0.3552879800875912,0.0,0.0,0.0,0.0,1.0,0.0,0.0,1.0,1
566,-0.8931178589012623,0.3827537638224975,-0.63960581791329,0.5840807260020958,0.39885376190344024,-0.6441291458947634,-0.3122538398007625,-0.27735110038081157,0.0,0.0,0.0,0.0,0.0,0.0,1.0,0.0,1
3896,1.24613071827544,-0.5736729733833892,-0.7272680852305132,2.012150960726047,0.39885376190344024,-0.7574761985239055,-0.5152345770876776,-0.5554698963160062,1.0,1.0,0.0,0.0,0.0,1.0,0.0,1.0,1
982,-0.6940221954284627,-0.5736729733833892,-0.7272680852305132,0.5840807260020958,-2.5071845761908427,-0.7059548109652046,-0.26399102835121163,-0.20753577994379221,0.0,1.0,0.0,0.0,0.0,1.0,0.0,1.0,0
3179,0.09274894367439386,0.7970822577008777,-0.7272680852305132,0.5840807260020958,0.39885376190344024,-0.7059548109652046,-0.48969927259797313,-0.534037550646405,0.0,1.0,0.0,1.0,0.0,0.0,0.0,1.0,1
3256,-0.6693068716870116,-0.5736729733833892,-0.7272680852305132,-0.8439895087218553,0.39885376190344024,-0.6029120358478028,-0.15064213615256605,-0.23487761178841526,0.0,0.0,1.0,0.0,0.0,0.0,0.0,1.0,0
3382,-0.15104789175053626,-0.362077405654056,-0.7272680852305132,0.5840807260020958,0.39885376190344024,-0.7059548109652046,-0.4469906502861412,-0.47225672887971265,0.0,1.0,0.0,1.0,0.0,1.0,0.0,0.0,1
3481,-0.9465151632809403,-0.5736729733833892,0.0032508090796803113,-1.5580246260838309,0.39885376190344024,0.5305584904436167,6.801131757414576,4.697566487305759,1.0,1.0,0.0,0.0,0.0,0.0,1.0,0.0,0
572,-0.06591733219664954,-0.5736729733833892,-0.7272680852305132,-0.8439895087218553,-2.5071845761908427,-0.6029120358478028,-0.3964359020955873,-0.47191547476318624,0.0,1.0,0.0,0.0,0.0,0.0,1.0,0.0,1
2233,0.49139796180039036,-0.04265303203124054,-0.7272680852305132,-2.2720597434458063,0.39885376190344024,-0.29378371049559754,-0.3794261602929889,-0.5365030756439593,0.0,1.0,1.0,0.0,0.0,0.0,0.0,1.0,1
3148,-0.3536525209397148,-0.5736729733833892,0.7045489476174661,-1.5580246260838309,0.39885376190344024,1.5197691315706736,1.138058320668698,0.6015630141340225,1.0,1.0,1.0,0.0,0.0,0.0,0.0,1.0,0
4511,0.7078858901282852,-0.5736729733833892,-0.7272680852305132,0.5840807260020958,0.39885376190344024,-0.7059548109652046,-0.49131081323417125,-0.5363687498147556,0.0,1.0,0.0,0.0,0.0,0.0,1.0,0.0,1
426,-0.6934119405212663,0.25830750496597865,-0.7272680852305132,0.5840807260020958,0.39885376190344024,-0.7059548109652046,-0.4053785079255119,-0.4120620372377851,0.0,1.0,0.0,0.0,0.0,0.0,1.0,0.0,1
4800,0.08496819360764077,0.2461213727930851,1.9902622016034066,0.5840807260020958,0.39885376190344024,1.2106408062184681,0.1424283802273956,0.38037653576121067,0.0,0.0,0.0,0.0,0.0,0.0,0.0,0.0,1
851,-0.5591558609380758,-0.03305183698593048,0.3538998783485732,0.5840807260020958,0.39885376190344024,0.05656172490356842,0.10691170403382397,0.32899933549379573,0.0,1.0,0.0,0.0,0.0,0.0,0.0,1.0,1
2896,-0.898305025612431,-0.5736729733833892,-0.7272680852305132,0.5840807260020958,0.39885376190344024,-0.7059548109652046,0.1449254299368663,0.3839886818500494,0.0,1.0,0.0,0.0,0.0,1.0,0.0,1.0,1
255,-0.530931571480246,-0.2704967759910985,-0.7272680852305132,-1.5580246260838309,0.39885376190344024,-0.499869260730401,-0.238289241622431,-0.3939254707681546,0.0,1.0,0.0,0.0,0.0,0.0,0.0,1.0,1
1649,4.912084509530538,-0.5736729733833892,0.9675357495691358,0.5840807260020958,0.39885376190344024,0.4893413803966559,-0.4354091754636414,-0.45550336637178473,0.0,0.0,0.0,0.0,0.0,0.0,0.0,1.0,1
2672,-0.11641592576714507,-0.5736729733833892,-0.7272680852305132,0.5840807260020958,-2.5071845761908427,-0.7059548109652046,-0.4412515102114091,-0.46395468655527844,0.0,1.0,0.0,0.0,1.0,0.0,1.0,0.0,0
1353,0.3363932153725249,-0.5736729733833892,0.7629904591622816,2.012150960726047,0.39885376190344024,0.03080103112421804,-0.22156328481778162,0.010949803301863521,0.0,0.0,0.0,0.0,0.0,0.0,0.0,1.0,1
1515,-0.3596025062848789,-0.5736729733833892,-0.7272680852305132,0.5840807260020958,0.39885376190344024,-0.7059548109652046,-0.4033083341726204,-0.40906739520228125,1.0,0.0,0.0,0.0,0.0,0.0,1.0,0.0,1
4900,-0.4918752574196814,-0.5736729733833892,-0.1428529697823584,0.5840807260020958,0.39885376190344024,-0.29378371049559754,-0.010807540193165209,0.1587107321060319,0.0,0.0,1.0,0.0,0.0,0.0,1.0,0.0,1
2553,-0.015876429806551233,0.627584237477904,-0.5519435505960668,-0.12995439135987974,0.39885376190344024,-0.5163561047491853,-0.42360474393764347,-0.46827198212657045,0.0,1.0,0.0,0.0,0.0,0.0,1.0,0.0,1
3774,-0.8580282017374739,1.3735232371519932,1.3181848188380287,-1.5580246260838309,0.39885376190344024,2.3853284425568484,1.042636272602896,0.5325458903654006,0.0,1.0,0.0,1.0,0.0,0.0,0.0,0.0,0
4033,-0.9625343545948437,-0.5736729733833892,-0.7272680852305132,0.5840807260020958,0.39885376190344024,-0.7059548109652046,0.7198087000114599,1.215595016182502,0.0,0.0,0.0,0.0,0.0,0.0,0.0,1.0,0
4142,-0.02258923378571076,-0.5736729733833892,-0.7272680852305132,0.5840807260020958,0.39885376190344024,-0.7059548109652046,-0.451041051911306,-0.4781159003383644,0.0,1.0,1.0,0.0,0.0,0.0,1.0,0.0,1
3703,-0.6560338274554917,2.8351205444341936,-0.1428529697823584,-2.2720597434458063,-2.5071845761908427,0.9427295909132237,-0.0551613263047223,-0.38014629622859847,0.0,1.0,0.0,0.0,0.0,1.0,1.0,0.0,0
1261,-0.24304381901038163,0.4440537014194771,-0.7272680852305132,-1.5580246260838309,0.39885376190344024,-0.499869260730401,-0.38635195323315796,-0.5010166797695429,0.0,1.0,0.0,0.0,0.0,0.0,0.0,1.0,1
2958,0.8201727930524082,-0.5736729733833892,-0.7272680852305132,-2.2720597434458063,0.39885376190344024,-0.29378371049559754,-0.3893040977517315,-0.5412661036581881,0.0,0.0,0.0,1.0,0.0,0.0,0.0,0.0,1
4069,0.7025461596903173,1.6634054721738547,1.4642885977000673,0.5840807260020958,0.39885376190344024,0.8396868157958219,-0.23496017962130347,-0.16554075425500092,0.0,0.0,0.0,0.0,0.0,0.0,0.0,1.0,1
753,0.7020884685099201,0.051143258026788506,0.14935458794171902,-0.12995439135987974,0.39885376190344024,0.07717027992704895,-0.3121627810271908,-0.3339318950587651,0.0,0.0,0.0,0.0,0.0,1.0,0.0,0.0,1
2337,-0.2596732652314814,3.7335708346357084,-0.7272680852305132,-1.5580246260838309,0.39885376190344024,-0.499869260730401,-0.4708074981112188,-0.562101920675041,0.0,0.0,0.0,0.0,0.0,0.0,0.0,1.0,1
2626,1.2644383654913298,-0.5736729733833892,-0.7272680852305132,0.5840807260020958,0.39885376190344024,-0.7059548109652046,-0.5048559488526573,-0.5559626763839937,0.0,1.0,0.0,0.0,0.0,0.0,1.0,0.0,1
360,0.09610534566397362,-0.5736729733833892,-0.7272680852305132,0.5840807260020958,0.39885376190344024,-0.7059548109652046,-0.46110838606519705,-0.49267895911572446,0.0,1.0,0.0,0.0,0.0,0.0,0.0,0.0,1
3972,-0.04974557715594703,-0.5736729733833892,-0.7272680852305132,-1.5580246260838309,0.39885376190344024,-0.499869260730401,-0.3494044546205976,-0.47429319042538626,0.0,1.0,0.0,0.0,1.0,0.0,1.0,0.0,1
2954,-0.688987592444093,-0.5736729733833892,-0.7272680852305132,0.5840807260020958,0.39885376190344024,-0.7059548109652046,-0.26805722233718887,-0.21341779608756423,0.0,1.0,0.0,0.0,1.0,0.0,0.0,1.0,1
3027,0.034164472583547066,4.695905999561786,-0.7272680852305132,0.5840807260020958,0.39885376190344024,-0.7059548109652046,-0.5172436253286137,-0.5738822624309659,0.0,1.0,1.0,0.0,0.0,1.0,0.0,1.0,1
594,0.6796616006704553,1.1874077639659828,-0.7272680852305132,0.5840807260020958,0.39885376190344024,-0.7059548109652046,-0.5073381273997802,-0.5595533103616771,0.0,1.0,0.0,0.0,1.0,1.0,0.0,0.0,1
2799,-0.08590318040732904,-0.5736729733833892,0.14935458794171902,0.5840807260020958,0.39885376190344024,-0.08769816026079394,-0.13640827795159927,-0.022978968314698964,0.0,1.0,1.0,0.0,0.0,1.0,1.0,0.0,1
1713,0.43708527505991784,0.5212325385144695,-0.6103850621408823,0.5840807260020958,0.39885376190344024,-0.6235205908712832,-0.4762664302033706,-0.5146060635864467,0.0,1.0,0.0,0.0,0.0,1.0,1.0,0.0,1
2826,0.9933326229693642,-0.5736729733833892,0.23701685525894223,0.5840807260020958,0.39885376190344024,-0.02587249519035291,-0.3400970737449375,-0.3176281634327105,1.0,1.0,1.0,0.0,0.0,1.0,0.0,0.0,1
240,-0.6421505283167753,-0.5736729733833892,-0.7272680852305132,0.5840807260020958,0.39885376190344024,-0.7059548109652046,-0.3009517017949029,-0.2610018168889596,0.0,1.0,0.0,1.0,0.0,0.0,0.0,1.0,1
1183,-0.8264475102900642,0.2154714039945953,-0.7272680852305132,-0.8439895087218553,0.39885376190344024,-0.6029120358478028,-0.27485100843253807,-0.3546617956337288,0.0,1.0,0.0,1.0,0.0,0.0,0.0,1.0,1
564,0.9202545978326048,3.4392572788237037,0.12013383216931127,0.5840807260020958,0.39885376190344024,-0.10830671528427435,-0.44173622711331484,-0.46465586132755954,0.0,0.0,0.0,0.0,1.0,0.0,0.0,0.0,1
2097,-0.7217887937058952,-0.5736729733833892,-0.7272680852305132,0.5840807260020958,0.39885376190344024,-0.7059548109652046,-0.23925287265714767,-0.17175041612164335,1.0,0.0,0.0,0.0,0.0,0.0,1.0,0.0,1
4420,1.2031077473180993,0.7080865651655037,-0.2889567486443971,-1.5580246260838309,0.39885376190344024,0.11838738997400955,-0.37062717904272774,-0.4896432214490281,0.0,1.0,0.0,0.0,0.0,0.0,1.0,0.0,1
4994,-0.5966865377306495,-0.5736729733833892,-0.7272680852305132,0.5840807260020958,0.39885376190344024,-0.7059548109652046,-0.3262320240746039,-0.29757146021679093,0.0,1.0,0.0,0.0,0.0,1.0,0.0,1.0,1
3605,-0.6416928371363781,0.5212325385144695,-0.63960581791329,0.5840807260020958,0.39885376190344024,-0.6441291458947634,-0.39757856852908385,-0.40077891360707457,0.0,1.0,0.0,0.0,1.0,0.0,0.0,1.0,1
1404,0.6235181492083938,-0.5736729733833892,-0.7272680852305132,0.5840807260020958,0.39885376190344024,-0.7059548109652046,-0.48846635458799575,-0.532254053925972,0.0,1.0,0.0,0.0,0.0,1.0,1.0,0.0,1
1696,-0.7030234553096084,0.28009483218418224,-0.05519070246513517,-2.2720597434458063,-2.5071845761908427,1.128206586124547,0.8597895679104628,0.061032518578891234,0.0,1.0,0.0,0.0,0.0,1.0,1.0,0.0,0
228,-0.6168249496681281,0.45623983359237064,-0.7272680852305132,0.5840807260020958,0.39885376190344024,-0.7059548109652046,-0.43188164499624065,-0.4504005623175626,1.0,1.0,1.0,0.0,0.0,1.0,0.0,1.0,1
2901,-0.5059111202851968,0.9215285165573965,-0.7272680852305132,0.5840807260020958,0.39885376190344024,-0.7059548109652046,-0.46228566202953575,-0.49438196596974965,0.0,1.0,1.0,0.0,0.0,1.0,1.0,0.0,1
512,-0.42047543327771186,-0.5736729733833892,-0.7272680852305132,-0.8439895087218553,0.39885376190344024,-0.6029120358478028,-0.31002630486733024,-0.38858404367943433,0.0,1.0,0.0,0.0,0.0,1.0,0.0,0.0,1
4525,0.8329881461035309,-0.025666302335691973,2.1071452246930376,0.5840807260020958,-2.5071845761908427,1.2930750263123898,-0.04779654104009858,0.10520371771518532,0.0,1.0,0.0,0.0,0.0,0.0,0.0,0.0,0
1062,0.8397009500826904,-0.5736729733833892,-0.7272680852305132,-0.8439895087218553,0.39885376190344024,-0.6029120358478028,-0.46916950063875873,-0.5420580867980859,1.0,1.0,1.0,0.0,0.0,0.0,1.0,0.0,1
2657,0.48865181471800695,-0.5736729733833892,0.6461074360726506,0.5840807260020958,-2.5071845761908427,0.2626472751383721,-0.1818784501275498,-0.08875455298217642,0.0,1.0,0.0,0.0,0.0,0.0,0.0,0.0,1
4411,-0.32588592266228217,-0.5736729733833892,-0.7272680852305132,-2.2720597434458063,-2.5071845761908427,-0.29378371049559754,-0.1355520609736362,-0.4189097853589708,0.0,1.0,0.0,0.0,1.0,0.0,1.0,0.0,1
2480,-0.5780737630611616,-0.5736729733833892,-0.37661901596162034,2.012150960726047,0.39885376190344024,-0.5719992033125822,-0.19718525753105434,0.05796902260074547,1.0,1.0,0.0,0.0,0.0,1.0,0.0,0.0,1
3691,0.4277788877251739,-0.5736729733833892,-0.5519435505960668,-1.5580246260838309,0.39885376190344024,-0.2525666004486368,-0.33368066967428806,-0.4629204476081047,0.0,1.0,0.0,0.0,1.0,1.0,0.0,0.0,1
2707,-0.2755398928185857,0.23061175002758422,1.8733791785137757,0.5840807260020958,0.39885376190344024,1.128206586124547,0.3374799458433241,0.662531411248579,0.0,1.0,0.0,0.0,0.0,1.0,1.0,0.0,0
4196,0.7638767778635476,-0.5736729733833892,0.26623761103134996,-1.5580246260838309,0.39885376190344024,0.9015124808662631,-0.06919361574040933,-0.2716215171558381,0.0,0.0,0.0,0.0,0.0,0.0,0.0,1.0,1
342,-0.127705641550277,-0.5736729733833892,-0.7272680852305132,-2.2720597434458063,0.39885376190344024,-0.29378371049559754,-0.22502866842536737,-0.46205437801212107,0.0,1.0,0.0,0.0,0.0,0.0,0.0,0.0,1
4558,-0.552137929505318,-0.5736729733833892,-0.7272680852305132,0.5840807260020958,0.39885376190344024,-0.7059548109652046,-0.34643184821078943,-0.32679182994832573,0.0,0.0,0.0,0.0,0.0,0.0,1.0,0.0,1
1327,-0.3716550407020062,-0.5736729733833892,-0.4350605275064358,0.5840807260020958,0.39885376190344024,-0.499869260730401,-0.25402668692438773,-0.19312170689741037,0.0,1.0,0.0,0.0,0.0,0.0,0.0,1.0,1
795,0.7013256498759247,-0.5736729733833892,-0.6103850621408823,-1.5580246260838309,0.39885376190344024,-0.33500082054255825,-0.3897722818874739,-0.5034905445717477,1.0,1.0,0.0,0.0,0.0,0.0,1.0,0.0,1
781,-0.782204029518331,-0.11318488794101829,-0.7272680852305132,0.5840807260020958,0.39885376190344024,-0.7059548109652046,-0.3285671645726547,-0.30094939401800125,1.0,0.0,0.0,0.0,0.0,1.0,0.0,0.0,1
4651,0.19801791516575917,2.253878967460423,-0.05519070246513517,-1.5580246260838309,0.39885376190344024,0.4481242703496953,-0.27852498634560163,-0.4230272918857101,0.0,0.0,0.0,0.0,0.0,0.0,1.0,0.0,1
1664,1.0764798540748628,-0.5736729733833892,1.2305225515208054,0.5840807260020958,0.39885376190344024,0.6748183756079791,-0.19077287134736964,-0.10162091631479414,0.0,0.0,1.0,0.0,0.0,0.0,0.0,0.0,1
3600,-0.6520671705587155,-0.5736729733833892,-0.46428128327884355,0.5840807260020958,0.39885376190344024,-0.5204778157538814,-0.06718202375062374,0.07716134623675767,0.0,0.0,1.0,0.0,0.0,1.0,1.0,0.0,0
233,-0.5947032092822614,-0.5736729733833892,-0.2305152370995816,0.5840807260020958,0.39885376190344024,-0.35560937556603855,0.04708037018534242,0.24244938907858535,0.0,0.0,0.0,1.0,0.0,1.0,1.0,0.0,1
704,-0.824006490661279,-0.5736729733833892,-0.025969946692727428,0.5840807260020958,0.39885376190344024,-0.21134949040167608,0.9963540767864343,1.6156360315117235,0.0,1.0,1.0,0.0,0.0,0.0,0.0,1.0,1
2967,-0.5648007188296418,-0.5736729733833892,-0.7272680852305132,0.5840807260020958,0.39885376190344024,-0.7059548109652046,-0.34107548081498484,-0.3190434933950896,0.0,0.0,1.0,0.0,0.0,1.0,1.0,0.0,1
3169,-0.5022495908420188,-0.5736729733833892,0.14935458794171902,0.5840807260020958,0.39885376190344024,-0.08769816026079394,0.18185952675140024,0.43741627395901644,0.0,1.0,0.0,0.0,0.0,0.0,0.0,1.0,1
4297,-0.21039518147537847,-0.2066119012665354,-0.17207372555476613,0.5840807260020958,0.39885376190344024,-0.31439226551907784,-0.25767608192298175,-0.19840079598434482,0.0,0.0,0.0,0.0,0.0,1.0,0.0,1.0,1
749,-0.7965450198374445,0.9311297116027066,0.12013383216931127,0.5840807260020958,0.39885376190344024,-0.10830671528427435,-0.1054811770777463,0.02175911040152056,1.0,1.0,0.0,1.0,0.0,0.0,1.0,0.0,1
1210,-0.7626758724880487,-0.5736729733833892,2.3409112708722994,0.5840807260020958,0.39885376190344024,1.4579434665002327,3.5188795446790513,5.264634474869174,0.0,1.0,1.0,0.0,0.0,1.0,1.0,0.0,1
2620,0.27750361682807995,-0.5736729733833892,-0.7272680852305132,0.5840807260020958,0.39885376190344024,-0.7059548109652046,-0.47298930385512283,-0.509865485504818,0.0,1.0,0.0,0.0,1.0,0.0,1.0,0.0,1
1303,-0.6302505576264471,-0.14641979386709156,-0.7272680852305132,-0.12995439135987974,0.39885376190344024,-0.6647377009182438,-0.34672476316219836,-0.37559537233423,1.0,1.0,0.0,0.0,0.0,1.0,0.0,0.0,1
2186,-0.7999014218270243,0.18186722133601008,-0.4935020390512513,0.5840807260020958,0.39885376190344024,-0.5410863707773618,-0.22784345007299725,-0.15524593845468299,1.0,1.0,0.0,0.0,0.0,1.0,0.0,1.0,1
2290,1.9738596951070526,0.2856339831718611,-0.7272680852305132,0.5840807260020958,0.39885376190344024,-0.7059548109652046,-0.5182963279406735,-0.5754050657650125,0.0,1.0,0.0,0.0,1.0,0.0,0.0,0.0,1
2001,-0.3719601681556044,-0.5736729733833892,-0.7272680852305132,0.5840807260020958,0.39885376190344024,-0.7059548109652046,-0.40064254807182076,-0.4052111608625469,1.0,1.0,0.0,0.0,0.0,0.0,0.0,0.0,1
1860,-0.36646787399083747,-0.5736729733833892,0.5876659245278352,-0.8439895087218553,-2.5071845761908427,0.788165428237121,0.6534198779208715,0.5405413284923578,0.0,1.0,0.0,1.0,0.0,0.0,0.0,1.0,0
193,-0.763133563668446,-0.5736729733833892,-0.7272680852305132,-2.2720597434458063,0.39885376190344024,-0.29378371049559754,0.515128473813058,-0.10515910325079773,0.0,1.0,1.0,0.0,0.0,0.0,1.0,0.0,1
3354,-0.5736494149839884,-0.5736729733833892,-0.7272680852305132,0.5840807260020958,-2.5071845761908427,-0.7059548109652046,-0.3371597796041159,-0.3133791749154628,0.0,1.0,0.0,0.0,1.0,0.0,0.0,1.0,0
3304,0.7690639445747163,-0.5736729733833892,1.0259772611139513,0.5840807260020958,0.39885376190344024,0.5305584904436167,-0.16809776590043188,-0.0688198899101069,0.0,1.0,0.0,1.0,0.0,0.0,0.0,0.0,1
4821,-0.3925562712734802,1.0592687377843448,0.2077960994865345,0.5840807260020958,-2.5071845761908427,-0.04648105021383322,-0.23598122360533716,-0.16701776130835336,0.0,1.0,0.0,0.0,0.0,0.0,0.0,1.0,1
415,-0.6278095379976618,-0.5736729733833892,1.5519508650172906,-0.12995439135987974,-2.5071845761908427,1.264223049279517,1.9644526151773547,2.4104626091171713,1.0,1.0,0.0,0.0,0.0,1.0,0.0,1.0,0
448,-0.5428315421705742,-0.5736729733833892,-0.7272680852305132,0.5840807260020958,0.39885376190344024,-0.7059548109652046,-0.35019446187836084,-0.33223469726153226,0.0,1.0,0.0,0.0,0.0,0.0,0.0,1.0,1
1088,-0.4303920755196521,-0.5736729733833892,-0.3473982601892126,0.5840807260020958,0.39885376190344024,-0.43804359565996,-0.17750926475959225,-0.08243423994298361,0.0,0.0,0.0,0.0,1.0,0.0,0.0,0.0,1
2368,-0.7329259457622281,0.8631827928205124,-0.7272680852305132,0.5840807260020958,0.39885376190344024,-0.7059548109652046,-0.4385543837376892,-0.46005311631172235,0.0,1.0,0.0,0.0,0.0,1.0,0.0,1.0,1
2324,-0.2933898488540781,-0.5736729733833892,0.2954583668037577,0.5840807260020958,0.39885376190344024,0.01534461485660781,0.04347603208446563,0.23723547774772333,0.0,1.0,0.0,0.0,0.0,0.0,0.0,1.0,1
464,-0.35456790330050925,3.132019037373782,2.2240282477826687,-0.12995439135987974,0.39885376190344024,1.833019167927575,0.04169777304629408,0.09263684442307524,0.0,1.0,0.0,0.0,0.0,1.0,1.0,0.0,1
2556,-0.9488036191829265,-0.5736729733833892,-0.4935020390512513,0.5840807260020958,-2.5071845761908427,-0.5410863707773618,1.3897059794131503,2.1846453432693167,0.0,0.0,1.0,0.0,0.0,0.0,1.0,0.0,0
1706,0.24424472438588046,1.1892541476285425,1.7857169111965525,0.5840807260020958,0.39885376190344024,1.066380921054106,-0.07982201366680475,0.058876772259103725,0.0,1.0,0.0,0.0,1.0,0.0,0.0,1.0,1
515,0.33227399474894975,-0.5736729733833892,-0.7272680852305132,-1.5580246260838309,0.39885376190344024,-0.499869260730401,-0.40452585597418755,-0.5141615505856836,0.0,1.0,0.0,0.0,1.0,0.0,1.0,0.0,1
2390,-0.8687076626134095,-0.5736729733833892,-0.37661901596162034,0.5840807260020958,0.39885376190344024,-0.4586521506834403,0.7123545757327227,1.2048121367880555,0.0,1.0,0.0,0.0,0.0,1.0,1.0,0.0,0
3568,-0.14265688677658686,-0.5736729733833892,-0.7272680852305132,0.5840807260020958,0.39885376190344024,-0.7059548109652046,-0.43814723581046666,-0.4594641501460437,0.0,1.0,0.0,0.0,1.0,0.0,0.0,1.0,1
4802,-0.7944091276622574,-0.5736729733833892,-0.7272680852305132,-1.5580246260838309,0.39885376190344024,-0.499869260730401,0.2512041811834487,-0.039883309333691205,0.0,0.0,0.0,0.0,0.0,1.0,1.0,0.0,1
2262,0.9753301032070727,-0.5736729733833892,-0.7272680852305132,0.5840807260020958,0.39885376190344024,-0.7059548109652046,-0.4987535469450417,-0.5471351520061194,1.0,0.0,0.0,0.0,0.0,0.0,0.0,1.0,1
1104,0.7797434054506519,-0.5736729733833892,0.12013383216931127,-0.8439895087218553,0.39885376190344024,0.2935601076735926,-0.23227083906427493,-0.3135984581913275,0.0,1.0,0.0,0.0,0.0,0.0,1.0,0.0,1
1634,-0.4662445513174359,-0.5736729733833892,-0.7272680852305132,0.5840807260020958,0.39885376190344024,-0.7059548109652046,-0.3765224881227077,-0.37031991305225975,1.0,0.0,0.0,1.0,0.0,0.0,1.0,0.0,1
4395,-0.7867809413223034,-0.5736729733833892,0.9675357495691358,-1.5580246260838309,0.39885376190344024,1.89072312199332,4.719397936428006,3.191884271417045,1.0,1.0,0.0,0.0,0.0,0.0,1.0,0.0,1
1903,-0.03204818484725373,0.068499264454849,1.3181848188380287,-0.12995439135987974,-2.5071845761908427,1.066380921054106,0.1916994033283333,0.2734595035554711,1.0,1.0,0.0,1.0,0.0,0.0,0.0,1.0,0
692,-0.7240772496078814,0.37204473857965165,0.032471564852088054,-0.12995439135987974,-2.5071845761908427,-0.021750784185656825,0.05193268539755093,0.10497473744371447,0.0,1.0,0.0,1.0,0.0,0.0,0.0,0.0,0
3916,-0.3406846041617929,0.9824591774218643,2.3116905150998917,-2.2720597434458063,0.39885376190344024,6.136085456830273,1.950334891960581,0.5868809511015728,0.0,1.0,1.0,0.0,0.0,0.0,0.0,1.0,0
3315,0.006397874306114473,1.136816851611849,-0.20129448132717387,-0.8439895087218553,0.39885376190344024,-0.04648105021383322,-0.3125466414161377,-0.3910145983650442,0.0,1.0,1.0,0.0,0.0,0.0,1.0,0.0,1
3338,0.08115410043766376,0.22322621537734572,-0.7272680852305132,0.5840807260020958,0.39885376190344024,-0.7059548109652046,-0.47980658984132385,-0.5197271365637278,1.0,0.0,0.0,0.0,0.0,1.0,0.0,0.0,1
1614,-0.3908780702786903,-0.5736729733833892,-0.6980473294581054,-0.8439895087218553,0.39885376190344024,-0.5719992033125822,-0.29819705757739473,-0.37717618926356417,1.0,1.0,0.0,0.0,0.0,0.0,1.0,0.0,1
4259,-0.6712902001353996,-0.5736729733833892,-0.7272680852305132,-0.8439895087218553,0.39885376190344024,-0.6029120358478028,-0.1485073042875508,-0.23281882896635217,0.0,0.0,0.0,0.0,0.0,0.0,0.0,1.0,1
3373,2.1432054318540317,-0.5736729733833892,2.428573538189523,0.5840807260020958,0.39885376190344024,1.5197691315706736,-0.1840317360061788,-0.09186942215564199,0.0,0.0,0.0,0.0,0.0,1.0,1.0,0.0,1
1609,-0.4271882372568714,1.1153988011261573,-0.7272680852305132,0.5840807260020958,0.39885376190344024,-0.7059548109652046,-0.47259953196241694,-0.5093016549120842,1.0,0.0,1.0,0.0,0.0,1.0,0.0,0.0,1
4190,-0.010689263095382508,-0.5736729733833892,-0.7272680852305132,0.5840807260020958,0.39885376190344024,-0.7059548109652046,-0.45215510576337825,-0.4797274522627239,0.0,0.0,0.0,0.0,0.0,0.0,0.0,1.0,1
3655,-0.03647253292442706,1.3469353124111345,1.5811716207896984,0.5840807260020958,0.39885376190344024,0.9221210358897434,-0.061911730557700786,0.08478517081327605,0.0,1.0,0.0,0.0,1.0,0.0,1.0,0.0,1
4356,-0.14067355832819883,-0.5736729733833892,-0.7272680852305132,0.5840807260020958,0.39885376190344024,-0.7059548109652046,-0.43838819059335166,-0.4598127070343123,0.0,0.0,0.0,0.0,1.0,1.0,1.0,0.0,1
2908,-0.5167431448879315,-0.5736729733833892,2.1363659804654453,-0.8439895087218553,0.39885376190344024,2.426545552603809,2.4879035013711452,2.3096752041890687,0.0,1.0,0.0,1.0,0.0,0.0,0.0,0.0,1
4929,-0.371197349521609,-0.5736729733833892,-0.7272680852305132,2.012150960726047,0.39885376190344024,-0.7574761985239055,-0.4374555739200071,-0.4054533275520413,1.0,1.0,1.0,0.0,0.0,0.0,1.0,0.0,1
3940,-0.024419998507299725,-0.5736729733833892,-0.1428529697823584,0.5840807260020958,0.39885376190344024,-0.29378371049559754,-0.2578171697487049,-0.19860488877270052,0.0,1.0,1.0,0.0,0.0,0.0,0.0,1.0,1
1983,0.45493523109541023,-0.5736729733833892,-0.20129448132717387,0.5840807260020958,0.39885376190344024,-0.33500082054255825,-0.36379182312440744,-0.35190417162447857,1.0,0.0,0.0,0.0,1.0,0.0,0.0,1.0,1
2362,-0.8180565053161148,-0.5736729733833892,0.38312063412098096,0.5840807260020958,0.39885376190344024,0.07717027992704895,1.5735571349403914,2.4505980913653884,0.0,1.0,0.0,1.0,0.0,0.0,1.0,0.0,1
3713,-0.9037973197771979,-0.5736729733833892,-0.7272680852305132,0.5840807260020958,-2.5071845761908427,-0.7059548109652046,0.17286650937990042,0.4244072848299177,0.0,1.0,1.0,0.0,0.0,0.0,0.0,1.0,0
29,-0.44610613937995736,-0.5736729733833892,-0.7272680852305132,0.5840807260020958,0.39885376190344024,-0.7059548109652046,-0.38231766591848193,-0.37870301761350966,0.0,1.0,0.0,0.0,1.0,0.0,0.0,1.0,1
3023,0.8474817001494435,-0.5736729733833892,1.9318206900585912,-1.5580246260838309,0.39885376190344024,3.2508877535430227,0.5016669555381114,0.141272101260177,0.0,1.0,1.0,0.0,0.0,0.0,1.0,0.0,1
3378,0.08405281124684628,-0.5736729733833892,0.7922112149346893,-0.8439895087218553,0.39885376190344024,1.0045552559836646,0.2636541364559895,0.16466019878530913,0.0,0.0,0.0,0.0,0.0,0.0,1.0,0.0,1
4521,0.7310755766017454,1.6504807865359372,-0.025969946692727428,0.5840807260020958,0.39885376190344024,-0.21134949040167608,-0.42349694195688464,-0.4382715397455188,0.0,0.0,0.0,0.0,0.0,0.0,0.0,0.0,1
1319,-0.3942344722682701,-0.5736729733833892,2.750001851686008,-0.12995439135987974,0.39885376190344024,2.2781639564347502,1.8026667976086248,2.2154344505052888,1.0,1.0,0.0,0.0,1.0,0.0,1.0,0.0,1
4641,-0.20886954420738765,-0.5736729733833892,-0.7272680852305132,0.5840807260020958,0.39885376190344024,-0.7059548109652046,-0.4294429190969517,-0.4468727854433352,0.0,1.0,0.0,0.0,1.0,0.0,0.0,0.0,1
3757,2.8010602218116656,-0.5736729733833892,1.9025999342861835,0.5840807260020958,-2.5071845761908427,1.1488151411480272,-0.2922005892803019,-0.24834275899246896,0.0,0.0,0.0,0.0,1.0,0.0,1.0,0.0,0
2352,0.2556870038958115,-0.024189195405644272,-0.7272680852305132,0.5840807260020958,0.39885376190344024,-0.7059548109652046,-0.48301657851771923,-0.5243705956020809,0.0,1.0,0.0,0.0,0.0,0.0,0.0,0.0,1
3487,0.23646397431912738,1.1896234243610544,-0.7272680852305132,0.5840807260020958,0.39885376190344024,-0.7059548109652046,-0.49850185804243463,-0.5467710675100406,0.0,1.0,1.0,0.0,0.0,0.0,0.0,0.0,1
2460,-0.24304381901038163,0.884970120038716,-0.7272680852305132,0.5840807260020958,0.39885376190344024,-0.7059548109652046,-0.47735307584390346,-0.5161779677361789,0.0,1.0,0.0,0.0,0.0,0.0,0.0,0.0,1
4015,-0.5681571208192215,-0.5736729733833892,-0.4935020390512513,0.5840807260020958,0.39885376190344024,-0.5410863707773618,-0.17337957198840523,-0.07646036864399722,0.0,0.0,0.0,0.0,0.0,0.0,0.0,1.0,1
2933,0.5702734085555148,1.3018835510446798,-0.7272680852305132,-1.5580246260838309,0.39885376190344024,-0.499869260730401,-0.4651982264419466,-0.5580448310935742,0.0,1.0,0.0,0.0,0.0,1.0,0.0,1.0,1
3570,-0.44885228646234077,-0.5736729733833892,0.8214319707070971,0.5840807260020958,-2.5071845761908427,0.3862986052792542,0.49741064980255845,0.8938816581421618,0.0,1.0,0.0,0.0,0.0,1.0,0.0,1.0,0
3821,-0.10985568551478463,1.2524004688880817,-0.7272680852305132,0.5840807260020958,0.39885376190344024,-0.7059548109652046,-0.48920286378502953,-0.5333194627583911,0.0,1.0,1.0,0.0,0.0,0.0,1.0,0.0,1
4202,-0.6990567984128323,-0.5736729733833892,-0.7272680852305132,-1.5580246260838309,0.39885376190344024,-0.499869260730401,0.02778301719583789,-0.20147998892737526,0.0,1.0,0.0,0.0,0.0,0.0,0.0,1.0,1
3663,-0.07720704797978147,0.9765507497016734,-0.025969946692727428,-0.8439895087218553,0.39885376190344024,0.13899594499748985,-0.23557267527258846,-0.31678267320064063,1.0,1.0,0.0,0.0,0.0,0.0,0.0,0.0,1
2168,-0.4180344136489266,0.8964176987465856,2.633118828596377,-0.8439895087218553,0.39885376190344024,2.9520637057025585,0.9477460506212634,0.824382729948476,0.0,1.0,0.0,0.0,0.0,1.0,0.0,0.0,0
4241,0.49078770689319406,-0.5736729733833892,0.8506527264795047,0.5840807260020958,0.39885376190344024,0.4069071603027345,-0.1375634412142035,-0.024649987696155617,1.0,0.0,0.0,0.0,0.0,0.0,1.0,0.0,1
513,-0.6770876217537647,-0.11466199487106599,-0.7272680852305132,0.5840807260020958,0.39885376190344024,-0.7059548109652046,-0.3699632720067422,-0.36083157697738194,1.0,0.0,0.0,0.0,0.0,0.0,0.0,0.0,1
3280,-0.6635094500686466,-0.5736729733833892,-0.7272680852305132,0.5840807260020958,-2.5071845761908427,-0.7059548109652046,-0.2869664153818283,-0.24077118334302722,0.0,1.0,1.0,0.0,0.0,1.0,0.0,1.0,0
1544,-0.57670068951997,-0.18519385078084372,-0.7272680852305132,-0.8439895087218553,0.39885376190344024,-0.6029120358478028,-0.31165210022696416,-0.39015192338624194,0.0,1.0,0.0,1.0,0.0,0.0,0.0,1.0,1
3750,-0.5705981404480068,-0.5736729733833892,-0.7272680852305132,0.5840807260020958,-2.5071845761908427,-0.7059548109652046,-0.33852670189130546,-0.31535651760699657,0.0,0.0,0.0,1.0,0.0,0.0,1.0,0.0,1
4903,-0.48363681617253107,0.7439064082191604,-0.7272680852305132,-0.8439895087218553,0.39885376190344024,-0.6029120358478028,-0.4138040634458746,-0.48866493069213557,0.0,1.0,0.0,0.0,0.0,0.0,0.0,1.0,1
3554,-0.867792280252615,-0.5736729733833892,-0.7272680852305132,-0.12995439135987974,0.39885376190344024,-0.6647377009182438,0.1360873296307718,0.2064207451969635,1.0,1.0,0.0,0.0,0.0,1.0,1.0,0.0,1
4927,-0.1324351170810485,-0.5736729733833892,-0.7272680852305132,2.012150960726047,0.39885376190344024,-0.7574761985239055,-0.4663814608829008,-0.4612442497019835,0.0,0.0,0.0,0.0,0.0,0.0,0.0,0.0,1
1689,-0.4303920755196521,-0.5736729733833892,-0.7272680852305132,-0.8439895087218553,0.39885376190344024,-0.6029120358478028,-0.30616427784281847,-0.3848595935123241,1.0,0.0,0.0,0.0,0.0,0.0,1.0,0.0,1
2844,-0.14814918094135376,-0.5736729733833892,-0.7272680852305132,0.5840807260020958,0.39885376190344024,-0.7059548109652046,-0.43747438262034133,-0.45849082390033236,0.0,0.0,0.0,0.0,0.0,1.0,0.0,0.0,1
2330,-0.4471740854675509,-0.5736729733833892,-0.7272680852305132,0.5840807260020958,0.39885376190344024,-0.7059548109652046,-0.3820202339158596,-0.37827276272475313,0.0,1.0,0.0,0.0,0.0,0.0,0.0,1.0,1
1103,-0.36936658480002,0.9174664724997654,-0.7272680852305132,0.5840807260020958,-2.5071845761908427,-0.7059548109652046,-0.4712070874492428,-0.5072873926476564,0.0,0.0,0.0,1.0,0.0,0.0,0.0,0.0,1
1265,-0.7979180933786363,-0.4119297645431659,0.7337697033898738,-0.12995439135987974,0.39885376190344024,0.5717756004905774,1.73807743201714,2.137573824484311,0.0,0.0,0.0,0.0,0.0,0.0,0.0,1.0,1
4921,-0.08269934214454835,0.37832244303235435,-0.5519435505960668,0.5840807260020958,0.39885376190344024,-0.5823034808243225,-0.4312657266808064,-0.4495095961002294,0.0,1.0,0.0,0.0,0.0,0.0,0.0,1.0,1
4,-0.4181869773757257,-0.08585840973513581,0.9967565053415435,0.5840807260020958,-2.5071845761908427,0.5099499354201362,0.2741512538589142,0.5709223070344477,0.0,0.0,0.0,0.0,0.0,0.0,0.0,1.0,0
299,0.2009166259749417,2.987631834961619,-0.7272680852305132,0.5840807260020958,0.39885376190344024,-0.7059548109652046,-0.5112518540721653,-0.5652147725419541,0.0,1.0,0.0,0.0,0.0,1.0,0.0,1.0,1
618,0.06177850713418058,-0.5736729733833892,-0.25973599287198934,-0.12995439135987974,0.39885376190344024,-0.269053444467421,-0.2697979901292746,-0.282862355818788,1.0,1.0,0.0,0.0,0.0,1.0,0.0,0.0,1
1323,0.06666054639175115,-0.5736729733833892,3.2759754555893474,0.5840807260020958,0.39885376190344024,2.117417227251604,0.7547340419891693,1.266116812744127,0.0,1.0,0.0,0.0,0.0,0.0,1.0,0.0,0
3512,1.909782929851439,-0.5736729733833892,1.405847086155252,-0.8439895087218553,0.39885376190344024,1.6537247392232959,-0.1336775418755075,-0.21851734667656464,1.0,0.0,0.0,0.0,0.0,0.0,0.0,0.0,1
700,-0.546340507886953,0.6862992379473001,-0.7272680852305132,-1.5580246260838309,0.39885376190344024,-0.499869260730401,-0.3540808667948512,-0.47767555880214735,0.0,1.0,1.0,0.0,0.0,0.0,0.0,1.0,1
2757,-0.6311659399872416,-0.5736729733833892,0.26623761103134996,0.5840807260020958,0.39885376190344024,-0.005263940166872497,0.5078043904578563,0.9089168853200773,0.0,0.0,0.0,0.0,0.0,0.0,0.0,0.0,1
1154,1.7491333255320076,1.0588994610518327,3.1006509209549007,0.5840807260020958,0.39885376190344024,1.9937658971107222,-0.14835971222368302,-0.04026750141765955,0.0,0.0,0.0,0.0,0.0,0.0,0.0,1.0,1
1002,-0.2534181524327191,-0.5736729733833892,2.633118828596377,0.5840807260020958,0.39885376190344024,1.6640290167350362,1.0104906269044083,1.6360854779222789,0.0,0.0,0.0,0.0,0.0,1.0,1.0,0.0,0
1279,-0.4543445806271077,-0.5736729733833892,-0.5811643063684745,0.5840807260020958,-2.5071845761908427,-0.6029120358478028,-0.29629642493078745,-0.2542676537469928,0.0,0.0,0.0,0.0,0.0,0.0,0.0,0.0,1
2157,-0.45831123752388375,-0.5736729733833892,-0.7272680852305132,0.5840807260020958,0.39885376190344024,-0.7059548109652046,-0.3788533477347383,-0.3736916542712254,0.0,1.0,1.0,0.0,0.0,1.0,0.0,1.0,1
4186,3.8703793829464184,-0.5736729733833892,0.26623761103134996,-2.2720597434458063,0.39885376190344024,1.8082889018993986,-0.28389648749772767,-0.490439764389521,0.0,1.0,1.0,0.0,0.0,0.0,1.0,0.0,1
2984,-0.8403308094287806,1.3425039916209915,-0.7272680852305132,0.5840807260020958,0.39885376190344024,-0.7059548109652046,-0.4485050991324699,-0.4744474784095537,1.0,1.0,0.0,0.0,0.0,1.0,1.0,0.0,1
815,-0.8114962650637544,0.5773626018562822,-0.7272680852305132,0.5840807260020958,0.39885376190344024,-0.7059548109652046,-0.4081486103854929,-0.4160691720291162,0.0,1.0,0.0,0.0,0.0,0.0,0.0,1.0,1
544,-0.9361408298586029,-0.5736729733833892,-0.7272680852305132,-0.8439895087218553,0.39885376190344024,-0.6029120358478028,0.8698229511210462,0.7492354823727029,0.0,0.0,0.0,0.0,0.0,0.0,1.0,0.0,1
4158,-0.5940929543750652,-0.5736729733833892,-0.7272680852305132,0.5840807260020958,0.39885376190344024,-0.7059548109652046,-0.3275187204661465,-0.29943275089138427,0.0,0.0,0.0,0.0,0.0,0.0,0.0,0.0,1
4130,-0.422611325452899,-0.5736729733833892,-0.7272680852305132,-0.12995439135987974,0.39885376190344024,-0.6647377009182438,-0.3568424605174086,-0.38779196604208505,0.0,1.0,1.0,0.0,0.0,1.0,1.0,0.0,1
3201,0.013873496919269401,-0.5736729733833892,-0.4935020390512513,0.5840807260020958,0.39885376190344024,-0.5410863707773618,-0.37996116215715275,-0.37529418045158397,1.0,1.0,0.0,1.0,0.0,0.0,1.0,0.0,1
3314,-0.47829708573456325,0.14715520847988908,-0.5811643063684745,-1.5580246260838309,0.39885376190344024,-0.29378371049559754,-0.20522787655670396,-0.37001275488170265,0.0,0.0,1.0,0.0,0.0,0.0,0.0,1.0,1
2469,-0.4056767517782011,-0.5736729733833892,-0.7272680852305132,-1.5580246260838309,0.39885376190344024,-0.499869260730401,-0.238289241622431,-0.3939254707681546,0.0,0.0,0.0,0.0,0.0,0.0,1.0,0.0,1
2615,0.23997294003550623,-0.5736729733833892,-0.2305152370995816,0.5840807260020958,0.39885376190344024,-0.35560937556603855,-0.3406131183647158,-0.3183746558024574,0.0,1.0,0.0,0.0,0.0,0.0,0.0,1.0,1
4392,-0.06790066064503758,0.6334926651980948,-0.7272680852305132,-0.8439895087218553,0.39885376190344024,-0.6029120358478028,-0.4474228778534795,-0.5210861432169944,0.0,1.0,0.0,0.0,1.0,0.0,1.0,0.0,1
2500,0.14370522842528663,-0.5736729733833892,-0.7272680852305132,0.5840807260020958,0.39885376190344024,-0.7059548109652046,-0.46457843258341114,-0.49769860886931827,1.0,1.0,0.0,0.0,0.0,0.0,1.0,0.0,1
1089,-0.39911651152584066,0.37204473857965165,0.7045489476174661,0.5840807260020958,0.39885376190344024,0.30386438518533276,0.013261134576691484,0.19352764788617507,0.0,0.0,0.0,0.0,0.0,0.0,0.0,1.0,1
1863,-0.8548243634746931,0.29449662475214733,1.4642885977000673,-0.8439895087218553,0.39885376190344024,1.715550404293737,1.7510096174355048,1.5990316660296233,1.0,1.0,0.0,1.0,0.0,0.0,1.0,0.0,1
2911,-0.04104944472839946,-0.5736729733833892,-0.20129448132717387,0.5840807260020958,0.39885376190344024,-0.33500082054255825,-0.2726224990958455,-0.22002176817738853,0.0,1.0,0.0,0.0,0.0,0.0,1.0,0.0,1
1800,2.3917317428097333,-0.3454599526910193,2.6623395843687847,0.5840807260020958,0.39885376190344024,1.6846375717585165,-0.19712051175087647,-0.11080319425260216,0.0,1.0,0.0,0.0,1.0,1.0,0.0,1.0,1
4902,-0.7103465141959642,-0.5736729733833892,0.3538998783485732,-1.5580246260838309,0.39885376190344024,1.025163811007145,2.248546060076592,1.4047596684481272,0.0,1.0,1.0,0.0,0.0,1.0,1.0,0.0,1
531,-0.8413987555163741,0.760893137914709,-0.7272680852305132,-0.8439895087218553,0.39885376190344024,-0.6029120358478028,-0.3513178683959344,-0.42840467924419573,0.0,1.0,0.0,0.0,0.0,1.0,1.0,0.0,1
4555,-0.4502253600035325,0.41008024202837995,0.17857534371412676,-0.12995439135987974,0.39885376190344024,0.10190054595522523,-0.06325133682477042,-0.03387629469936081,1.0,0.0,0.0,0.0,0.0,0.0,0.0,1.0,1
2811,-0.5889057876638965,-0.5736729733833892,-0.7272680852305132,2.012150960726047,0.39885376190344024,-0.7574761985239055,-0.3843838926349397,-0.30309110637832165,0.0,1.0,0.0,0.0,0.0,0.0,0.0,1.0,1
469,-0.5667840472780298,-0.5736729733833892,1.6980546438793294,-0.12995439135987974,-2.5071845761908427,1.3878743794203994,1.76475721560629,2.169735537691002,0.0,1.0,0.0,1.0,0.0,0.0,1.0,0.0,0
4321,-0.3516691924913267,-0.5736729733833892,-0.7272680852305132,-1.5580246260838309,0.39885376190344024,-0.499869260730401,-0.2625460644457537,-0.41147001290454144,1.0,1.0,0.0,0.0,0.0,0.0,1.0,0.0,1
2887,1.236824330940696,0.6105975077823554,-0.7272680852305132,0.5840807260020958,0.39885376190344024,-0.7059548109652046,-0.511955528775723,-0.5662326841272263,0.0,1.0,0.0,0.0,0.0,0.0,1.0,0.0,1
2365,1.5176941519778029,-0.5736729733833892,0.6461074360726506,0.5840807260020958,0.39885376190344024,0.2626472751383721,-0.3289430991687341,-0.3014932080541164,0.0,1.0,0.0,0.0,0.0,1.0,1.0,0.0,1
567,-0.7051593474847955,-0.5736729733833892,-0.7272680852305132,0.5840807260020958,0.39885376190344024,-0.7059548109652046,-0.2545615378641315,-0.19389540384176032,0.0,1.0,1.0,0.0,0.0,0.0,1.0,0.0,1
1189,-0.6943273228820608,-0.5736729733833892,-0.4935020390512513,-0.8439895087218553,0.39885376190344024,-0.35560937556603855,0.21846700895186072,0.12108277078809067,1.0,1.0,0.0,0.0,0.0,0.0,0.0,0.0,1
4610,-0.24823098572155036,-0.27972869430389663,-0.7272680852305132,0.5840807260020958,0.39885376190344024,-0.7059548109652046,-0.4400455649537572,-0.462210207689175,0.0,1.0,0.0,0.0,0.0,1.0,0.0,0.0,1
2024,-0.9729086880171812,-0.5736729733833892,-0.7272680852305132,-1.5580246260838309,0.39885376190344024,-0.499869260730401,2.3795823862223098,1.4995359861137054,0.0,1.0,0.0,0.0,0.0,1.0,1.0,0.0,1
967,2.1271862405401283,-0.5736729733833892,3.2467546998169396,-0.12995439135987974,0.39885376190344024,2.6985784789137504,-0.005165372980206825,0.03614466721214325,1.0,1.0,0.0,0.0,0.0,0.0,0.0,0.0,1
1647,0.6099399775232757,0.8413954656023088,1.8441584227413679,0.5840807260020958,-2.5071845761908427,1.1075980311010667,-0.11749924687907462,0.004374184637482552,0.0,1.0,1.0,0.0,0.0,0.0,1.0,0.0,0
1496,2.861322893897302,0.29375807128712345,0.5292244129830197,0.5840807260020958,0.39885376190344024,0.18021305504445068,-0.4254333962350025,-0.44107274779531835,0.0,1.0,0.0,0.0,0.0,0.0,0.0,0.0,1
4769,0.378348240242272,0.11687451641391122,1.6980546438793294,2.012150960726047,0.39885376190344024,0.5254063516877465,-0.14606383819234173,0.15656966811178452,0.0,0.0,0.0,0.0,1.0,0.0,0.0,1.0,1
3957,-0.42078056073131004,-0.5736729733833892,-0.7272680852305132,-0.12995439135987974,0.39885376190344024,-0.6647377009182438,-0.35740593996597375,-0.3884712243412411,1.0,1.0,1.0,0.0,0.0,0.0,0.0,0.0,1
3714,0.6457924533210595,-0.5736729733833892,-0.4935020390512513,0.5840807260020958,0.39885376190344024,-0.5410863707773618,-0.4427270505205913,-0.4660891523356438,0.0,1.0,0.0,1.0,0.0,0.0,0.0,0.0,1
2695,1.3166151600566152,-0.5736729733833892,-0.05519070246513517,-0.8439895087218553,-2.5071845761908427,0.1080831124622694,-0.3414989074112503,-0.4189354987728663,0.0,1.0,0.0,0.0,0.0,0.0,0.0,1.0,1
2265,0.9066764261474867,-0.5736729733833892,-0.4935020390512513,2.012150960726047,0.39885376190344024,-0.6338248683830233,-0.47941407392619245,-0.4863809551257908,0.0,1.0,1.0,0.0,0.0,1.0,0.0,0.0,1
2206,1.4182226021048026,-0.5736729733833892,3.305196211361755,-0.8439895087218553,0.39885376190344024,3.66305885401263,0.33783942274857603,0.23620278514627785,1.0,0.0,0.0,0.0,0.0,1.0,0.0,1.0,1
3886,-0.9105101237563574,-0.5736729733833892,0.5876659245278352,-0.8439895087218553,0.39885376190344024,0.788165428237121,5.703062190044738,5.410300404197703,0.0,1.0,1.0,0.0,0.0,0.0,0.0,1.0,1
2528,2.8457613937637958,0.5389578216750419,0.3538998783485732,-1.5580246260838309,0.39885376190344024,1.025163811007145,-0.33535580308859997,-0.46413204275333564,0.0,1.0,1.0,0.0,0.0,0.0,1.0,0.0,1
1356,-0.5554943314948978,0.4141422860860111,0.5000036572106119,-0.8439895087218553,-2.5071845761908427,0.6954269306314594,0.3092355347386137,0.20861785246648426,0.0,1.0,0.0,0.0,0.0,0.0,0.0,0.0,1
2087,-0.3736383691503943,0.08068539662774253,-0.025969946692727428,-1.5580246260838309,0.39885376190344024,0.4893413803966559,0.1642548452721098,-0.10277226633924773,0.0,1.0,0.0,0.0,0.0,0.0,1.0,0.0,1
503,0.13653473326572987,-0.5736729733833892,-0.7272680852305132,0.5840807260020958,0.39885376190344024,-0.7059548109652046,-0.46407366565886815,-0.49696843042499333,1.0,1.0,1.0,0.0,0.0,0.0,1.0,0.0,1
152,-0.6046198515242016,-0.5736729733833892,-0.25973599287198934,0.5840807260020958,-2.5071845761908427,-0.37621793058951886,0.03810512822351717,0.22946611324477675,0.0,0.0,0.0,0.0,0.0,0.0,1.0,0.0,0
1477,0.008991457661698836,-0.5736729733833892,-0.7272680852305132,0.5840807260020958,0.39885376190344024,-0.7059548109652046,-0.4539421042343242,-0.48231246269047257,0.0,0.0,0.0,0.0,0.0,0.0,1.0,0.0,1
886,0.1563680177496103,-0.02640485580071582,3.0129886536376778,0.5840807260020958,-2.5071845761908427,1.9319402320402808,0.40359967901508254,0.758177939495733,0.0,0.0,0.0,0.0,0.0,1.0,0.0,1.0,0
3712,-0.10100698936043798,-0.5736729733833892,-0.1428529697823584,-2.2720597434458063,0.39885376190344024,0.9427295909132237,0.3921978788106057,-0.16443482454869518,0.0,1.0,1.0,0.0,0.0,0.0,1.0,0.0,1
2815,0.3983340884529515,-0.5736729733833892,0.032471564852088054,0.5840807260020958,0.39885376190344024,-0.17013238035471537,-0.3020444378009707,-0.26258253115166763,0.0,1.0,0.0,0.0,0.0,0.0,0.0,0.0,1
1050,-0.5852442582207185,0.15084797580500836,0.7337697033898738,-0.8439895087218553,0.39885376190344024,0.9427295909132237,0.622627553253257,0.51084591775957,0.0,1.0,0.0,0.0,0.0,0.0,0.0,1.0,1
271,-0.8021898777290105,-0.5736729733833892,-0.7272680852305132,0.5840807260020958,0.39885376190344024,-0.7059548109652046,-0.13502338271124822,-0.020975626568272145,0.0,0.0,0.0,0.0,0.0,0.0,0.0,1.0,1
2658,-0.17957730866196428,1.1774372921881608,-0.7272680852305132,0.5840807260020958,0.39885376190344024,-0.7059548109652046,-0.48550330574932654,-0.5279678095500416,0.0,1.0,0.0,0.0,0.0,0.0,1.0,0.0,1
3288,-0.5861596405815129,-0.05927048499427718,-0.3181775044168048,-0.8439895087218553,-2.5071845761908427,-0.17013238035471537,-0.017762132502399938,-0.10673118799092643,0.0,1.0,0.0,0.0,0.0,0.0,1.0,0.0,1
2766,-0.31001929507517784,0.034895081796263785,-0.7272680852305132,-0.8439895087218553,0.39885376190344024,-0.6029120358478028,-0.3975624433290073,-0.47300188525654574,1.0,1.0,1.0,0.0,0.0,0.0,0.0,0.0,1
3384,0.7763870034610721,-0.5736729733833892,-0.7272680852305132,0.5840807260020958,0.39885376190344024,-0.7059548109652046,-0.493425945090427,-0.5394284266938241,0.0,0.0,0.0,0.0,0.0,0.0,0.0,1.0,1
4591,-0.16264273498726636,-0.5736729733833892,-0.522722794823659,0.5840807260020958,-2.5071845761908427,-0.561694925800842,-0.3574444879489261,-0.34272233521901735,0.0,1.0,1.0,0.0,0.0,0.0,0.0,0.0,1
976,-0.517658527248726,1.2084565377191625,-0.7272680852305132,0.5840807260020958,0.39885376190344024,-0.7059548109652046,-0.46950771752002335,-0.5048291426496532,0.0,0.0,0.0,0.0,0.0,0.0,0.0,0.0,1
797,0.2535511117206244,1.8923570463312482,0.8506527264795047,0.5840807260020958,0.39885376190344024,0.4069071603027345,-0.2760929936090279,-0.22504206598507046,0.0,1.0,0.0,1.0,0.0,0.0,0.0,0.0,1
4234,-0.8250744367488725,-0.5736729733833892,0.09091307639690353,-0.12995439135987974,0.39885376190344024,0.027709747870696057,1.533337423780029,1.8907656221293538,0.0,1.0,0.0,1.0,0.0,0.0,0.0,1.0,1
296,0.5000940942279379,-0.5736729733833892,-0.7272680852305132,-1.5580246260838309,0.39885376190344024,-0.499869260730401,-0.42009483046791135,-0.5254223216691429,0.0,1.0,1.0,0.0,0.0,0.0,1.0,0.0,1
1940,-0.08056344996936123,-0.5736729733833892,0.9675357495691358,-1.5580246260838309,0.39885376190344024,1.89072312199332,0.8421758317780582,0.3875563063483006,0.0,0.0,0.0,0.0,0.0,0.0,1.0,0.0,1
1902,0.876773935694867,-0.5736729733833892,0.26623761103134996,0.5840807260020958,0.39885376190344024,-0.005263940166872497,-0.32237672451856325,-0.29199451669026166,0.0,0.0,0.0,1.0,0.0,0.0,1.0,0.0,1
3588,0.9814326522790359,-0.5736729733833892,2.1363659804654453,0.5840807260020958,0.39885376190344024,1.31368358133587,-0.02367844948035871,0.14009211812121417,0.0,1.0,0.0,0.0,0.0,0.0,0.0,1.0,1
1620,-0.21893875017612696,-0.5736729733833892,2.399352782417115,0.5840807260020958,0.39885376190344024,1.4991605765471934,0.8495431547738789,1.4032644092187538,0.0,1.0,0.0,0.0,1.0,0.0,1.0,0.0,1
960,0.2140371064796626,0.09250225206812414,-0.7272680852305132,0.5840807260020958,0.39885376190344024,-0.7059548109652046,-0.4832927594516526,-0.5247701094269501,1.0,0.0,0.0,0.0,0.0,1.0,1.0,0.0,1
1959,-0.14341970541058227,-0.5736729733833892,-0.4935020390512513,2.012150960726047,0.39885376190344024,-0.6338248683830233,-0.39978592437201477,-0.3327978377465386,0.0,1.0,0.0,0.0,0.0,0.0,0.0,0.0,1
1578,-0.6232326261936895,2.6630375870836365,-0.7272680852305132,2.012150960726047,0.39885376190344024,-0.7574761985239055,-0.5054775675366834,-0.5366510244530944,0.0,0.0,0.0,0.0,1.0,1.0,0.0,1.0,1
4296,-0.717517009355521,2.1490043754270363,-0.7272680852305132,-0.12995439135987974,0.39885376190344024,-0.6647377009182438,-0.46611842717344243,-0.5195210068055376,0.0,0.0,0.0,0.0,0.0,1.0,0.0,1.0,1
2539,-0.2563168632419016,0.6752209359719423,-0.7272680852305132,-0.8439895087218553,0.39885376190344024,-0.6029120358478028,-0.4342547826947714,-0.508387134664466,0.0,1.0,0.0,0.0,0.0,1.0,0.0,1.0,1
2683,0.30664328864670426,-0.5736729733833892,-0.20129448132717387,0.5840807260020958,0.39885376190344024,-0.33500082054255825,-0.343572042098974,-0.3226549329444527,0.0,0.0,0.0,0.0,0.0,0.0,0.0,1.0,1
4713,-0.04226995454279211,0.19368407677639168,2.954547142092862,0.5840807260020958,0.39885376190344024,1.89072312199332,0.4666037677691416,0.8493174838590977,0.0,1.0,0.0,0.0,1.0,1.0,0.0,1.0,1
684,-0.7577938332304781,-0.5736729733833892,0.7045489476174661,0.5840807260020958,0.39885376190344024,0.30386438518533276,1.502677195312844,2.348065612443673,0.0,1.0,0.0,0.0,0.0,0.0,0.0,0.0,1
569,-0.47387273765738996,3.8358604895415116,-0.20129448132717387,0.5840807260020958,0.39885376190344024,-0.33500082054255825,-0.4324528886583727,-0.4512269037204261,0.0,1.0,0.0,1.0,0.0,1.0,0.0,1.0,1
4169,-0.6156044398537355,-0.5736729733833892,0.23701685525894223,-1.5580246260838309,-2.5071845761908427,0.8602953708193023,1.4393930295213158,0.8195132187064629,0.0,0.0,0.0,0.0,0.0,0.0,0.0,1.0,0
4696,0.0878669044168233,-0.5736729733833892,-0.25973599287198934,0.5840807260020958,-2.5071845761908427,-0.37621793058951886,-0.3214150834724419,-0.29060343988052106,1.0,0.0,0.0,0.0,0.0,0.0,0.0,1.0,0
3331,-0.82217572593969,1.3122232995550136,1.376626330382844,0.5840807260020958,0.39885376190344024,0.7778611507253809,0.2588919263132705,0.5488486894755917,0.0,0.0,0.0,0.0,0.0,1.0,1.0,0.0,0
4772,0.21693581728884512,0.0991492332533388,1.2013017957483976,-0.12995439135987974,0.39885376190344024,0.9674598569414002,0.03504646535469819,0.08461888394330752,0.0,0.0,0.0,0.0,0.0,0.0,1.0,0.0,1
51,-0.48882398288369977,-0.5736729733833892,-0.2305152370995816,0.5840807260020958,0.39885376190344024,-0.35560937556603855,-0.06714003997692002,0.07722207851749818,0.0,1.0,0.0,0.0,0.0,0.0,0.0,0.0,1
2068,1.3004434050159126,-0.5736729733833892,-0.2889567486443971,-0.8439895087218553,-2.5071845761908427,-0.1392195478194948,-0.3903346605263217,-0.46603157751492646,0.0,1.0,0.0,1.0,0.0,0.0,1.0,0.0,0
991,-0.8934229863548604,-0.5736729733833892,-0.6688265736856978,0.5840807260020958,0.39885376190344024,-0.6647377009182438,0.2556962871065837,0.5442259878857941,1.0,1.0,0.0,0.0,0.0,0.0,0.0,1.0,0
891,0.08527332106123893,-0.11540054833608983,0.9090942380243203,0.5840807260020958,-2.5071845761908427,0.4481242703496953,-0.055248925463841775,0.09442335513503705,0.0,1.0,0.0,0.0,0.0,1.0,0.0,0.0,1
261,-0.3249705403014877,1.0249260016607358,-0.7272680852305132,-1.5580246260838309,0.39885376190344024,-0.499869260730401,-0.4048586566396777,-0.5144022595747065,0.0,1.0,1.0,0.0,0.0,0.0,0.0,0.0,1
1845,-0.7103465141959642,0.2114093599369641,-0.7272680852305132,-0.8439895087218553,0.39885376190344024,-0.6029120358478028,-0.32254257730934555,-0.40065444937374745,0.0,1.0,0.0,0.0,1.0,0.0,0.0,0.0,1
3536,0.2508049646382409,0.5190168781193979,0.23701685525894223,0.5840807260020958,-2.5071845761908427,-0.02587249519035291,-0.3054601059960979,-0.2675235190963631,0.0,1.0,0.0,0.0,0.0,1.0,0.0,1.0,0
2008,0.23066655270076233,-0.5736729733833892,-0.5811643063684745,-0.12995439135987974,0.39885376190344024,-0.5410863707773618,-0.4085298254464121,-0.4500996006486941,0.0,1.0,0.0,0.0,0.0,0.0,1.0,0.0,1
3543,-0.723161867247087,-0.5736729733833892,1.0259772611139513,0.5840807260020958,0.39885376190344024,0.5305584904436167,1.618935511494402,2.5162408876484355,0.0,1.0,0.0,0.0,0.0,0.0,0.0,1.0,0
3844,1.6759027366684491,-0.5736729733833892,-0.7272680852305132,2.012150960726047,-2.5071845761908427,-0.7574761985239055,-0.5203235419916828,-0.5652852580764721,0.0,0.0,1.0,0.0,0.0,1.0,0.0,0.0,0
4223,0.8850123769420173,-0.5736729733833892,-0.7272680852305132,-2.2720597434458063,-2.5071845761908427,-0.29378371049559754,-0.39462925746397753,-0.5438338345226127,0.0,1.0,0.0,1.0,0.0,0.0,1.0,0.0,1
4879,0.5864451635962173,0.7601545844496852,0.12013383216931127,0.5840807260020958,0.39885376190344024,-0.10830671528427435,-0.37182931154013665,-0.36353092548318255,1.0,1.0,0.0,0.0,0.0,0.0,1.0,0.0,1
4181,-0.5410007774489852,-0.5736729733833892,-0.7272680852305132,2.012150960726047,0.39885376190344024,-0.7574761985239055,-0.4000366999462619,-0.3332815221555206,0.0,0.0,0.0,1.0,0.0,0.0,0.0,0.0,1
2082,-0.8037155149970013,-0.5736729733833892,-0.7272680852305132,0.5840807260020958,0.39885376190344024,-0.7059548109652046,-0.1323594999937894,-0.01712214559730915,0.0,1.0,0.0,0.0,0.0,0.0,0.0,1.0,1
1719,-0.5106405958159682,0.4817199281356935,1.9902622016034066,-2.2720597434458063,0.39885376190344024,5.4560031410554215,2.5903273485004417,0.8954779646103482,0.0,1.0,0.0,0.0,0.0,0.0,1.0,0.0,1
4561,1.9264123760725387,0.8214545220466648,0.7629904591622816,-0.8439895087218553,0.39885376190344024,0.9736424234484442,-0.2942332443069496,-0.3733535787784994,0.0,1.0,0.0,0.0,0.0,0.0,1.0,0.0,1
366,-0.14280945050338595,0.22174910844729803,0.7337697033898738,0.5840807260020958,0.39885376190344024,0.32447294020881307,-0.06757840826680192,0.07658795005070708,0.0,0.0,0.0,0.0,0.0,1.0,0.0,1.0,1
1692,0.4656146919713458,-0.5736729733833892,-0.7272680852305132,2.012150960726047,-2.5071845761908427,-0.7574761985239055,-0.49856255012536027,-0.5233136564907733,0.0,0.0,0.0,0.0,0.0,0.0,1.0,0.0,1
4468,-0.22275284334610396,-0.5736729733833892,-0.4058397717340281,0.5840807260020958,0.39885376190344024,-0.4792607057069206,-0.2954900673426581,-0.25310120463822255,0.0,1.0,0.0,0.0,0.0,0.0,1.0,0.0,1
3085,-0.07903781270137043,-0.5736729733833892,-0.7272680852305132,0.5840807260020958,0.39885376190344024,-0.7059548109652046,-0.44538052334332445,-0.46992757471150726,0.0,1.0,0.0,0.0,0.0,0.0,1.0,0.0,1
104,-0.38080886430995103,0.39457061926287906,-0.7272680852305132,0.5840807260020958,0.39885376190344024,-0.7059548109652046,-0.4548440304299954,-0.48361715805466915,0.0,1.0,0.0,0.0,0.0,1.0,0.0,0.0,1
534,-0.5947032092822614,-0.5736729733833892,-0.7272680852305132,-0.8439895087218553,0.39885376190344024,-0.6029120358478028,-0.2171297620631954,-0.2989967512615255,1.0,1.0,1.0,0.0,0.0,1.0,0.0,1.0,1
898,0.9286456028065542,0.13016847878434054,1.8733791785137757,0.5840807260020958,0.39885376190344024,1.128206586124547,-0.11789262193898516,0.0038051418271959434,0.0,1.0,0.0,0.0,0.0,0.0,1.0,0.0,1
2832,1.5781093877902386,-0.07662649142233767,0.17857534371412676,-2.2720597434458063,0.39885376190344024,1.6228119066880755,-0.12037454395834614,-0.41159136093765825,1.0,0.0,1.0,0.0,0.0,0.0,0.0,1.0,1
3773,-0.6316236311676389,1.6357097172354602,-0.5519435505960668,-0.12995439135987974,0.39885376190344024,-0.5163561047491853,-0.4049343761621835,-0.445765389752936,0.0,1.0,0.0,0.0,0.0,0.0,0.0,1.0,1
510,-0.10894030315399014,-0.5736729733833892,-0.7272680852305132,-0.8439895087218553,-2.5071845761908427,-0.6029120358478028,-0.3894595435035724,-0.4651876347561283,0.0,1.0,0.0,0.0,0.0,0.0,0.0,1.0,0
4818,0.19893329752655367,-0.5736729733833892,-0.7272680852305132,-1.5580246260838309,0.39885376190344024,-0.499869260730401,-0.3891483457028427,-0.5030392622763948,0.0,1.0,0.0,0.0,1.0,0.0,0.0,1.0,0
4747,-0.7254503231490732,-0.5736729733833892,3.188313188272124,0.5840807260020958,0.39885376190344024,2.0555915621811627,3.941487723433895,5.875964907824073,0.0,0.0,0.0,0.0,0.0,1.0,0.0,1.0,1
3141,-0.9031870648700016,-0.5736729733833892,-0.7272680852305132,-0.8439895087218553,0.39885376190344024,-0.6029120358478028,0.5281728152338795,0.4197559376615996,0.0,0.0,1.0,0.0,0.0,1.0,0.0,0.0,0
2283,-0.6978362885984396,0.6763287661694781,0.7337697033898738,0.5840807260020958,-2.5071845761908427,0.32447294020881307,0.13766636585630224,0.37348796981865057,0.0,1.0,0.0,0.0,0.0,0.0,1.0,0.0,1
2573,-0.3196308098635199,-0.5736729733833892,0.09091307639690353,0.5840807260020958,0.39885376190344024,-0.12891527030775465,-0.030258410847586813,0.13057377268051346,0.0,0.0,0.0,1.0,0.0,0.0,0.0,0.0,1
965,1.3330920425509158,-0.5736729733833892,2.4577942939619306,0.5840807260020958,0.39885376190344024,1.5403776865941539,-0.05585298016711076,0.09354955041037247,1.0,0.0,0.0,0.0,0.0,0.0,0.0,0.0,1
4712,0.0007530164145485056,-0.5736729733833892,-0.7272680852305132,-0.12995439135987974,0.39885376190344024,-0.6647377009182438,-0.4343642546863975,-0.48124226345548116,0.0,0.0,0.0,0.0,0.0,0.0,1.0,0.0,1
1638,2.864526732160083,-0.5736729733833892,1.8733791785137757,0.5840807260020958,0.39885376190344024,1.128206586124547,-0.29885918969470326,-0.2579748609697736,0.0,1.0,0.0,0.0,1.0,1.0,0.0,1.0,1
3847,-0.5220828753258993,2.8166567078085976,-0.08441145823754291,0.5840807260020958,0.39885376190344024,-0.2525666004486368,-0.3839008083623404,-0.38099313693511105,0.0,0.0,0.0,0.0,0.0,0.0,1.0,0.0,1
552,0.8685354944477166,3.4399958322887274,2.0194829573758146,0.5840807260020958,0.39885376190344024,1.2312493612419488,-0.261581061796087,-0.20404960534610225,1.0,1.0,0.0,0.0,0.0,1.0,1.0,0.0,1
4466,0.4402891133226985,0.6608191434039773,-0.7272680852305132,-1.5580246260838309,0.39885376190344024,-0.499869260730401,-0.448891703482053,-0.54625060390844,0.0,1.0,0.0,0.0,0.0,0.0,0.0,1.0,1
555,-0.5005713898472289,-0.5736729733833892,-0.7272680852305132,0.5840807260020958,0.39885376190344024,-0.7059548109652046,-0.36564674941506675,-0.35458744409617865,1.0,1.0,0.0,0.0,0.0,0.0,0.0,1.0,1
1579,-0.6477953862083413,0.1877756490562009,-0.7272680852305132,0.5840807260020958,0.39885376190344024,-0.7059548109652046,-0.4086897133012508,-0.41685191286659373,0.0,1.0,0.0,0.0,1.0,0.0,1.0,0.0,1
3343,0.9660237158723288,2.1050604442581173,-0.6980473294581054,-0.8439895087218553,0.39885376190344024,-0.5719992033125822,-0.4954329575613886,-0.5673859614876063,1.0,1.0,1.0,0.0,0.0,1.0,1.0,0.0,1
3559,-0.7747284069051761,0.6216758097577132,-0.7272680852305132,0.5840807260020958,0.39885376190344024,-0.7059548109652046,-0.4182525335880664,-0.4306851592638439,0.0,1.0,0.0,0.0,0.0,0.0,1.0,0.0,1
2064,-0.11275439632396715,-0.5736729733833892,-0.7272680852305132,-0.8439895087218553,0.39885376190344024,-0.6029120358478028,-0.3888098278384815,-0.4645610638900874,0.0,1.0,0.0,1.0,0.0,1.0,1.0,0.0,1
3262,-0.6763248031197694,2.01347981459516,1.727275399651737,0.5840807260020958,0.39885376190344024,1.025163811007145,0.0958312527723666,0.31297073640950807,1.0,1.0,0.0,0.0,0.0,1.0,0.0,1.0,1
1678,0.6265694237443754,-0.5736729733833892,0.6753281918450583,0.5840807260020958,0.39885376190344024,0.2832558301618524,-0.2062469879168234,-0.12400524027622511,0.0,0.0,0.0,0.0,1.0,1.0,1.0,0.0,1
3974,-0.043337900630385666,-0.5736729733833892,-0.7272680852305132,-0.12995439135987974,0.39885376190344024,-0.6647377009182438,-0.4293634674992146,-0.47521395806145705,0.0,0.0,0.0,1.0,0.0,0.0,0.0,1.0,1
942,0.22151272909281752,-0.5736729733833892,-0.7272680852305132,2.012150960726047,0.39885376190344024,-0.7574761985239055,-0.4891131302417594,-0.5050880494501188,0.0,1.0,0.0,0.0,0.0,0.0,0.0,1.0,1
4692,0.5650862418443461,-0.5736729733833892,-0.7272680852305132,2.012150960726047,0.39885376190344024,-0.7574761985239055,-0.5015888885251727,-0.5291507189905302,0.0,0.0,0.0,0.0,0.0,0.0,0.0,1.0,1
1162,-0.7931886178478648,0.3303164678058041,-0.7272680852305132,0.5840807260020958,0.39885376190344024,-0.7059548109652046,-0.38934298786971977,-0.38886560633280925,0.0,1.0,0.0,0.0,1.0,0.0,0.0,1.0,1
1999,-0.6267415919100683,-0.5736729733833892,-0.7272680852305132,0.5840807260020958,0.39885376190344024,-0.7059548109652046,-0.3101431764195245,-0.2742978874437691,0.0,0.0,0.0,0.0,0.0,1.0,0.0,1.0,1
220,3.737038685724022,1.1386632352744086,1.4642885977000673,0.5840807260020958,0.39885376190344024,0.8396868157958219,-0.3954784611318773,-0.3977409705928886,0.0,1.0,0.0,0.0,0.0,0.0,1.0,0.0,1
92,-0.6122480378641557,0.31776105890039863,-0.7272680852305132,0.5840807260020958,0.39885376190344024,-0.7059548109652046,-0.4242429216072659,-0.43935064820950265,1.0,1.0,0.0,0.0,0.0,0.0,1.0,0.0,1
3668,-0.37073965834121175,-0.5736729733833892,-0.7272680852305132,0.5840807260020958,0.39885376190344024,-0.7059548109652046,-0.4009102177103106,-0.40559836254063314,0.0,0.0,0.0,0.0,1.0,0.0,0.0,0.0,1
4970,1.5074723822822644,-0.5736729733833892,2.6623395843687847,0.5840807260020958,0.39885376190344024,1.6846375717585165,-0.06256675557875786,0.08383763418277612,1.0,0.0,0.0,0.0,0.0,0.0,1.0,0.0,1
530,0.20991788585608742,-0.1630372468301282,-0.7272680852305132,-0.8439895087218553,0.39885376190344024,-0.6029120358478028,-0.4438126275698541,-0.5176045007564896,0.0,1.0,0.0,1.0,0.0,0.0,0.0,1.0,1
1170,0.33608808791892675,-0.5736729733833892,1.5811716207896984,-0.8439895087218553,0.39885376190344024,1.839201734434619,0.4035985328934812,0.2996193607460197,0.0,1.0,0.0,1.0,0.0,0.0,1.0,0.0,1
696,-0.06652758710384585,-0.5736729733833892,-0.4935020390512513,-0.12995439135987974,0.39885376190344024,-0.4668955726928325,-0.3298787442042407,-0.3552879800875912,0.0,0.0,0.0,0.0,0.0,0.0,1.0,0.0,1
2037,-0.5408482137221862,-0.5736729733833892,-0.7272680852305132,0.5840807260020958,0.39885376190344024,-0.7059548109652046,-0.3509781896531825,-0.33336841086194613,1.0,1.0,0.0,0.0,1.0,0.0,1.0,0.0,1
2564,-0.6735786560373859,0.31259118464523167,-0.7272680852305132,0.5840807260020958,0.39885376190344024,-0.7059548109652046,-0.41357218751043057,-0.423914731861208,0.0,1.0,0.0,0.0,0.0,0.0,0.0,0.0,1
4438,-0.46883813467302027,0.8554279814377619,-0.7272680852305132,-0.12995439135987974,0.39885376190344024,-0.6647377009182438,-0.44612286663549466,-0.49541693259970243,0.0,1.0,1.0,0.0,0.0,0.0,0.0,1.0,1
944,2.2451180013558174,-0.5736729733833892,1.5811716207896984,-2.2720597434458063,0.39885376190344024,4.590443830069246,0.2492811255381907,-0.2333476418632706,0.0,1.0,0.0,0.0,0.0,1.0,1.0,0.0,0
3320,-0.16264273498726636,-0.5736729733833892,-0.7272680852305132,-1.5580246260838309,-2.5071845761908427,-0.499869260730401,-0.3239242633445246,-0.45586380695903894,0.0,1.0,0.0,0.0,0.0,1.0,1.0,0.0,0
3680,-0.7336887643962234,0.4204199905387139,-0.4935020390512513,-1.5580246260838309,0.39885376190344024,-0.17013238035471537,-0.05518227676656818,-0.2614873570144119,0.0,0.0,1.0,0.0,0.0,0.0,1.0,0.0,1
413,1.0439837802666587,-0.5736729733833892,1.2013017957483976,-0.12995439135987974,0.39885376190344024,0.9674598569414002,-0.1184199359140702,-0.10038045714865892,0.0,1.0,0.0,0.0,0.0,0.0,1.0,0.0,1
1954,-0.5742596698911847,-0.5736729733833892,0.5876659245278352,0.5840807260020958,0.39885376190344024,0.2214301650914113,0.6104025738430344,1.0573318829995992,1.0,1.0,0.0,1.0,0.0,0.0,1.0,0.0,1
3394,2.5932684259113183,0.6995932003177294,3.217533944044532,-1.5580246260838309,0.39885376190344024,5.064440595609295,0.1360371880595734,-0.12318161176594819,1.0,1.0,0.0,1.0,0.0,0.0,0.0,0.0,1
4332,0.33151117611495434,-0.5736729733833892,-0.7272680852305132,-0.12995439135987974,0.39885376190344024,-0.6647377009182438,-0.4616248040674672,-0.5141040731519937,0.0,1.0,0.0,0.0,1.0,0.0,1.0,0.0,1
4316,-0.7356720928446115,-0.5736729733833892,-0.17207372555476613,0.5840807260020958,0.39885376190344024,-0.31439226551907784,0.3869936396244509,0.7341562149748025,0.0,1.0,1.0,0.0,0.0,0.0,0.0,1.0,1
2574,5.06266490788123,-0.5736729733833892,1.5227301092448828,0.5840807260020958,0.39885376190344024,0.8809039258427825,-0.40765499105426906,-0.41535511930926333,0.0,0.0,0.0,0.0,0.0,0.0,1.0,0.0,1
215,0.3362406516457258,-0.5736729733833892,-0.7272680852305132,-0.8439895087218553,0.39885376190344024,-0.6029120358478028,-0.4405513567112799,-0.514459406038841,0.0,1.0,0.0,1.0,0.0,0.0,0.0,0.0,1
4146,-0.016791812167345717,-0.5736729733833892,-0.7272680852305132,-0.8439895087218553,0.39885376190344024,-0.6029120358478028,-0.4036843365035214,-0.47890569843862235,0.0,1.0,0.0,0.0,0.0,0.0,1.0,0.0,1
4204,-0.22076951489771593,-0.11983186912623293,-0.7272680852305132,0.5840807260020958,0.39885376190344024,-0.7059548109652046,-0.45001883362055434,-0.47663719457336756,0.0,1.0,0.0,0.0,1.0,0.0,0.0,1.0,1
2421,0.8712816415301,0.34730319750135263,-0.4935020390512513,0.5840807260020958,0.39885376190344024,-0.5410863707773618,-0.470403695009055,-0.5061252328197521,0.0,1.0,0.0,0.0,0.0,0.0,0.0,1.0,1
149,-0.08895445494331064,-0.5736729733833892,-0.7272680852305132,0.5840807260020958,0.39885376190344024,-0.7059548109652046,-0.444316705958119,-0.468388693129521,1.0,1.0,0.0,0.0,0.0,0.0,1.0,0.0,1
2770,-0.4038459870566121,0.2823104925792538,-0.7272680852305132,-0.8439895087218553,0.39885376190344024,-0.6029120358478028,-0.39883277616737134,-0.4742269650713946,0.0,0.0,0.0,0.0,0.0,0.0,0.0,0.0,1
542,0.10571686045231567,-0.5736729733833892,0.7337697033898738,-2.2720597434458063,0.39885376190344024,2.7974995430264555,0.9926898057488515,0.1251154871708472,0.0,1.0,0.0,0.0,0.0,0.0,0.0,1.0,0
3386,-0.6496261509299303,-0.5736729733833892,-0.7272680852305132,-0.12995439135987974,0.39885376190344024,-0.6647377009182438,-0.24599869559074278,-0.25417298947096306,1.0,0.0,0.0,0.0,0.0,0.0,0.0,1.0,1
643,-0.814547539599736,0.2287653663650246,-0.4935020390512513,-1.5580246260838309,0.39885376190344024,-0.17013238035471537,0.08627757199700897,-0.15917188497933474,0.0,1.0,0.0,0.0,0.0,0.0,0.0,1.0,1
4189,-0.3269538687498757,-0.5736729733833892,-0.7272680852305132,-0.8439895087218553,0.39885376190344024,-0.6029120358478028,-0.3411637825254744,-0.41861231202950355,0.0,1.0,0.0,0.0,0.0,0.0,0.0,0.0,1
3944,-0.5007239535740281,-0.5736729733833892,-0.7272680852305132,-0.12995439135987974,0.39885376190344024,-0.6647377009182438,-0.3292359005200947,-0.3545130504807918,0.0,1.0,0.0,0.0,0.0,0.0,0.0,0.0,1
4262,0.33685090655292216,0.1718967495581881,1.0259772611139513,-0.8439895087218553,0.39885376190344024,1.251857916265429,0.06348733370879026,-0.028376068752442803,1.0,1.0,0.0,0.0,1.0,0.0,1.0,0.0,1
812,1.3462125230556368,-0.5736729733833892,-0.20129448132717387,0.5840807260020958,0.39885376190344024,-0.33500082054255825,-0.4323720488293529,-0.4511099636086178,0.0,1.0,0.0,1.0,0.0,0.0,0.0,1.0,1
720,-0.08071601369616031,-0.5736729733833892,-0.7272680852305132,0.5840807260020958,0.39885376190344024,-0.7059548109652046,-0.4452020390194281,-0.46966938543716646,0.0,1.0,0.0,0.0,0.0,0.0,0.0,1.0,1
969,-0.801121931641417,-0.5736729733833892,-0.7272680852305132,0.5840807260020958,0.39885376190344024,-0.7059548109652046,-0.13686784489184778,-0.023643762018838072,1.0,1.0,1.0,0.0,0.0,0.0,0.0,1.0,1
2907,-0.7362823477518079,-0.5736729733833892,0.5876659245278352,0.5840807260020958,0.39885376190344024,0.2214301650914113,1.228281112180899,1.9511336912574275,0.0,1.0,0.0,0.0,1.0,0.0,1.0,0.0,1
2116,-0.4154408302933422,-0.5736729733833892,-0.7272680852305132,0.5840807260020958,0.39885376190344024,-0.7059548109652046,-0.39042419586046395,-0.3904296445656789,0.0,1.0,0.0,0.0,1.0,0.0,0.0,1.0,1
2405,1.151236080206412,-0.5736729733833892,0.12013383216931127,-1.5580246260838309,0.39885376190344024,0.6954269306314594,-0.19846654112139472,-0.3651223974219874,1.0,1.0,0.0,0.0,0.0,0.0,0.0,1.0,1
4118,-0.5187264733363195,-0.5736729733833892,-0.2889567486443971,0.5840807260020958,-2.5071845761908427,-0.39682648561299927,-0.07719997158906014,0.06266972800202493,0.0,1.0,0.0,0.0,0.0,0.0,0.0,1.0,0
2862,-0.7294169800458492,-0.5736729733833892,-0.5519435505960668,0.5840807260020958,0.39885376190344024,-0.5823034808243225,-0.04225554553849776,0.11321913092601138,0.0,1.0,0.0,0.0,0.0,0.0,1.0,0.0,1
3710,-0.8021898777290105,0.01163064764801249,-0.7272680852305132,0.5840807260020958,-2.5071845761908427,-0.7059548109652046,-0.3429791370193143,-0.32179725688120786,0.0,0.0,0.0,1.0,0.0,0.0,0.0,0.0,1
4801,-0.32375003048709505,-0.5736729733833892,-0.7272680852305132,0.5840807260020958,0.39885376190344024,-0.7059548109652046,-0.4105217474453714,-0.41950207034772274,0.0,1.0,1.0,0.0,0.0,0.0,1.0,0.0,1
637,-0.24472202000517151,-0.5736729733833892,-0.7272680852305132,-1.5580246260838309,-2.5071845761908427,-0.499869260730401,-0.30085713513121176,-0.43917975044217356,0.0,1.0,0.0,1.0,0.0,0.0,0.0,1.0,1
4333,-0.16035427908528016,0.5884409038316399,1.1428602842035822,0.5840807260020958,-2.5071845761908427,0.612992710537538,-0.013922365690264485,0.1542049328445715,0.0,0.0,0.0,0.0,0.0,0.0,0.0,0.0,0
1974,-0.3011705989208312,-0.5736729733833892,-0.7272680852305132,0.5840807260020958,0.39885376190344024,-0.7059548109652046,-0.4147053204791214,-0.4255538829784112,0.0,1.0,0.0,0.0,1.0,1.0,0.0,0.0,1
3519,-0.9126460159315446,-0.5736729733833892,1.5227301092448828,-2.2720597434458063,0.39885376190344024,4.466792499928364,19.55871351789211,9.077438927476381,0.0,1.0,0.0,0.0,0.0,1.0,1.0,0.0,0
1995,0.7251255912565812,-0.5736729733833892,1.3474055746104363,-0.12995439135987974,0.39885376190344024,1.0911111870822823,-0.007603522213526269,0.03320554830455875,1.0,0.0,1.0,0.0,0.0,1.0,0.0,1.0,1
3017,-0.9620766634144465,-0.4082369972180466,-0.7272680852305132,0.5840807260020958,0.39885376190344024,-0.7059548109652046,0.12324533002108132,0.3526269961697757,0.0,1.0,0.0,0.0,0.0,1.0,0.0,1.0,1
2558,-0.06515451356265413,1.6560199375236162,2.3701320266447072,0.5840807260020958,-2.5071845761908427,1.478552021523713,0.05232297218987173,0.25003315653590735,0.0,1.0,1.0,0.0,0.0,1.0,0.0,1.0,0
1320,-0.25524891715430803,-0.5736729733833892,1.0259772611139513,0.5840807260020958,0.39885376190344024,0.5305584904436167,0.3270576603357431,0.6474548920706922,1.0,0.0,1.0,0.0,0.0,1.0,1.0,0.0,0
2255,-0.0369302241048243,0.15491001986263953,1.055198016886359,0.5840807260020958,0.39885376190344024,0.551167045467097,-0.013691257577569097,0.1545392458789518,0.0,1.0,0.0,1.0,0.0,0.0,1.0,0.0,1
1364,0.913084102673048,-0.5736729733833892,-0.7272680852305132,-0.12995439135987974,0.39885376190344024,-0.6647377009182438,-0.4871654790181741,-0.5448926235960083,0.0,0.0,0.0,0.0,0.0,0.0,0.0,1.0,1
1360,-0.29918727047244315,-0.5736729733833892,-0.7272680852305132,-0.12995439135987974,0.39885376190344024,-0.6647377009182438,-0.38859424696166717,-0.4260678330860599,0.0,1.0,0.0,1.0,0.0,0.0,0.0,1.0,1
2109,0.17498079241909809,-0.5736729733833892,1.17208103997599,0.5840807260020958,0.39885376190344024,0.6336012655610185,0.057722766257013634,0.25784431261589447,0.0,0.0,0.0,0.0,0.0,0.0,0.0,1.0,1
1115,-0.035862278017230735,-0.5736729733833892,-0.37661901596162034,-1.5580246260838309,0.39885376190344024,-0.005263940166872497,-0.11784186135484484,-0.3068079552668969,0.0,0.0,1.0,0.0,0.0,0.0,0.0,1.0,1
1206,-0.6122480378641557,-0.5736729733833892,-0.6980473294581054,0.5840807260020958,0.39885376190344024,-0.6853462559417242,-0.2952632555070117,-0.2527731064502189,0.0,0.0,0.0,0.0,1.0,0.0,1.0,0.0,1
1935,-0.814547539599736,0.035633635261287634,-0.7272680852305132,-0.8439895087218553,0.39885376190344024,-0.6029120358478028,-0.2392036018617021,-0.32028425541530625,0.0,1.0,0.0,1.0,0.0,0.0,0.0,1.0,1
4055,-0.1554722398277096,-0.5736729733833892,1.9025999342861835,0.5840807260020958,0.39885376190344024,1.1488151411480272,0.5608893935410213,0.9857078220545722,1.0,0.0,0.0,1.0,0.0,0.0,0.0,0.0,1
3370,-0.335039746270227,-0.2981925309294929,-0.7272680852305132,0.5840807260020958,0.39885376190344024,-0.7059548109652046,-0.42766246621390475,-0.44429724363755224,0.0,1.0,0.0,1.0,0.0,1.0,0.0,0.0,1
1834,-0.5805147826899469,-0.5736729733833892,-0.17207372555476613,0.5840807260020958,0.39885376190344024,-0.31439226551907784,0.07139396173096368,0.27762059302941017,0.0,1.0,0.0,0.0,0.0,0.0,0.0,0.0,0
601,-0.681359406104139,-0.5736729733833892,-0.7272680852305132,0.5840807260020958,0.39885376190344024,-0.7059548109652046,-0.27400052457201185,-0.22201517235960233,0.0,0.0,0.0,0.0,0.0,1.0,0.0,1.0,1
4524,0.8874533965708025,-0.5736729733833892,-0.7272680852305132,-0.8439895087218553,0.39885376190344024,-0.6029120358478028,-0.47110758154338067,-0.543927127512529,1.0,0.0,0.0,1.0,0.0,0.0,1.0,0.0,1
1552,-0.6683914893262172,0.5444969726627208,0.23701685525894223,0.5840807260020958,0.39885376190344024,-0.02587249519035291,-0.04169497582476411,0.11403003176282878,0.0,1.0,0.0,1.0,0.0,1.0,1.0,0.0,1
3636,-0.468227879765824,-0.5736729733833892,-0.7272680852305132,-1.5580246260838309,0.39885376190344024,-0.499869260730401,-0.2044669021086629,-0.3694623551708414,0.0,0.0,0.0,0.0,0.0,0.0,1.0,0.0,1
1325,-0.8854896725613083,-0.5736729733833892,-0.05519070246513517,-0.8439895087218553,0.39885376190344024,0.1080831124622694,2.595128629288768,2.413080655020078,0.0,1.0,1.0,0.0,0.0,0.0,0.0,1.0,1
1025,0.02317988425401329,-0.5736729733833892,-0.025969946692727428,-1.5580246260838309,0.39885376190344024,0.4893413803966559,0.07958842893693252,-0.16401002693752206,0.0,1.0,0.0,0.0,0.0,0.0,0.0,0.0,1
3081,-0.2009362304138355,0.4680566890327522,-0.7272680852305132,0.5840807260020958,0.39885376190344024,-0.7059548109652046,-0.47017235867382423,-0.505790589646514,0.0,1.0,0.0,0.0,0.0,0.0,1.0,0.0,1
4478,-0.7941040002086592,-0.5736729733833892,-0.7272680852305132,-0.12995439135987974,0.39885376190344024,-0.6647377009182438,-0.068829320048459,-0.04060039334553435,0.0,1.0,0.0,0.0,1.0,1.0,0.0,1.0,1
997,0.21205377803127456,-0.5736729733833892,0.5000036572106119,-0.8439895087218553,0.39885376190344024,0.6954269306314594,0.06329165480478409,-0.028564776993503842,0.0,1.0,0.0,1.0,0.0,0.0,0.0,1.0,0
4949,0.02165424698602249,0.3657670341269489,-0.7272680852305132,-0.8439895087218553,0.39885376190344024,-0.6029120358478028,-0.4459709942675172,-0.5196859800306569,0.0,0.0,0.0,0.0,0.0,0.0,0.0,1.0,1
1148,1.6450848638550348,-0.5736729733833892,-0.7272680852305132,-1.5580246260838309,0.39885376190344024,-0.499869260730401,-0.4743802139998849,-0.5646860045390568,0.0,1.0,0.0,1.0,0.0,1.0,0.0,1.0,1
2276,0.25126265581863816,-0.5736729733833892,-0.7272680852305132,-0.8439895087218553,0.39885376190344024,-0.6029120358478028,-0.43351951500514,-0.5076780593907464,0.0,0.0,0.0,0.0,0.0,0.0,0.0,1.0,1
1288,-0.7297221074994474,-0.5736729733833892,1.9902622016034066,0.5840807260020958,0.39885376190344024,1.2106408062184681,2.7076252840471446,4.091102008342283,0.0,1.0,0.0,1.0,0.0,1.0,1.0,0.0,1
3087,0.9483263235636356,-0.5736729733833892,-0.46428128327884355,0.5840807260020958,0.39885376190344024,-0.5204778157538814,-0.4537233937635019,-0.48199608365773944,0.0,1.0,0.0,0.0,0.0,0.0,0.0,0.0,1
2253,-0.29735650575085415,-0.5736729733833892,-0.7272680852305132,-0.8439895087218553,0.39885376190344024,-0.6029120358478028,-0.34938411478365977,-0.4265398116711117,0.0,0.0,0.0,0.0,1.0,0.0,1.0,0.0,1
2288,-0.5750224885251801,0.3727832920446755,1.2597433072932132,0.5840807260020958,0.39885376190344024,0.6954269306314594,0.34588272028353273,0.6746865752865543,0.0,0.0,0.0,0.0,0.0,0.0,1.0,0.0,1
2014,0.41603148076164476,-0.5736729733833892,-0.3473982601892126,-2.2720597434458063,0.39885376190344024,0.5099499354201362,-0.08285824483880623,-0.393501432301959,0.0,0.0,0.0,0.0,0.0,0.0,0.0,1.0,1
4935,0.11822708604984025,0.11835162334395892,-0.4935020390512513,-0.12995439135987974,0.39885376190344024,-0.4668955726928325,-0.4007746462199088,-0.44075095472299347,0.0,1.0,0.0,0.0,0.0,0.0,0.0,0.0,1
1375,-0.4056767517782011,0.9865212214794954,0.6461074360726506,0.5840807260020958,-2.5071845761908427,0.2626472751383721,-0.11049377096360062,0.014508064765122513,0.0,1.0,0.0,0.0,1.0,1.0,0.0,0.0,0
2560,-0.7066849847527863,0.11576668621637544,-0.7272680852305132,0.5840807260020958,0.39885376190344024,-0.7059548109652046,-0.38879677899461285,-0.3880754793904327,1.0,1.0,0.0,1.0,0.0,0.0,0.0,0.0,1
535,-0.2610463387726731,1.9676894997636811,2.6915603401411925,0.5840807260020958,0.39885376190344024,1.7052461267819967,0.133293427228734,0.36716222744340105,0.0,1.0,1.0,0.0,0.0,1.0,0.0,1.0,1
565,-0.4988931888524391,1.9591961349159068,-0.7272680852305132,0.5840807260020958,0.39885376190344024,-0.7059548109652046,-0.4856460581682587,-0.5281743102815899,0.0,0.0,1.0,0.0,0.0,1.0,0.0,0.0,1
2241,0.15682570893000752,0.1416160574922102,-0.7272680852305132,-0.8439895087218553,0.39885376190344024,-0.6029120358478028,-0.44886400927995684,-0.5224759372676586,0.0,1.0,1.0,0.0,0.0,1.0,0.0,0.0,1
1295,-0.3470922806873543,-0.5736729733833892,-0.7272680852305132,-1.5580246260838309,0.39885376190344024,-0.499869260730401,-0.2644278946346644,-0.4128311082665904,0.0,1.0,0.0,1.0,0.0,0.0,0.0,1.0,1
4001,-0.308493657807187,-0.5736729733833892,-0.7272680852305132,-0.8439895087218553,0.39885376190344024,-0.6029120358478028,-0.3463689694313266,-0.4236320747391627,1.0,1.0,0.0,1.0,0.0,1.0,1.0,0.0,1
3043,-0.14280945050338595,-0.09213611418783854,-0.7272680852305132,0.5840807260020958,-2.5071845761908427,-0.7059548109652046,-0.4579616128437506,-0.4881269453767908,0.0,0.0,0.0,1.0,0.0,0.0,0.0,1.0,0
3963,0.3470726762484605,-0.5736729733833892,-0.7272680852305132,0.5840807260020958,0.39885376190344024,-0.7059548109652046,-0.4767213272105895,-0.5152641019263396,0.0,0.0,0.0,0.0,0.0,1.0,0.0,1.0,1
675,-0.6374210527860039,-0.5736729733833892,-0.4935020390512513,-1.5580246260838309,-2.5071845761908427,-0.17013238035471537,0.3293685649323111,0.01665164308918268,0.0,1.0,0.0,0.0,0.0,1.0,1.0,0.0,0
4294,0.9287981665333532,-0.5736729733833892,-0.7272680852305132,-0.12995439135987974,0.39885376190344024,-0.6647377009182438,-0.4876462117894571,-0.5454721331511514,1.0,1.0,0.0,0.0,1.0,0.0,0.0,0.0,1
3946,0.11288735561187244,-0.5736729733833892,-0.7272680852305132,-1.5580246260838309,0.39885376190344024,-0.499869260730401,-0.3773365852393093,-0.4944960193848271,0.0,0.0,0.0,1.0,0.0,0.0,1.0,0.0,1
125,3.2851449269451467,-0.5736729733833892,-0.25973599287198934,-0.8439895087218553,0.39885376190344024,-0.10830671528427435,-0.4590070596649887,-0.5322576621136449,1.0,1.0,0.0,1.0,0.0,0.0,0.0,1.0,1
4842,0.2578228960709986,-0.5736729733833892,0.6753281918450583,-2.2720597434458063,0.39885376190344024,2.6738482128855736,0.7668557392811854,0.01622089357320631,0.0,0.0,0.0,0.0,0.0,0.0,0.0,1.0,1
2493,1.3398048465300754,1.0936114739079539,0.5876659245278352,0.5840807260020958,0.39885376190344024,0.2214301650914113,-0.3717055410956403,-0.36335188342194297,0.0,0.0,0.0,1.0,0.0,1.0,1.0,0.0,1
4161,0.060863124773386096,-0.5736729733833892,-0.25973599287198934,-1.5580246260838309,0.39885376190344024,0.15960450002097037,-0.0843502856914452,-0.2825840754653123,0.0,0.0,0.0,1.0,0.0,0.0,1.0,0.0,1
1373,-0.8336180054496211,-0.5736729733833892,-0.3473982601892126,2.012150960726047,0.39885376190344024,-0.5565427870449721,0.27232830190351603,0.9635452103373215,1.0,0.0,1.0,0.0,0.0,1.0,0.0,0.0,0
3100,-0.6139262388589456,-0.5736729733833892,0.3538998783485732,-2.2720597434458063,0.39885376190344024,1.9937658971107222,2.6971780236789584,0.9470001332148977,0.0,1.0,0.0,0.0,1.0,0.0,0.0,1.0,1
3545,-0.07659679307258514,-0.5736729733833892,-0.7272680852305132,-0.8439895087218553,0.39885376190344024,-0.6029120358478028,-0.3947623264273136,-0.47030151682404914,0.0,1.0,1.0,0.0,0.0,0.0,0.0,0.0,1
2250,-0.3628063445476596,-0.5736729733833892,0.2077960994865345,0.5840807260020958,-2.5071845761908427,-0.04648105021383322,0.06062426497726276,0.2620415207108588,0.0,1.0,0.0,0.0,0.0,1.0,1.0,0.0,1
1024,1.9467033517368164,-0.5736729733833892,0.7629904591622816,-1.5580246260838309,0.39885376190344024,1.6022033516645953,-0.14699674626796216,-0.32789518134614604,1.0,1.0,0.0,0.0,0.0,1.0,0.0,1.0,1
4329,-0.49614704177005564,0.5906565642267114,-0.7272680852305132,-0.8439895087218553,-2.5071845761908427,-0.6029120358478028,-0.40391967802497053,-0.47913265639705355,0.0,0.0,0.0,0.0,0.0,0.0,1.0,0.0,1
2294,-0.6540504990071037,-0.5736729733833892,-0.4058397717340281,0.5840807260020958,-2.5071845761908427,-0.4792607057069206,-0.013905262357197658,0.154229673936993,1.0,1.0,1.0,0.0,0.0,0.0,0.0,0.0,0
4393,-0.5503071647837291,-0.5736729733833892,-0.7272680852305132,-0.12995439135987974,0.39885376190344024,-0.6647377009182438,-0.30714151871034834,-0.32787890748372633,0.0,1.0,0.0,0.0,0.0,0.0,1.0,0.0,1
4390,0.09213868876719754,0.17005036589562847,1.0259772611139513,0.5840807260020958,-2.5071845761908427,0.5305584904436167,-0.07068087330448795,0.07210003100402826,1.0,1.0,0.0,0.0,0.0,0.0,1.0,0.0,0
1015,-0.16142222517287372,0.5193861548519099,-0.6688265736856978,0.5840807260020958,-2.5071845761908427,-0.6647377009182438,-0.4589587079541345,-0.48956930881453636,1.0,1.0,1.0,0.0,0.0,1.0,0.0,1.0,0
138,0.3975712698189561,-0.5736729733833892,0.47078290143820417,0.5840807260020958,0.39885376190344024,0.13899594499748985,-0.19963165948167474,-0.11443573405343073,1.0,1.0,1.0,0.0,0.0,1.0,0.0,0.0,1
4080,0.20488328287171778,-0.5736729733833892,-0.4935020390512513,0.5840807260020958,0.39885376190344024,-0.5410863707773618,-0.40565351956018336,-0.4124598595946232,0.0,1.0,1.0,0.0,0.0,1.0,1.0,0.0,1
3045,-0.894490932442454,1.4052810361480188,-0.7272680852305132,0.5840807260020958,0.39885376190344024,-0.7059548109652046,-0.44560678548787885,-0.4702548777353136,0.0,1.0,1.0,0.0,0.0,1.0,0.0,1.0,1
4326,-0.5742596698911847,-0.5736729733833892,1.376626330382844,0.5840807260020958,-2.5071845761908427,0.7778611507253809,1.1787746653495137,1.8795193707190498,1.0,0.0,0.0,0.0,0.0,0.0,0.0,1.0,0
789,-0.8413987555163741,-0.5736729733833892,-0.7272680852305132,-1.5580246260838309,0.39885376190344024,-0.499869260730401,0.44026471572276743,0.09686091882481493,0.0,1.0,0.0,0.0,0.0,0.0,0.0,0.0,0
3200,-0.17027092132722038,-0.5736729733833892,-0.7272680852305132,0.5840807260020958,-2.5071845761908427,-0.7059548109652046,-0.4346782218327516,-0.45444599402996594,1.0,1.0,0.0,0.0,1.0,0.0,0.0,0.0,0
2834,-0.4227638891796981,0.12167511393656624,-0.63960581791329,0.5840807260020958,0.39885376190344024,-0.6441291458947634,-0.4064996704474726,-0.41368387231911863,0.0,0.0,0.0,1.0,0.0,1.0,1.0,0.0,1
1276,3.7548886417595146,-0.5736729733833892,4.123377372989172,0.5840807260020958,0.39885376190344024,2.715065322932534,-0.18760214164506672,-0.09703424795593062,0.0,0.0,1.0,0.0,0.0,0.0,0.0,1.0,1
2745,-0.44839459528194353,-0.5736729733833892,-0.7272680852305132,2.012150960726047,-2.5071845761908427,-0.7574761985239055,-0.42310735420175755,-0.37777914040203225,0.0,1.0,1.0,0.0,0.0,1.0,0.0,1.0,0
3362,-0.8613846037270536,-0.5736729733833892,-0.7272680852305132,-2.2720597434458063,0.39885376190344024,-0.29378371049559754,1.099969038227058,0.17684430118418282,0.0,1.0,0.0,1.0,0.0,0.0,0.0,1.0,1
1793,0.24302421457148785,0.47248800982289535,0.26623761103134996,0.5840807260020958,0.39885376190344024,-0.005263940166872497,-0.29593607841717057,-0.25374638889397394,1.0,0.0,0.0,1.0,0.0,0.0,0.0,0.0,1
18,-0.6772401854805639,-0.5736729733833892,-0.4935020390512513,-1.5580246260838309,0.39885376190344024,-0.17013238035471537,0.4256389136878487,0.08628232813513234,0.0,1.0,0.0,1.0,0.0,0.0,0.0,0.0,1
291,-0.5344405371966248,-0.5736729733833892,-0.7272680852305132,2.012150960726047,-2.5071845761908427,-0.7574761985239055,-0.4019492554184584,-0.33697037130277896,0.0,1.0,0.0,1.0,0.0,0.0,0.0,0.0,1
4402,-0.6688491805066145,1.2963444000570008,2.866884874775639,0.5840807260020958,0.39885376190344024,1.828897456922879,0.5925307212483312,1.031479076703666,0.0,0.0,0.0,0.0,0.0,0.0,0.0,1.0,0
330,-0.29735650575085415,0.03637218872631149,-0.6103850621408823,-2.2720597434458063,0.39885376190344024,-0.04648105021383322,-0.13346727310874776,-0.41790452459014515,1.0,1.0,0.0,0.0,0.0,0.0,0.0,1.0,1
3298,-0.7419272056433738,1.5312044019345854,-0.7272680852305132,0.5840807260020958,0.39885376190344024,-0.7059548109652046,-0.4634422154851493,-0.49605499635652284,1.0,1.0,0.0,0.0,0.0,1.0,1.0,0.0,1
27,-0.027166145589683166,-0.5736729733833892,-0.4935020390512513,0.5840807260020958,0.39885376190344024,-0.5410863707773618,-0.37317613498883445,-0.3654791938873391,0.0,0.0,0.0,0.0,0.0,0.0,0.0,1.0,1
384,-0.6313185037140406,-0.5736729733833892,-0.7272680852305132,-0.8439895087218553,0.39885376190344024,-0.6029120358478028,-0.1875319130435683,-0.27045326541132414,0.0,0.0,0.0,0.0,0.0,0.0,0.0,1.0,1
1975,-0.4903496201516906,0.20033105796160636,0.32467912257616544,-2.2720597434458063,0.39885376190344024,1.9319402320402808,1.0086095747082984,0.1327918169563516,0.0,1.0,1.0,0.0,0.0,0.0,0.0,0.0,1
3910,-0.7982232208322344,1.0256645551257595,-0.4058397717340281,0.5840807260020958,0.39885376190344024,-0.4792607057069206,-0.31929622444450867,-0.2875383714033011,0.0,1.0,0.0,0.0,0.0,1.0,0.0,1.0,1
633,-0.5069790663727903,-0.5736729733833892,1.376626330382844,0.5840807260020958,0.39885376190344024,0.7778611507253809,0.9608417458273234,1.5642651169107904,0.0,0.0,0.0,0.0,0.0,1.0,0.0,1.0,0
4667,1.801615247550891,0.0467119372366454,0.6168866803002429,-0.8439895087218553,0.39885376190344024,0.8190782607723417,-0.28160783435201914,-0.3611779233731835,0.0,1.0,0.0,0.0,0.0,0.0,0.0,0.0,1
4342,2.5236993664909377,2.4425793777740172,3.422079234451386,-0.12995439135987974,0.39885376190344024,2.8469600750828086,-0.1756779529179028,-0.16940335291195027,1.0,0.0,0.0,0.0,0.0,0.0,0.0,0.0,1
4594,-0.29491548612206886,-0.5736729733833892,1.9318206900585912,0.5840807260020958,0.39885376190344024,1.1694236961715074,0.7814948986556317,1.304828146112909,0.0,0.0,0.0,0.0,0.0,0.0,0.0,1.0,1
297,-0.08117370487655755,-0.5736729733833892,0.12013383216931127,-0.8439895087218553,0.39885376190344024,0.2935601076735926,0.050706742544737164,-0.04070137735194438,0.0,1.0,0.0,0.0,0.0,0.0,0.0,1.0,1
1608,-0.06896860673263114,0.23615090101526312,-0.7272680852305132,0.5840807260020958,0.39885376190344024,-0.7059548109652046,-0.47231109377747155,-0.5088844101701511,0.0,1.0,1.0,0.0,0.0,0.0,1.0,0.0,1
3129,-0.5004188261204299,-0.5736729733833892,1.17208103997599,0.5840807260020958,0.39885376190344024,0.6336012655610185,0.8153146673327806,1.3537506584238441,0.0,0.0,1.0,0.0,0.0,0.0,0.0,1.0,0
4567,-0.759472034225268,-0.5736729733833892,-0.7272680852305132,-0.12995439135987974,-2.5071845761908427,-0.6647377009182438,-0.12793368640475264,-0.11184901024913359,0.0,1.0,0.0,0.0,1.0,0.0,0.0,1.0,0
3933,0.33822398009411386,-0.5736729733833892,0.7922112149346893,0.5840807260020958,0.39885376190344024,0.3656900502557739,-0.1064182190462867,0.020403617769994713,0.0,1.0,1.0,0.0,0.0,0.0,1.0,0.0,1
3143,-0.5770058169735681,0.7176877602108138,0.38312063412098096,0.5840807260020958,-2.5071845761908427,0.07717027992704895,-0.07520429942945892,0.06555659859918087,0.0,1.0,0.0,0.0,0.0,0.0,0.0,0.0,1
2777,-0.4218485068189036,-0.5736729733833892,1.8441584227413679,0.5840807260020958,0.39885376190344024,1.1075980311010667,1.0068449267428292,1.6308117336592864,0.0,1.0,0.0,0.0,1.0,0.0,1.0,0.0,1
3048,0.014026060646068482,-0.5736729733833892,0.8214319707070971,0.5840807260020958,0.39885376190344024,0.3862986052792542,0.038532170336247375,0.23008385765387582,1.0,0.0,0.0,0.0,0.0,0.0,0.0,0.0,1
2216,-0.5110982869963655,-0.5736729733833892,0.4123413898933887,0.5840807260020958,0.39885376190344024,0.09777883495052925,0.3608902502843463,0.6963959511912339,0.0,1.0,0.0,0.0,0.0,1.0,0.0,0.0,1
3878,-0.8198872700377038,-0.5736729733833892,-0.7272680852305132,-0.12995439135987974,0.39885376190344024,-0.6647377009182438,-0.01274252036885153,0.027010633556131217,0.0,1.0,0.0,0.0,0.0,0.0,0.0,0.0,1
2161,-0.12663769546268344,-0.5736729733833892,-0.025969946692727428,0.5840807260020958,0.39885376190344024,-0.21134949040167608,-0.18247406730256333,-0.08961615226913108,1.0,0.0,0.0,0.0,1.0,0.0,0.0,1.0,1
1901,-0.4657868601370387,-0.5736729733833892,-0.6103850621408823,0.5840807260020958,0.39885376190344024,-0.6235205908712832,-0.30836522561513646,-0.2717259650587799,0.0,1.0,0.0,0.0,0.0,0.0,0.0,0.0,1
198,-0.25433353479351356,1.1718981412004819,-0.05519070246513517,0.5840807260020958,0.39885376190344024,-0.2319580454251564,-0.3327150067351079,-0.30694951960116473,0.0,1.0,1.0,0.0,0.0,1.0,0.0,0.0,0
2204,-0.690970920892481,-0.5736729733833892,-0.7272680852305132,0.5840807260020958,0.39885376190344024,-0.7059548109652046,-0.2664693965105703,-0.21112090194579983,0.0,1.0,0.0,0.0,0.0,0.0,1.0,0.0,1
4387,-0.8015796228218142,-0.5736729733833892,-0.7272680852305132,-0.12995439135987974,0.39885376190344024,-0.6647377009182438,-0.053816776988955074,-0.02250320365996256,0.0,1.0,1.0,0.0,0.0,0.0,0.0,0.0,1
2736,-0.46639711504423503,-0.5736729733833892,-0.7272680852305132,-1.5580246260838309,0.39885376190344024,-0.499869260730401,-0.2055616364271472,-0.37025415764714636,0.0,1.0,0.0,0.0,0.0,0.0,1.0,0.0,1
653,-0.7304849261334428,2.6268484672974677,-0.7272680852305132,0.5840807260020958,-2.5071845761908427,-0.7059548109652046,-0.48732034026920545,-0.5305962690914647,0.0,1.0,0.0,0.0,1.0,0.0,1.0,0.0,1
970,-0.20917467166098583,-0.5736729733833892,0.9090942380243203,0.5840807260020958,-2.5071845761908427,0.4481242703496953,0.231360265455661,0.509022337317335,0.0,0.0,0.0,0.0,0.0,0.0,0.0,1.0,0
2835,-0.44992023254993435,-0.5736729733833892,-0.7272680852305132,0.5840807260020958,0.39885376190344024,-0.7059548109652046,-0.3812504642023235,-0.3771592403749536,0.0,0.0,0.0,0.0,1.0,0.0,0.0,1.0,1
2994,-0.6897504110780884,-0.5736729733833892,0.5876659245278352,-1.5580246260838309,0.39885376190344024,1.3549006913828308,2.531989135775575,1.6097691629350357,0.0,1.0,0.0,0.0,0.0,0.0,0.0,1.0,0
1514,-0.33809102080620856,0.0467119372366454,1.6980546438793294,-0.8439895087218553,0.39885376190344024,1.9628530645755011,0.8797524856200551,0.7588112974018154,1.0,1.0,0.0,0.0,0.0,0.0,1.0,0.0,0
2328,0.26804466576653696,-0.5736729733833892,-0.4935020390512513,-0.8439895087218553,-2.5071845761908427,-0.35560937556603855,-0.3450511672224883,-0.42236121655361025,1.0,1.0,0.0,1.0,0.0,0.0,0.0,0.0,0
3975,-0.16584657325004706,0.8557972581702739,-0.7272680852305132,2.012150960726047,0.39885376190344024,-0.7574761985239055,-0.49719938271883934,-0.5206844418100929,0.0,0.0,0.0,0.0,0.0,0.0,0.0,1.0,1
3302,-0.14814918094135376,-0.5736729733833892,-0.7272680852305132,0.5840807260020958,0.39885376190344024,-0.7059548109652046,-0.43747438262034133,-0.45849082390033236,0.0,1.0,0.0,0.0,0.0,0.0,1.0,0.0,1
2370,-0.37806271722756757,-0.5736729733833892,-0.7272680852305132,2.012150960726047,0.39885376190344024,-0.7574761985239055,-0.4363151501289919,-0.4032537305258866,0.0,1.0,0.0,1.0,0.0,0.0,0.0,1.0,1
881,-0.5495443461497337,-0.5736729733833892,1.2305225515208054,-0.8439895087218553,0.39885376190344024,1.4682477440119726,1.7614251587491472,1.609076174869134,0.0,1.0,0.0,0.0,0.0,0.0,0.0,1.0,0
775,-0.8264475102900642,-0.5736729733833892,-0.37661901596162034,-0.8439895087218553,0.39885376190344024,-0.2319580454251564,0.9680859187507869,0.84399803164709,1.0,0.0,1.0,0.0,0.0,0.0,1.0,0.0,0
3546,0.25934853333898944,0.39383206579785524,0.12013383216931127,-0.8439895087218553,0.39885376190344024,0.2935601076735926,-0.20988747193488483,-0.2920124529882488,0.0,1.0,0.0,1.0,0.0,0.0,0.0,1.0,1
2344,-0.905933211952385,0.05335891842186005,-0.7272680852305132,0.5840807260020958,0.39885376190344024,-0.7059548109652046,-0.29798599430540446,-0.2567117266003276,1.0,1.0,0.0,0.0,0.0,1.0,0.0,0.0,1
3895,0.6309937718215487,-0.08844334686271928,0.14935458794171902,-0.8439895087218553,0.39885376190344024,0.32447294020881307,-0.23312324186056532,-0.31442049587178367,0.0,1.0,0.0,0.0,0.0,1.0,0.0,0.0,1
757,-0.17057604878081853,-0.055208440936646,-0.7272680852305132,0.5840807260020958,0.39885376190344024,-0.7059548109652046,-0.4569290407807444,-0.4866332622015278,0.0,0.0,0.0,0.0,0.0,1.0,0.0,0.0,1
1507,0.5702734085555148,-0.5736729733833892,-0.7272680852305132,-1.5580246260838309,0.39885376190344024,-0.499869260730401,-0.4256431433897173,-0.5294353208385515,0.0,1.0,0.0,0.0,1.0,0.0,0.0,1.0,1
2529,-0.736434911478607,-0.5736729733833892,0.6168866803002429,0.5840807260020958,0.39885376190344024,0.2420387201148916,1.2614750642663644,1.9991509188455938,0.0,1.0,0.0,1.0,0.0,0.0,0.0,1.0,1
3269,0.21785119964963962,-0.5736729733833892,-0.7272680852305132,-1.5580246260838309,0.39885376190344024,-0.499869260730401,-0.3915285332485981,-0.5047608109306916,0.0,1.0,0.0,0.0,0.0,0.0,1.0,0.0,1
1014,1.966841763674295,0.20919369954189257,0.32467912257616544,0.5840807260020958,-2.5071845761908427,0.03595316988008812,-0.41199905788110325,-0.42163909673217564,0.0,1.0,0.0,0.0,0.0,0.0,1.0,0.0,0
1916,-0.6406248910487846,0.09545646592821955,2.808443363230823,-0.8439895087218553,0.39885376190344024,3.1375407009138816,2.303037600088922,2.1313947746235713,0.0,0.0,0.0,0.0,0.0,0.0,0.0,0.0,0
2184,-0.9120357610243482,-0.5736729733833892,-0.7272680852305132,2.012150960726047,0.39885376190344024,-0.7574761985239055,0.02761142547609746,0.4915465394217754,0.0,1.0,0.0,0.0,0.0,1.0,1.0,0.0,1
1702,0.20595122895931134,0.03341797486621609,-0.6103850621408823,0.5840807260020958,0.39885376190344024,-0.6235205908712832,-0.45570441919669075,-0.48486176680503246,0.0,1.0,0.0,0.0,0.0,0.0,0.0,0.0,1
4449,1.4430904895730527,-0.018280767685453465,0.7045489476174661,0.5840807260020958,0.39885376190344024,0.30386438518533276,-0.3341870315502707,-0.30907889998898697,1.0,1.0,1.0,0.0,0.0,1.0,0.0,0.0,1
4795,-0.7671002205652221,1.2235968837521516,0.7337697033898738,-0.8439895087218553,0.39885376190344024,0.9427295909132237,0.32146388280783766,0.22041059050814987,0.0,1.0,0.0,0.0,0.0,0.0,0.0,1.0,1
1558,1.4350046120527014,-0.5736729733833892,-0.6103850621408823,0.5840807260020958,0.39885376190344024,-0.6235205908712832,-0.491945542882553,-0.5372869278582988,1.0,1.0,0.0,0.0,0.0,0.0,0.0,1.0,1
2217,-0.32863206974466563,-0.5736729733833892,-0.6688265736856978,0.5840807260020958,0.39885376190344024,-0.6647377009182438,-0.3820202339158596,-0.37827276272475313,0.0,0.0,0.0,0.0,0.0,0.0,0.0,0.0,1
229,0.25156778327223633,0.26495448615119327,-0.7272680852305132,0.5840807260020958,0.39885376190344024,-0.7059548109652046,-0.4875497511830739,-0.5309281270164887,0.0,1.0,0.0,0.0,0.0,0.0,1.0,0.0,1
1596,0.19054229255260424,-0.5736729733833892,-0.7272680852305132,-1.5580246260838309,0.39885376190344024,-0.499869260730401,-0.38806918581543964,-0.502258724517829,0.0,1.0,0.0,0.0,0.0,1.0,0.0,0.0,1
3889,0.4396788584155022,-0.5736729733833892,-0.4935020390512513,0.5840807260020958,0.39885376190344024,-0.5410863707773618,-0.4281464231614681,-0.44499731908606155,0.0,1.0,1.0,0.0,0.0,1.0,1.0,0.0,1
597,-0.6972260336912434,-0.31222504676494606,0.09091307639690353,0.5840807260020958,0.39885376190344024,-0.12891527030775465,0.2790766626804899,0.5780472337602989,0.0,1.0,1.0,0.0,0.0,0.0,1.0,0.0,1
3163,-0.6096544545085713,1.2475998713654266,-0.7272680852305132,-0.12995439135987974,0.39885376190344024,-0.6647377009182438,-0.4479387166022947,-0.4976058876061573,0.0,1.0,0.0,0.0,0.0,0.0,0.0,1.0,1
1250,-0.06286605766066793,-0.5736729733833892,-0.7272680852305132,0.5840807260020958,0.39885376190344024,-0.7059548109652046,-0.44706904018080684,-0.472370125000882,1.0,1.0,0.0,0.0,0.0,0.0,0.0,0.0,1
2519,-0.660458175532665,0.4351910598391909,-0.2305152370995816,0.5840807260020958,0.39885376190344024,-0.35560937556603855,-0.21501618225453928,-0.13669045471513291,1.0,0.0,0.0,0.0,0.0,0.0,0.0,1.0,1
1047,-0.8273628926508587,-0.5736729733833892,-0.7272680852305132,-0.8439895087218553,-2.5071845761908427,-0.6029120358478028,0.14442843219292456,0.04968166773204273,0.0,1.0,1.0,0.0,0.0,0.0,0.0,0.0,0
1754,0.08878228677761776,-0.5736729733833892,-0.7272680852305132,2.012150960726047,0.39885376190344024,-0.7574761985239055,-0.4822595227120305,-0.49186912604673744,0.0,1.0,1.0,0.0,0.0,0.0,0.0,1.0,1
4907,-0.7419272056433738,-0.5736729733833892,-0.7272680852305132,-1.5580246260838309,0.39885376190344024,-0.499869260730401,0.11053995520100288,-0.14162332111538323,1.0,0.0,0.0,0.0,0.0,0.0,1.0,0.0,1
1405,-0.6305556850800453,-0.3004081913245644,-0.25973599287198934,2.012150960726047,-2.5071845761908427,-0.5101735382421413,-0.18139231209793893,0.08842973035043394,0.0,1.0,1.0,0.0,0.0,1.0,1.0,0.0,0
729,-0.637573616512803,-0.5736729733833892,-0.522722794823659,0.5840807260020958,0.39885376190344024,-0.561694925800842,-0.13320939677340735,-0.018351577000604743,0.0,0.0,0.0,0.0,0.0,0.0,1.0,0.0,1
748,-0.5802096552363488,-0.5736729733833892,-0.6103850621408823,0.5840807260020958,0.39885376190344024,-0.6235205908712832,-0.2488662540522263,-0.1856568024763267,0.0,1.0,0.0,1.0,0.0,0.0,0.0,1.0,1
3077,0.12722834593098598,1.5655471380581945,0.14935458794171902,-0.8439895087218553,0.39885376190344024,0.32447294020881307,-0.2606390367983885,-0.34095609658195625,0.0,1.0,0.0,0.0,0.0,0.0,0.0,0.0,1
1952,-0.6766299305733675,0.46547175190516876,-0.7272680852305132,0.5840807260020958,0.39885376190344024,-0.7059548109652046,-0.42372140300729183,-0.4385962373685778,0.0,1.0,0.0,0.0,0.0,0.0,1.0,0.0,1
168,-0.42367927154049256,-0.3362280343782212,-0.7272680852305132,0.5840807260020958,0.39885376190344024,-0.7059548109652046,-0.4101709468987798,-0.41899461436175356,0.0,1.0,0.0,0.0,0.0,1.0,0.0,0.0,1
2604,-0.5847865670403213,-0.5736729733833892,0.6753281918450583,0.5840807260020958,0.39885376190344024,0.2832558301618524,0.7017968569671629,1.1895397045247182,1.0,1.0,0.0,0.0,0.0,0.0,0.0,1.0,1
3598,-0.05874683703709276,0.9972302467223413,2.1071452246930376,-0.12995439135987974,0.39885376190344024,1.7340981038148695,0.22465504807238382,0.31318658722007653,0.0,0.0,0.0,0.0,0.0,0.0,0.0,1.0,1
1203,0.11807452232304116,1.7313523909560489,1.1136395284311744,0.5840807260020958,0.39885376190344024,0.5923841555140577,-0.20832084751803803,-0.12700521413293941,1.0,1.0,0.0,0.0,0.0,1.0,0.0,1.0,1
2763,-0.5875327141227047,-0.23209199580985826,-0.7272680852305132,0.5840807260020958,0.39885376190344024,-0.7059548109652046,-0.38223279457583137,-0.37858024565296466,0.0,1.0,1.0,0.0,0.0,0.0,0.0,1.0,1
1381,-0.5324572087482368,-0.5736729733833892,0.12013383216931127,-0.12995439135987974,-2.5071845761908427,0.05244001389887245,0.35662565651513106,0.4722733671508619,0.0,1.0,0.0,0.0,0.0,1.0,0.0,0.0,0
2213,-0.517658527248726,0.682237193889669,0.23701685525894223,0.5840807260020958,0.39885376190344024,-0.02587249519035291,-0.1425528643884115,-0.03186751537929403,1.0,1.0,0.0,0.0,0.0,0.0,0.0,1.0,1
3209,0.035842673578336946,1.2295053114723424,1.6396131323345138,0.5840807260020958,0.39885376190344024,0.9633381459367041,-0.05749081505463813,0.09118031488386003,0.0,1.0,0.0,0.0,0.0,0.0,1.0,0.0,1
1158,0.604752810812107,-0.5736729733833892,-0.7272680852305132,0.5840807260020958,0.39885376190344024,-0.7059548109652046,-0.48779400700426084,-0.5312814590730475,0.0,0.0,0.0,1.0,0.0,1.0,1.0,0.0,1
973,-0.5950083367358596,0.1907298629162963,0.7629904591622816,0.5840807260020958,0.39885376190344024,0.3450814952322936,0.23862300115894475,0.5195283605916766,0.0,1.0,1.0,0.0,0.0,0.0,0.0,1.0,1
194,-0.17866192630116978,-0.5736729733833892,-0.7272680852305132,0.5840807260020958,-2.5071845761908427,-0.7059548109652046,-0.43358003205334306,-0.4528573905266203,1.0,1.0,0.0,1.0,0.0,0.0,1.0,0.0,0
4599,1.0989067219143276,0.6659890176591442,2.6915603401411925,-1.5580246260838309,0.39885376190344024,4.322532614764001,0.39176288329848336,0.06178037885229838,0.0,1.0,0.0,0.0,1.0,1.0,0.0,1.0,1
4152,-0.23663614248482026,-0.5736729733833892,0.5876659245278352,-0.8439895087218553,0.39885376190344024,0.788165428237121,0.45932846827114243,0.35336403053030235,0.0,0.0,0.0,0.0,0.0,0.0,1.0,0.0,1
2972,-0.7889168334974905,0.20365454855421367,0.06169232062449579,0.5840807260020958,0.39885376190344024,-0.14952382533123507,0.0865122645893685,0.29949020913386654,0.0,1.0,0.0,0.0,0.0,0.0,1.0,0.0,1
4837,-0.6313185037140406,-0.5736729733833892,-0.1428529697823584,0.5840807260020958,0.39885376190344024,-0.29378371049559754,0.17232860128673097,0.42362916551273827,0.0,1.0,0.0,0.0,0.0,0.0,0.0,1.0,1
2977,-0.6589325382646742,0.04117278624896652,-0.025969946692727428,0.5840807260020958,0.39885376190344024,-0.21134949040167608,-0.022548289126191633,0.14172696915665103,0.0,1.0,0.0,0.0,0.0,0.0,1.0,0.0,1
180,0.19694996907816562,-0.5736729733833892,-0.25973599287198934,0.5840807260020958,0.39885376190344024,-0.37621793058951886,-0.3413452427039109,-0.3194337216505811,0.0,0.0,0.0,1.0,0.0,0.0,1.0,0.0,1
3432,0.09885149274635706,-0.5736729733833892,2.3701320266447072,-1.5580246260838309,0.39885376190344024,3.8691444042474337,1.4495698637243608,0.8268739475946117,0.0,1.0,1.0,0.0,0.0,0.0,0.0,1.0,1
1196,-0.3017808538280275,-0.24649378837782335,-0.37661901596162034,-1.5580246260838309,0.39885376190344024,-0.005263940166872497,-0.05352934649140978,-0.26029182101729265,1.0,0.0,0.0,0.0,0.0,0.0,0.0,0.0,1
923,-0.6116377829569594,-0.5736729733833892,-0.05519070246513517,-0.12995439135987974,0.39885376190344024,-0.0959415822701861,0.35897916061119467,0.47511044877543507,0.0,0.0,0.0,0.0,0.0,0.0,1.0,0.0,1
4117,-0.8745050842317745,-0.5736729733833892,-0.6980473294581054,-2.2720597434458063,0.39885376190344024,-0.2319580454251564,1.408469386489962,0.32559962660639696,0.0,0.0,0.0,0.0,1.0,0.0,0.0,1.0,1
2706,-0.1978849558778539,-0.5736729733833892,-0.4935020390512513,0.5840807260020958,0.39885376190344024,-0.5410863707773618,-0.3378530635666834,-0.3143820556127691,0.0,0.0,1.0,0.0,0.0,0.0,0.0,1.0,1
4494,0.4480698633894516,1.2247047139496874,-0.7272680852305132,0.5840807260020958,0.39885376190344024,-0.7059548109652046,-0.5034567799975179,-0.5539386869181259,0.0,1.0,1.0,0.0,0.0,0.0,1.0,0.0,1
1512,-0.6172826408485254,0.33880983265357834,0.8214319707070971,0.5840807260020958,0.39885376190344024,0.3862986052792542,0.22489666268174666,0.4996723122092841,0.0,1.0,0.0,0.0,0.0,0.0,1.0,0.0,1
2320,0.025926031336396736,-0.5736729733833892,-0.11363221400995065,-2.2720597434458063,-2.5071845761908427,1.0045552559836646,0.3078867074292469,-0.2050887032434254,0.0,1.0,0.0,0.0,0.0,0.0,0.0,0.0,0
2494,-0.7654220195704322,0.26495448615119327,0.09091307639690353,0.5840807260020958,0.39885376190344024,-0.12891527030775465,0.05245761980563401,0.2502279331383927,0.0,1.0,0.0,1.0,0.0,0.0,0.0,1.0,1
1779,-0.609044199601375,0.8196081383841052,0.14935458794171902,2.012150960726047,0.39885376190344024,-0.29378371049559754,-0.2552273652618344,-0.0539799287997949,0.0,1.0,1.0,0.0,0.0,0.0,1.0,0.0,1
1970,0.1656744050843542,3.0252980616778355,1.6980546438793294,0.5840807260020958,-2.5071845761908427,1.0045552559836646,-0.20882828210332383,-0.12773925152339663,0.0,1.0,1.0,0.0,0.0,0.0,1.0,0.0,0
7,0.34554703898046973,-0.5736729733833892,0.8214319707070971,-1.5580246260838309,0.39885376190344024,1.6846375717585165,0.3440440049532934,0.027266136079195383,1.0,0.0,0.0,0.0,0.0,0.0,0.0,0.0,1
1908,-0.7513861567049168,0.41783505341113036,-0.46428128327884355,0.5840807260020958,0.39885376190344024,-0.5204778157538814,-0.28063219004644496,-0.23160831118063088,0.0,1.0,0.0,0.0,0.0,0.0,1.0,0.0,1
3859,-0.3985062566186443,-0.5736729733833892,1.2597433072932132,0.5840807260020958,0.39885376190344024,0.6954269306314594,0.64463268641253,1.1068479846492643,1.0,0.0,0.0,0.0,0.0,0.0,1.0,0.0,1
2111,-0.38157168294394644,-0.5736729733833892,-0.7272680852305132,0.5840807260020958,-2.5071845761908427,-0.7059548109652046,-0.3984999658247688,-0.40211177519379115,0.0,0.0,1.0,0.0,0.0,1.0,1.0,0.0,1
245,-0.46609198759063686,-0.5736729733833892,0.47078290143820417,0.5840807260020958,0.39885376190344024,0.13899594499748985,0.3238125593531308,0.6427606407797501,0.0,1.0,0.0,0.0,0.0,0.0,1.0,0.0,1
4471,1.0542055499621972,0.33327068166589946,-0.7272680852305132,-0.8439895087218553,0.39885376190344024,-0.6029120358478028,-0.48783820308907333,-0.5600617546956691,0.0,1.0,1.0,0.0,0.0,1.0,1.0,0.0,1
4476,-0.5214726204187029,0.251660523780764,-0.7272680852305132,-2.2720597434458063,0.39885376190344024,-0.29378371049559754,-0.20522787655670396,-0.4525066635455869,0.0,1.0,1.0,0.0,0.0,0.0,1.0,0.0,1
1383,-0.5780737630611616,-0.5736729733833892,-0.7272680852305132,-0.12995439135987974,0.39885376190344024,-0.6647377009182438,-0.2926963038518216,-0.31046561565785497,0.0,1.0,0.0,0.0,0.0,0.0,0.0,1.0,1
1219,3.131208126604875,-0.5736729733833892,2.516235805506746,2.012150960726047,-2.5071845761908427,0.958186007180834,-0.33413624349939514,-0.20617574870113273,0.0,0.0,0.0,0.0,0.0,0.0,0.0,1.0,1
3875,0.9057610437866921,-0.17965469979316484,-0.7272680852305132,0.5840807260020958,0.39885376190344024,-0.7059548109652046,-0.500903934495115,-0.5502458285573409,0.0,0.0,1.0,0.0,0.0,1.0,1.0,0.0,1
3283,0.4718698047701081,0.17448168668577158,-0.7272680852305132,0.5840807260020958,-2.5071845761908427,-0.7059548109652046,-0.4935615960722873,-0.5396246547311417,1.0,1.0,0.0,0.0,0.0,0.0,0.0,1.0,1
2193,-0.787848887409897,-0.5736729733833892,-0.7272680852305132,0.5840807260020958,0.39885376190344024,-0.7059548109652046,-0.15848748089423015,-0.054917982684905255,0.0,1.0,0.0,0.0,0.0,1.0,0.0,1.0,1
2694,-0.06057760175868173,1.8831251280184502,-0.7272680852305132,0.5840807260020958,-2.5071845761908427,-0.7059548109652046,-0.49824379123675305,-0.5463977569590868,0.0,1.0,0.0,0.0,0.0,0.0,1.0,0.0,0
2552,2.3096524577918283,3.481724103062575,2.808443363230823,-0.8439895087218553,0.39885376190344024,3.1375407009138816,-0.16409842392386623,-0.2478545466778947,0.0,1.0,0.0,0.0,0.0,1.0,1.0,0.0,1
1769,0.12570270866299518,-0.5736729733833892,-0.7272680852305132,-0.12995439135987974,0.39885376190344024,-0.6647377009182438,-0.44648075644438684,-0.4958483584901983,1.0,1.0,0.0,0.0,0.0,1.0,0.0,1.0,1
1906,-0.8264475102900642,1.6349711637704363,0.8506527264795047,0.5840807260020958,0.39885376190344024,0.4069071603027345,0.009763970748071449,0.18846877116551258,0.0,1.0,0.0,1.0,0.0,0.0,1.0,0.0,1
611,-0.32268208439950147,2.340289722868214,1.2305225515208054,0.5840807260020958,0.39885376190344024,0.6748183756079791,-0.15452183642726816,-0.04918141801150964,1.0,1.0,1.0,0.0,0.0,0.0,0.0,0.0,1
3589,-0.49370602214127035,0.08917876147551682,-0.7272680852305132,-2.2720597434458063,0.39885376190344024,-0.29378371049559754,-0.18880397811748012,-0.444587248313854,1.0,0.0,1.0,0.0,0.0,1.0,0.0,0.0,1
511,-0.3196308098635199,-0.5736729733833892,0.38312063412098096,0.5840807260020958,0.39885376190344024,0.07717027992704895,0.1058294882382766,0.32743383940521575,0.0,0.0,1.0,0.0,0.0,1.0,1.0,0.0,1
756,0.07276309546371434,-0.5736729733833892,-0.5811643063684745,0.5840807260020958,0.39885376190344024,-0.6029120358478028,-0.4152511333417078,-0.4263434370627178,0.0,0.0,0.0,0.0,0.0,0.0,0.0,1.0,1
3685,-0.6601530480790668,1.4281761935637582,0.6168866803002429,-0.12995439135987974,0.39885376190344024,0.4728545363778716,-0.0015763807181272827,0.040471094353065576,0.0,1.0,1.0,0.0,0.0,0.0,0.0,1.0,1
1223,0.00410941840412827,-0.5736729733833892,-0.6980473294581054,-0.12995439135987974,0.39885376190344024,-0.6400074348900675,-0.42346115709893606,-0.46809889231452856,0.0,1.0,0.0,0.0,0.0,0.0,1.0,0.0,1
4473,0.11898990468383565,-0.5736729733833892,-0.7272680852305132,0.5840807260020958,0.39885376190344024,-0.7059548109652046,-0.46281225733906495,-0.4951437206038294,0.0,0.0,1.0,0.0,0.0,1.0,0.0,0.0,1
4981,0.48468515782123084,-0.5736729733833892,-0.7272680852305132,0.5840807260020958,-2.5071845761908427,-0.7059548109652046,-0.4831003257442908,-0.5244917414550305,1.0,1.0,0.0,0.0,0.0,0.0,1.0,0.0,1
4280,2.9614046986774984,-0.5736729733833892,-0.4935020390512513,0.5840807260020958,0.39885376190344024,-0.5410863707773618,-0.5032986404805192,-0.5537099277405847,1.0,0.0,0.0,0.0,0.0,0.0,0.0,1.0,1
254,-0.8174462504089185,-0.5736729733833892,-0.7272680852305132,-1.5580246260838309,0.39885376190344024,-0.499869260730401,0.33391206039617494,0.019937875098743098,0.0,0.0,1.0,0.0,0.0,0.0,0.0,0.0,1
2547,-0.5626648266544546,0.23873583814284657,1.7564961554241447,-0.12995439135987974,0.39885376190344024,1.4373349114767524,0.8272639307458239,1.0396142958851913,0.0,1.0,0.0,0.0,0.0,0.0,0.0,0.0,0
3393,-0.3341243639094325,1.4222677658435674,-0.20129448132717387,-0.8439895087218553,0.39885376190344024,-0.04648105021383322,-0.2783885313859984,-0.35807330152727873,0.0,1.0,0.0,1.0,0.0,0.0,0.0,1.0,1
3094,-0.664272268702642,-0.5736729733833892,-0.522722794823659,0.5840807260020958,0.39885376190344024,-0.561694925800842,-0.10376909199880109,0.024235753697092733,0.0,1.0,0.0,0.0,0.0,0.0,0.0,0.0,1
4584,-0.3948447271754664,-0.5736729733833892,1.3474055746104363,0.5840807260020958,0.39885376190344024,0.7572525957019005,0.6834530952924817,1.1630042508104879,1.0,1.0,0.0,0.0,0.0,0.0,1.0,0.0,1
1645,0.016314516548054683,1.4706430178026295,2.9253263863204544,-2.2720597434458063,-2.5071845761908427,7.434424423309535,1.541063656514616,0.3895350610319993,1.0,1.0,0.0,0.0,1.0,1.0,0.0,1.0,0
1827,1.2783216646300462,-0.5736729733833892,-0.7272680852305132,-1.5580246260838309,0.39885376190344024,-0.499869260730401,-0.462828956286752,-0.5563311787998233,0.0,0.0,0.0,1.0,0.0,0.0,0.0,1.0,1
4535,-0.5896686062978918,-0.5736729733833892,-0.7272680852305132,0.5840807260020958,0.39885376190344024,-0.7059548109652046,-0.3296794583517188,-0.3025583998813799,0.0,0.0,0.0,0.0,0.0,0.0,0.0,1.0,1
745,-0.6203339153845069,-0.5736729733833892,-0.7272680852305132,2.012150960726047,0.39885376190344024,-0.7574761985239055,-0.3721730714872237,-0.27953943541614823,0.0,1.0,0.0,0.0,1.0,0.0,0.0,0.0,1
2143,-0.1284684601842724,-0.5736729733833892,-0.4935020390512513,2.012150960726047,-2.5071845761908427,-0.6338248683830233,-0.402207323316471,-0.3374681208108888,0.0,1.0,0.0,0.0,0.0,0.0,0.0,0.0,0
4674,0.40825073069489165,-0.5736729733833892,-0.7272680852305132,0.5840807260020958,0.39885376190344024,-0.7059548109652046,-0.4797069057151696,-0.5195829369408522,0.0,1.0,0.0,0.0,0.0,0.0,0.0,0.0,1
1347,0.5434221926388767,-0.5736729733833892,-0.7272680852305132,0.5840807260020958,0.39885376190344024,-0.7059548109652046,-0.48548541527285,-0.5279419298030797,1.0,0.0,0.0,0.0,1.0,1.0,1.0,0.0,1
4799,0.3145766024402564,0.48578197219332464,0.5000036572106119,0.5840807260020958,0.39885376190344024,0.15960450002097037,-0.2629922356450281,-0.20609096082244352,1.0,0.0,0.0,1.0,0.0,0.0,0.0,0.0,1
1866,0.6729487966912958,-0.5736729733833892,-0.11363221400995065,-0.8439895087218553,0.39885376190344024,0.04625744739182827,-0.2812937351259583,-0.3608750132931745,1.0,1.0,0.0,0.0,0.0,1.0,0.0,1.0,1
1679,-0.5089623948211783,-0.5736729733833892,1.4642885977000673,0.5840807260020958,0.39885376190344024,0.8396868157958219,1.0218613825304625,1.6525340212996955,0.0,1.0,0.0,1.0,0.0,1.0,0.0,0.0,0
1084,-0.022131542605313522,0.315914675237839,-0.7272680852305132,0.5840807260020958,0.39885376190344024,-0.7059548109652046,-0.47663571244166925,-0.5151402545509634,0.0,1.0,0.0,0.0,0.0,0.0,1.0,0.0,1
127,-0.563275081561651,-0.23504620966995365,-0.7272680852305132,-2.2720597434458063,0.39885376190344024,-0.29378371049559754,-0.07042808321324326,-0.38750775110168506,0.0,1.0,0.0,0.0,0.0,1.0,0.0,1.0,1
4987,-0.24731560336075586,0.7328281062438027,2.2240282477826687,0.5840807260020958,0.39885376190344024,1.375509246406311,0.2692144413523899,0.5637808841307953,1.0,1.0,1.0,0.0,0.0,0.0,0.0,1.0,1
1548,0.3440214017124789,2.6645146940136843,3.0422094094100856,0.5840807260020958,0.39885376190344024,1.9525487870637606,-0.04681246632999897,0.10662724629041939,0.0,0.0,1.0,0.0,0.0,1.0,0.0,1.0,1
453,0.0823746102520564,-0.5736729733833892,-0.7272680852305132,-0.8439895087218553,0.39885376190344024,-0.6029120358478028,-0.41638284915519697,-0.4911518524058024,0.0,1.0,0.0,0.0,1.0,1.0,1.0,0.0,1
2101,-0.675561984485774,0.5275102429671722,0.2077960994865345,0.5840807260020958,0.39885376190344024,-0.04648105021383322,-0.0449011646821886,0.1093920694116991,0.0,1.0,0.0,1.0,0.0,0.0,0.0,1.0,1
2625,-0.6633568863418475,-0.5736729733833892,-0.6980473294581054,0.5840807260020958,0.39885376190344024,-0.6853462559417242,-0.26103988736463046,-0.2032667610564787,1.0,0.0,1.0,0.0,0.0,0.0,1.0,0.0,1
2664,0.0462170070006744,-0.5736729733833892,1.2305225515208054,0.5840807260020958,-2.5071845761908427,0.6748183756079791,0.1475122616554314,0.38773070350034333,0.0,0.0,0.0,0.0,0.0,0.0,0.0,0.0,0
4139,-0.28759242723571304,-0.5736729733833892,-0.7272680852305132,0.5840807260020958,-2.5071845761908427,-0.7059548109652046,-0.4171002003237031,-0.42901823366035197,1.0,1.0,0.0,0.0,1.0,0.0,0.0,0.0,0
2809,-0.5568674050360896,-0.5736729733833892,-0.7272680852305132,0.5840807260020958,0.39885376190344024,-0.7059548109652046,-0.34446413565423367,-0.3239454047497547,1.0,1.0,0.0,0.0,0.0,0.0,0.0,1.0,1
668,-0.9500241289973191,0.8450882329274281,-0.7272680852305132,-1.5580246260838309,0.39885376190344024,-0.499869260730401,-0.2574032729688299,-0.40775032041131076,0.0,1.0,0.0,0.0,0.0,0.0,0.0,1.0,1
1113,0.07489898763890147,0.48725907912337235,0.09091307639690353,-0.12995439135987974,0.39885376190344024,0.027709747870696057,-0.2596058232064131,-0.27057599118496495,0.0,1.0,0.0,0.0,0.0,1.0,1.0,0.0,1
1150,-0.7005824356808231,-0.5736729733833892,1.376626330382844,-0.12995439135987974,0.39885376190344024,1.1158414531104586,2.295194964887873,2.8091630169054307,0.0,0.0,0.0,0.0,1.0,0.0,0.0,1.0,1
1864,1.0888375159455883,0.6035812498646288,-0.7272680852305132,-0.8439895087218553,-2.5071845761908427,-0.6029120358478028,-0.49117012661098675,-0.5632749852192326,0.0,1.0,0.0,0.0,0.0,0.0,0.0,0.0,0
2309,0.48544797645522625,-0.5736729733833892,0.9967565053415435,0.5840807260020958,-2.5071845761908427,0.5099499354201362,-0.1039987782508339,0.023903497477365313,0.0,0.0,1.0,0.0,0.0,0.0,1.0,0.0,1
347,-0.7966975835642436,-0.050777120146502895,-0.20129448132717387,0.5840807260020958,0.39885376190344024,-0.33500082054255825,0.05025498805344485,0.2470416819241512,1.0,1.0,1.0,0.0,0.0,0.0,1.0,0.0,1
4029,0.38460335304103427,0.4732265632879192,-0.7272680852305132,0.5840807260020958,0.39885376190344024,-0.7059548109652046,-0.4946097317129769,-0.541140851641732,0.0,0.0,0.0,0.0,0.0,0.0,0.0,1.0,1
1332,-0.40781264395338823,-0.5736729733833892,-0.7272680852305132,0.5840807260020958,0.39885376190344024,-0.7059548109652046,-0.392318574710493,-0.3931699877506618,0.0,0.0,0.0,0.0,0.0,0.0,0.0,1.0,1
1546,-0.7025657641292111,-0.5736729733833892,0.8798734822519125,-0.12995439135987974,0.39885376190344024,0.6954269306314594,1.7191266039956556,2.1147291453354087,0.0,0.0,0.0,0.0,1.0,0.0,0.0,1.0,0
1235,1.7427256490064462,-0.5736729733833892,2.837664119003231,-0.8439895087218553,0.39885376190344024,3.1684535334491017,0.1500649572069947,0.055117403007154446,0.0,1.0,0.0,0.0,1.0,0.0,0.0,0.0,1
3796,-0.3824870653047409,-0.5736729733833892,-0.17207372555476613,-1.5580246260838309,0.39885376190344024,0.2832558301618524,0.31738632296015284,0.007985093858885682,0.0,1.0,0.0,0.0,0.0,1.0,1.0,0.0,0
4874,-0.5788365816951571,1.8938341532612961,-0.2305152370995816,0.5840807260020958,0.39885376190344024,-0.35560937556603855,-0.3686340160715412,-0.3589087211330665,1.0,1.0,0.0,0.0,0.0,1.0,0.0,0.0,1
1504,-0.3855383398407225,-0.5736729733833892,2.2532490035550765,2.012150960726047,0.39885376190344024,0.8190782607723417,0.7108859968062753,1.809415148429974,1.0,1.0,1.0,0.0,0.0,0.0,1.0,0.0,0
3874,-0.6249108271884793,-0.5736729733833892,0.26623761103134996,0.5840807260020958,0.39885376190344024,-0.005263940166872497,0.4918988501890695,0.8859084786973089,0.0,1.0,0.0,0.0,0.0,0.0,1.0,0.0,1
3552,-0.050355832063143355,0.42558986479388083,0.032471564852088054,0.5840807260020958,0.39885376190344024,-0.17013238035471537,-0.295771942419157,-0.25350895541356966,0.0,0.0,0.0,0.0,0.0,0.0,1.0,0.0,1
1012,2.9044984285814417,-0.5736729733833892,0.7337697033898738,-2.2720597434458063,0.39885376190344024,2.7974995430264555,-0.10009307375282257,-0.40181186889672044,0.0,1.0,1.0,0.0,0.0,1.0,0.0,1.0,1
3824,-0.6012634495346219,-0.5736729733833892,1.055198016886359,-0.8439895087218553,0.39885376190344024,1.2827707488006495,1.8325435195386348,1.6776610887099381,1.0,1.0,1.0,0.0,0.0,0.0,1.0,0.0,0
4185,-0.04028662609440406,-0.5736729733833892,-0.7272680852305132,0.5840807260020958,0.39885376190344024,-0.7059548109652046,-0.4493351972785744,-0.47564826979165215,1.0,0.0,0.0,0.0,0.0,0.0,0.0,0.0,1
3631,-0.5884480964834992,2.8303199469115388,1.8149376669689603,-0.12995439135987974,0.39885376190344024,1.486795443533105,0.06674587510145154,0.12283161238204414,1.0,1.0,0.0,0.0,0.0,0.0,0.0,0.0,1
1791,-0.2178708040885334,-0.5736729733833892,-0.4058397717340281,-0.8439895087218553,0.39885376190344024,-0.26287087796037695,-0.1717830063473759,-0.2552653814829747,0.0,1.0,0.0,0.0,0.0,0.0,0.0,1.0,1
3780,-0.375011442691586,-0.17670048593306945,0.0032508090796803113,0.5840807260020958,0.39885376190344024,-0.19074093537819567,-0.13350536671764385,-0.01877971692606685,1.0,0.0,1.0,0.0,0.0,1.0,0.0,1.0,1
774,0.19313587590818862,-0.5736729733833892,-0.6103850621408823,0.5840807260020958,0.39885376190344024,-0.6235205908712832,-0.4361007470697219,-0.4565037700331861,1.0,0.0,0.0,1.0,0.0,0.0,0.0,0.0,1
4780,-0.10253262662842878,-0.5736729733833892,0.06169232062449579,0.5840807260020958,0.39885376190344024,-0.14952382533123507,-0.1604877081580252,-0.05781144253886925,0.0,1.0,0.0,0.0,0.0,0.0,1.0,0.0,1
3738,-0.4824163063581384,-0.5736729733833892,-0.7272680852305132,0.5840807260020958,-2.5071845761908427,-0.7059548109652046,-0.3715656699616178,-0.36314955065788745,0.0,1.0,0.0,0.0,0.0,1.0,0.0,0.0,1
625,-0.5417635960829806,1.291174525801834,1.4350678419276597,0.5840807260020958,0.39885376190344024,0.8190782607723417,0.10164619695669556,0.3213824343475086,1.0,1.0,0.0,0.0,0.0,1.0,1.0,0.0,1
2902,-0.5646481551028426,-0.5736729733833892,0.32467912257616544,0.5840807260020958,0.39885376190344024,0.03595316988008812,0.4013608532964569,0.7549393313364904,0.0,0.0,0.0,1.0,0.0,1.0,0.0,0.0,1
3728,-0.7527592302461085,0.9654724477263157,0.14935458794171902,0.5840807260020958,0.39885376190344024,-0.08769816026079394,-0.12261823128503387,-0.0030307618602515136,0.0,1.0,0.0,0.0,0.0,0.0,1.0,0.0,1
3021,-0.5222354390526983,0.0496661510967408,0.6461074360726506,0.5840807260020958,0.39885376190344024,0.2626472751383721,0.17334847757217803,0.4251044834135412,0.0,1.0,0.0,0.0,0.0,0.0,0.0,0.0,1
1231,-0.7892219609510887,1.1238921659739316,-0.7272680852305132,-0.8439895087218553,0.39885376190344024,-0.6029120358478028,-0.39295228997378084,-0.46855595923756693,0.0,1.0,0.0,0.0,0.0,0.0,0.0,1.0,1
226,-0.25051944162353657,-0.037113881043561656,-0.7272680852305132,0.5840807260020958,-2.5071845761908427,-0.7059548109652046,-0.4504449441107982,-0.47725359132947126,0.0,0.0,0.0,0.0,0.0,0.0,1.0,0.0,1
241,-0.3557884131149019,0.8292093334294153,-0.7272680852305132,0.5840807260020958,0.39885376190344024,-0.7059548109652046,-0.46982741812789863,-0.5052916105356372,1.0,1.0,0.0,0.0,0.0,0.0,1.0,0.0,1
1627,1.0494760744314258,-0.5736729733833892,-0.7272680852305132,0.5840807260020958,0.39885376190344024,-0.7059548109652046,-0.5004796145528116,-0.5496320219462053,0.0,1.0,0.0,1.0,0.0,0.0,1.0,0.0,1
2122,-0.3014757263744293,-0.5736729733833892,0.7922112149346893,-0.8439895087218553,0.39885376190344024,1.0045552559836646,0.6871075800093054,0.5730289747145334,0.0,0.0,0.0,0.0,0.0,0.0,1.0,0.0,0
1555,-0.033878949568842694,-0.5736729733833892,-0.46428128327884355,0.5840807260020958,-2.5071845761908427,-0.5204778157538814,-0.3622703700474669,-0.34970329001592326,0.0,1.0,1.0,0.0,0.0,1.0,0.0,1.0,0
4164,-0.5095726497283747,3.1593455155796644,2.5454565612791535,0.5840807260020958,-2.5071845761908427,1.6022033516645953,0.029578191200236543,0.21713133989140715,0.0,1.0,0.0,1.0,0.0,1.0,0.0,1.0,0
3454,-0.9678740850328116,1.4370388351440444,-0.7272680852305132,-0.8439895087218553,0.39885376190344024,-0.6029120358478028,-0.3845216385659343,-0.46042563263821595,0.0,1.0,0.0,0.0,0.0,0.0,1.0,0.0,1
2063,-0.3495333003161396,-0.5736729733833892,1.493509353472475,-1.5580246260838309,0.39885376190344024,2.6326311028386127,1.8947071773224882,1.1488340992510533,0.0,0.0,0.0,0.0,0.0,0.0,0.0,0.0,1
2653,0.6702026496089123,-0.5736729733833892,-0.7272680852305132,0.5840807260020958,0.39885376190344024,-0.7059548109652046,-0.49007500640996704,-0.5345810742351789,0.0,1.0,0.0,0.0,0.0,0.0,1.0,0.0,1
4162,-0.43512155105042355,6.609867304171096,0.09091307639690353,-1.5580246260838309,-2.5071845761908427,0.6542098205844988,-0.33887812647959664,-0.46667967859177295,0.0,1.0,1.0,0.0,0.0,1.0,0.0,1.0,0
3614,0.26529851868415355,-0.5736729733833892,-0.7272680852305132,0.5840807260020958,0.39885376190344024,-0.7059548109652046,-0.47229354115711003,-0.5088590191542064,0.0,0.0,0.0,0.0,0.0,1.0,0.0,1.0,1
2636,-0.16660939188404245,0.3140682915752794,-0.4935020390512513,-0.8439895087218553,0.39885376190344024,-0.35560937556603855,-0.33397318238398394,-0.4116778623924036,0.0,0.0,1.0,0.0,0.0,0.0,0.0,0.0,1
4608,0.25858571470499403,0.5670228533459483,1.6396131323345138,2.012150960726047,0.39885376190344024,0.4944935191525261,-0.1693868772822069,0.11158526158928322,0.0,1.0,0.0,0.0,0.0,0.0,0.0,0.0,1
4944,1.9962865629465174,1.934085317105096,-0.7272680852305132,-2.2720597434458063,-2.5071845761908427,-0.29378371049559754,-0.47518304198674477,-0.5826759444202113,1.0,0.0,0.0,1.0,0.0,0.0,0.0,1.0,0
1016,-0.5945506455554623,-0.5736729733833892,-0.4935020390512513,-0.8439895087218553,0.39885376190344024,-0.35560937556603855,0.04687671386552083,-0.044394969049725626,1.0,0.0,1.0,0.0,0.0,0.0,1.0,0.0,1
2147,-0.6534402440999073,-0.5736729733833892,-0.63960581791329,0.5840807260020958,0.39885376190344024,-0.6441291458947634,-0.2176599903191225,-0.14051489638479808,0.0,1.0,0.0,0.0,0.0,1.0,0.0,1.0,1
3101,0.4466967898482599,0.11982873027400662,1.1428602842035822,0.5840807260020958,0.39885376190344024,0.612992710537538,-0.13831609027833577,-0.025738743904316876,0.0,1.0,1.0,0.0,0.0,1.0,0.0,0.0,1
2753,-0.37531657014518416,-0.5736729733833892,-0.7272680852305132,2.012150960726047,0.39885376190344024,-0.7574761985239055,-0.4367741471424005,-0.40413902288269427,1.0,1.0,0.0,0.0,1.0,0.0,0.0,1.0,1
3637,-0.03174305739365557,0.9942760328622459,0.47078290143820417,0.5840807260020958,0.39885376190344024,0.13899594499748985,-0.24551275581681575,-0.18080574745366398,0.0,1.0,0.0,0.0,0.0,0.0,0.0,0.0,1
3146,-0.6142313663125437,-0.5736729733833892,-0.7272680852305132,-0.12995439135987974,0.39885376190344024,-0.6647377009182438,-0.271060826692422,-0.2843846690427749,0.0,1.0,1.0,0.0,0.0,0.0,0.0,1.0,1
4447,-0.22763488260367454,-0.5736729733833892,-0.7272680852305132,-1.5580246260838309,0.39885376190344024,-0.499869260730401,-0.3060434523233939,-0.4429309243355417,0.0,1.0,1.0,0.0,0.0,1.0,1.0,0.0,1
242,0.0831374288860518,-0.030097623125835075,-0.7272680852305132,-0.8439895087218553,0.39885376190344024,-0.6029120358478028,-0.4382894660496809,-0.5122780906313855,1.0,1.0,1.0,0.0,0.0,0.0,1.0,0.0,1
315,-0.27737065754017465,-0.5736729733833892,-0.7272680852305132,-0.12995439135987974,0.39885376190344024,-0.6647377009182438,-0.3931376922995912,-0.43154482600994604,0.0,1.0,0.0,1.0,0.0,1.0,0.0,0.0,1
3903,-0.6871568277225041,-0.26384979480588383,-0.37661901596162034,0.5840807260020958,0.39885376190344024,-0.4586521506834403,-0.0988249448332156,0.03138778666587127,1.0,0.0,0.0,0.0,0.0,0.0,1.0,0.0,1
3121,-0.5803622189631479,-0.5736729733833892,0.14935458794171902,0.5840807260020958,0.39885376190344024,-0.08769816026079394,0.30582267433179117,0.6167370928415445,1.0,0.0,0.0,0.0,0.0,1.0,0.0,0.0,0
4071,-0.6131634202249502,-0.5736729733833892,-0.7272680852305132,-0.8439895087218553,0.39885376190344024,-0.6029120358478028,-0.20284238898397078,-0.2852183367877924,0.0,1.0,0.0,1.0,0.0,0.0,0.0,1.0,1
3333,0.1470616304148664,-0.5736729733833892,-0.7272680852305132,0.5840807260020958,0.39885376190344024,-0.7059548109652046,-0.4648126109748495,-0.49803736326316006,0.0,1.0,0.0,0.0,0.0,1.0,0.0,1.0,1
4716,4.027214894095873,-0.5736729733833892,-0.4935020390512513,-1.5580246260838309,0.39885376190344024,-0.17013238035471537,-0.4777541683275996,-0.5671263275896058,0.0,0.0,0.0,1.0,0.0,1.0,1.0,0.0,1
4520,-0.5323046450214376,-0.5736729733833892,-0.7272680852305132,-1.5580246260838309,0.39885376190344024,-0.499869260730401,-0.16117603327446214,-0.33815081540677294,0.0,0.0,0.0,1.0,0.0,0.0,0.0,1.0,1
1412,0.03996189420191211,-0.005356082047536077,-0.7272680852305132,0.5840807260020958,0.39885376190344024,-0.7059548109652046,-0.47283388361335227,-0.5096406599371456,0.0,1.0,0.0,0.0,0.0,1.0,0.0,1.0,1
3415,-0.3733332416967961,1.0825331719325961,-0.7272680852305132,0.5840807260020958,0.39885376190344024,-0.7059548109652046,-0.47482963410705475,-0.5125276438497142,1.0,0.0,0.0,0.0,0.0,0.0,0.0,1.0,1
1127,-0.6297928664460499,-0.04191447856621669,-0.6980473294581054,0.5840807260020958,0.39885376190344024,-0.6853462559417242,-0.37619134482958533,-0.3698408925719862,0.0,0.0,0.0,1.0,0.0,0.0,0.0,1.0,1
4734,-0.09353136674728305,1.5042472004612149,-0.7272680852305132,-0.12995439135987974,0.39885376190344024,-0.6647377009182438,-0.4822220836797651,-0.5389335024281043,0.0,1.0,0.0,0.0,0.0,0.0,1.0,0.0,1
2137,1.5491222796984134,2.8114868335534307,-0.7272680852305132,0.5840807260020958,-2.5071845761908427,-0.7059548109652046,-0.5228115278221073,-0.581936598369345,0.0,1.0,0.0,0.0,0.0,1.0,1.0,0.0,0
139,-0.7597771616788662,-0.5736729733833892,-0.7272680852305132,-1.5580246260838309,0.39885376190344024,-0.499869260730401,0.1524670187964603,-0.11129819818963006,0.0,1.0,1.0,0.0,0.0,0.0,0.0,1.0,1
817,0.48788899608401154,-0.5736729733833892,-0.5519435505960668,0.5840807260020958,0.39885376190344024,-0.5823034808243225,-0.44474078422078417,-0.4690021501352176,0.0,0.0,0.0,0.0,0.0,0.0,1.0,0.0,1
328,0.19542433181017482,-0.5736729733833892,1.376626330382844,-0.12995439135987974,0.39885376190344024,1.1158414531104586,0.23338000196911277,0.3237042686709229,0.0,1.0,0.0,0.0,0.0,1.0,1.0,0.0,1
3947,0.016314516548054683,-0.5736729733833892,-0.7272680852305132,2.012150960726047,0.39885376190344024,-0.7574761985239055,-0.4777906320989477,-0.483249735097345,0.0,1.0,0.0,0.0,0.0,0.0,1.0,0.0,1
896,-0.3838601388459326,0.04264989317901422,-0.7272680852305132,-0.12995439135987974,-2.5071845761908427,-0.6647377009182438,-0.4182308984911011,-0.4617939657104605,0.0,1.0,0.0,0.0,0.0,0.0,0.0,1.0,0
4542,-0.8651986968970306,0.7653244587048521,-0.7272680852305132,0.5840807260020958,0.39885376190344024,-0.7059548109652046,-0.41273072718850584,-0.42269750434698367,0.0,1.0,1.0,0.0,0.0,0.0,1.0,0.0,1
1359,-0.1716439948684121,-0.5736729733833892,0.8214319707070971,0.5840807260020958,0.39885376190344024,0.3862986052792542,0.16383005039479773,0.4113354545591017,0.0,1.0,0.0,0.0,0.0,0.0,0.0,0.0,0
867,-0.05996734685148541,1.8177631463638395,0.14935458794171902,0.5840807260020958,0.39885376190344024,-0.08769816026079394,-0.3481611779485289,-0.32929341877324847,0.0,1.0,0.0,1.0,0.0,0.0,0.0,1.0,1
4292,-0.8111911376101563,0.5249253058395887,-0.3473982601892126,0.5840807260020958,0.39885376190344024,-0.43804359565996,-0.21711007720756667,-0.13971941102158178,0.0,0.0,1.0,0.0,0.0,0.0,0.0,0.0,1
2394,-0.3385487119866058,0.33548634206097105,2.3409112708722994,0.5840807260020958,0.39885376190344024,1.4579434665002327,0.4992736971792068,0.8965766782970903,0.0,0.0,1.0,0.0,0.0,0.0,1.0,0.0,1
3958,0.7924061947749755,-0.5736729733833892,0.14935458794171902,-0.8439895087218553,0.39885376190344024,0.32447294020881307,-0.2264244149253942,-0.30796030102079264,0.0,1.0,0.0,0.0,0.0,0.0,0.0,1.0,1
4212,0.3797213137834637,0.010892094182988638,0.4123413898933887,-0.8439895087218553,0.39885376190344024,0.6026884330257978,-0.11368911720257326,-0.19924096897623322,0.0,1.0,0.0,1.0,0.0,0.0,0.0,1.0,1
1039,0.6929346449019753,0.6848221310172524,-0.17207372555476613,-1.5580246260838309,0.39885376190344024,0.2832558301618524,-0.2950335193968059,-0.4349676294903656,0.0,1.0,0.0,0.0,0.0,0.0,0.0,1.0,1
4254,-0.13579151907062825,-0.5736729733833892,0.032471564852088054,0.5840807260020958,0.39885376190344024,-0.17013238035471537,-0.15709619083932497,-0.0529053904200394,0.0,1.0,0.0,0.0,0.0,0.0,0.0,1.0,0
1932,-0.5231508214134928,-0.5736729733833892,-0.6103850621408823,0.5840807260020958,-2.5071845761908427,-0.6235205908712832,-0.281830171625977,-0.23334127006430683,0.0,0.0,0.0,0.0,0.0,0.0,1.0,0.0,0
4572,0.3923841031077873,-0.5736729733833892,-0.7272680852305132,-1.5580246260838309,0.39885376190344024,-0.499869260730401,-0.4105217474453714,-0.5184982756105391,0.0,0.0,0.0,0.0,1.0,0.0,1.0,0.0,1
462,-0.6114852192301603,-0.10653790675580363,-0.7272680852305132,0.5840807260020958,0.39885376190344024,-0.7059548109652046,-0.3896534213379332,-0.38931466869380227,0.0,1.0,1.0,0.0,0.0,1.0,0.0,1.0,1
607,-0.7628284362148477,0.29671228514721887,-0.7272680852305132,0.5840807260020958,0.39885376190344024,-0.7059548109652046,-0.3934334118971456,-0.39478267281984003,0.0,0.0,1.0,0.0,0.0,1.0,0.0,1.0,1
4665,-0.3789780995883621,-0.10579935329077977,-0.7272680852305132,2.012150960726047,0.39885376190344024,-0.7574761985239055,-0.46133184000321736,-0.4515047728884795,1.0,1.0,0.0,0.0,0.0,0.0,0.0,1.0,1
1456,0.3299855388469635,-0.5736729733833892,1.6396131323345138,0.5840807260020958,0.39885376190344024,0.9633381459367041,0.10373641118473415,0.324406066243986,0.0,0.0,0.0,0.0,0.0,1.0,0.0,0.0,0
4785,-0.4526663796323178,1.8321649389318044,-0.11363221400995065,0.5840807260020958,-2.5071845761908427,-0.2731751554721171,-0.3552214497675844,-0.3395065647673451,0.0,0.0,0.0,0.0,0.0,0.0,0.0,1.0,0
2030,0.3902482109326002,-0.5736729733833892,0.7337697033898738,0.5840807260020958,0.39885376190344024,0.32447294020881307,-0.13616714152938647,-0.022630148673236126,0.0,0.0,0.0,0.0,0.0,1.0,0.0,1.0,1
3443,1.6325746382575104,-0.5736729733833892,-0.7272680852305132,-0.8439895087218553,0.39885376190344024,-0.6029120358478028,-0.49237693057780996,-0.5644387992493718,1.0,1.0,0.0,1.0,0.0,0.0,0.0,1.0,0
3799,-0.7072952396599826,4.531208576861467,-0.20129448132717387,0.5840807260020958,0.39885376190344024,-0.33500082054255825,-0.43498810842634134,-0.4548942653009675,0.0,0.0,1.0,0.0,0.0,1.0,1.0,0.0,1
333,-0.6037044691634071,-0.3853418398023073,-0.46428128327884355,2.012150960726047,0.39885376190344024,-0.618368452115413,-0.275643797362673,-0.09335820526815883,1.0,0.0,1.0,0.0,0.0,0.0,1.0,0.0,1
2150,-0.388437050649905,-0.01384944689531036,0.938314993796728,-0.8439895087218553,0.39885376190344024,1.1591194186597675,0.5685483373034272,0.458693163881059,0.0,1.0,0.0,0.0,0.0,0.0,0.0,1.0,1
3669,-0.05676350858870472,-0.5736729733833892,-0.7272680852305132,-1.5580246260838309,0.39885376190344024,-0.499869260730401,-0.3479911326549474,-0.4732709589914001,0.0,1.0,1.0,0.0,0.0,0.0,0.0,1.0,1
2172,-0.45937918361147734,-0.5736729733833892,0.44156214566579643,0.5840807260020958,0.39885376190344024,0.11838738997400955,0.29685326458981315,0.6037622536960527,0.0,1.0,0.0,1.0,0.0,0.0,1.0,0.0,0
4257,1.3036472432786934,2.0795803497147944,-0.4935020390512513,-2.2720597434458063,0.39885376190344024,0.200821610067931,-0.39351399010980526,-0.5432960654110482,0.0,1.0,0.0,0.0,0.0,0.0,0.0,1.0,1
4177,-0.08132626860335664,-0.5736729733833892,-0.4935020390512513,-0.8439895087218553,0.39885376190344024,-0.35560937556603855,-0.2713027212975069,-0.3512399090106822,0.0,0.0,0.0,0.0,0.0,0.0,0.0,0.0,1
2207,-0.043337900630385666,-0.5736729733833892,-0.7272680852305132,0.5840807260020958,0.39885376190344024,-0.7059548109652046,-0.4490349608116568,-0.47521395806145705,0.0,1.0,0.0,0.0,0.0,0.0,1.0,0.0,1
699,-0.39316652618067655,-0.5736729733833892,-0.08441145823754291,0.5840807260020958,0.39885376190344024,-0.2525666004486368,-0.06239428888130913,0.08408711856599889,0.0,1.0,0.0,1.0,0.0,0.0,0.0,0.0,1
2078,-0.36921402107322093,0.14789376194491294,0.7045489476174661,-0.12995439135987974,-2.5071845761908427,0.5470453344624009,0.16893741180995536,0.24602057622005966,0.0,1.0,0.0,0.0,0.0,0.0,1.0,0.0,0
4258,-0.3431256237905782,-0.5736729733833892,1.493509353472475,-0.8439895087218553,0.39885376190344024,1.7464632368289574,1.2673383660218533,1.1325902191623245,1.0,1.0,1.0,0.0,0.0,1.0,1.0,0.0,0
1479,-0.5115559781767628,-0.5736729733833892,-0.7272680852305132,0.5840807260020958,0.39885376190344024,-0.7059548109652046,-0.3618680347708179,-0.3491212856647733,1.0,0.0,1.0,0.0,0.0,0.0,1.0,0.0,1
2050,0.4109968777772751,-0.5736729733833892,-0.05519070246513517,0.5840807260020958,0.39885376190344024,-0.2319580454251564,-0.3244529735117865,-0.2949979469591435,0.0,1.0,0.0,1.0,0.0,0.0,0.0,1.0,1
408,-0.21436183837215456,-0.5736729733833892,0.6168866803002429,0.5840807260020958,-2.5071845761908427,0.2420387201148916,0.11751931553362109,0.3443439408677258,0.0,1.0,1.0,0.0,0.0,0.0,0.0,0.0,0
1977,0.5602042025867755,-0.5736729733833892,-0.7272680852305132,0.5840807260020958,0.39885376190344024,-0.7059548109652046,-0.48613470697108724,-0.528881172806296,0.0,1.0,0.0,1.0,0.0,0.0,1.0,0.0,1
2960,-0.6522197342855147,-0.5736729733833892,0.5292244129830197,-1.5580246260838309,0.39885376190344024,1.2724664712889096,2.1327304765199644,1.3209922517275081,1.0,1.0,0.0,0.0,0.0,0.0,1.0,0.0,0
1131,0.010974786110086877,-0.5736729733833892,-0.7272680852305132,2.012150960726047,0.39885376190344024,-0.7574761985239055,-0.47743696444003036,-0.4825675971614913,1.0,1.0,0.0,1.0,0.0,0.0,0.0,1.0,1
4064,-0.7007349994076222,-0.24834017204038297,0.47078290143820417,0.5840807260020958,0.39885376190344024,0.13899594499748985,0.5082138725875502,0.9095092280626402,0.0,1.0,1.0,0.0,0.0,1.0,1.0,0.0,1
3212,1.8058870319012654,-0.5736729733833892,2.1363659804654453,-0.8439895087218553,0.39885376190344024,2.426545552603809,0.010589116595823489,-0.07938989447550772,0.0,1.0,0.0,0.0,1.0,0.0,0.0,1.0,1
4432,-0.14097868578179698,-0.5736729733833892,-0.7272680852305132,0.5840807260020958,0.39885376190344024,-0.7059548109652046,-0.4383511898340915,-0.459759183010606,0.0,0.0,0.0,0.0,0.0,1.0,1.0,0.0,1
3841,-0.6149941849465391,-0.5736729733833892,-0.7272680852305132,0.5840807260020958,0.39885376190344024,-0.7059548109652046,-0.3167026709701473,-0.2837866262926302,0.0,1.0,0.0,1.0,0.0,0.0,0.0,1.0,1
4884,0.20381533678412422,1.4957538356134406,1.7857169111965525,0.5840807260020958,0.39885376190344024,1.066380921054106,-0.09902652687882058,0.03109618502300029,0.0,0.0,1.0,0.0,0.0,0.0,0.0,1.0,1
2904,-0.8171411229553204,0.3587507762092223,-0.7272680852305132,0.5840807260020958,-2.5071845761908427,-0.7059548109652046,-0.3861701007529489,-0.3842758171324972,0.0,1.0,0.0,0.0,0.0,0.0,1.0,0.0,0
3004,0.13043218419376665,-0.5736729733833892,-0.46428128327884355,0.5840807260020958,-2.5071845761908427,-0.5204778157538814,-0.38826130418128696,-0.3873008799720508,1.0,0.0,0.0,0.0,0.0,0.0,0.0,0.0,0
2224,-0.5939403906482661,0.7487070057418155,-0.7272680852305132,0.5840807260020958,0.39885376190344024,-0.7059548109652046,-0.4486115276837752,-0.4746014342855141,0.0,1.0,0.0,0.0,0.0,0.0,1.0,0.0,1
2930,0.46302110861576146,0.2992972222748023,1.2305225515208054,-0.8439895087218553,0.39885376190344024,1.4682477440119726,0.06010161452538489,-0.03164117857647769,1.0,1.0,1.0,0.0,0.0,0.0,1.0,0.0,1
4732,-0.7152285534535348,-0.5736729733833892,0.2954583668037577,0.5840807260020958,0.39885376190344024,0.01534461485660781,0.8112163001306553,1.3478221016139276,0.0,0.0,0.0,0.0,0.0,1.0,0.0,1.0,1
4930,0.762808831775954,-0.5736729733833892,-0.63960581791329,0.5840807260020958,0.39885376190344024,-0.6441291458947634,-0.47670757098763966,-0.5152442026481087,0.0,1.0,1.0,0.0,0.0,0.0,1.0,0.0,1
2406,-0.7747284069051761,-0.5736729733833892,-0.7272680852305132,0.5840807260020958,0.39885376190344024,-0.7059548109652046,-0.17773133900542057,-0.08275548489676178,0.0,1.0,0.0,1.0,0.0,0.0,1.0,0.0,1
4119,-0.7135503524587449,-0.5736729733833892,-0.7272680852305132,-1.5580246260838309,0.39885376190344024,-0.499869260730401,0.05332844367275329,-0.18300342196390257,0.0,1.0,0.0,0.0,1.0,0.0,1.0,0.0,1
4523,2.9038881736742455,-0.5736729733833892,0.26623761103134996,0.5840807260020958,-2.5071845761908427,-0.005263940166872497,-0.4380356662531253,-0.45930275746785415,0.0,1.0,1.0,0.0,0.0,0.0,1.0,0.0,0
788,-0.33107308937345087,-0.5736729733833892,1.2013017957483976,0.5840807260020958,0.39885376190344024,0.6542098205844988,0.5035717103878937,0.9027940361424925,0.0,1.0,0.0,0.0,0.0,0.0,1.0,0.0,1
1808,-0.8282782750116532,-0.5736729733833892,-0.7272680852305132,-0.8439895087218553,0.39885376190344024,-0.6029120358478028,0.14742116842753217,0.05256779382550516,0.0,1.0,0.0,0.0,0.0,0.0,1.0,0.0,1
3257,-0.6157570035805345,-0.05963976172678911,-0.2305152370995816,0.5840807260020958,0.39885376190344024,-0.35560937556603855,-0.1316034476812083,-0.016028466367180198,0.0,0.0,0.0,0.0,0.0,0.0,1.0,0.0,1
769,2.1564784760855518,0.7265504017911,0.32467912257616544,0.5840807260020958,0.39885376190344024,0.03595316988008812,-0.42662720715124336,-0.4427996735411524,0.0,0.0,0.0,0.0,0.0,0.0,1.0,0.0,1
2773,-0.8226334171200872,-0.5736729733833892,-0.05519070246513517,0.5840807260020958,0.39885376190344024,-0.2319580454251564,0.941479908460677,1.536256949972259,0.0,1.0,0.0,1.0,0.0,0.0,0.0,0.0,1
2279,0.04575931582027716,-0.5736729733833892,0.5292244129830197,-0.8439895087218553,0.39885376190344024,0.72633976316668,0.17037657545014454,0.07470546116413677,0.0,1.0,0.0,0.0,0.0,1.0,1.0,0.0,1
3943,-0.9291228984258452,-0.5736729733833892,-0.7272680852305132,-0.12995439135987974,0.39885376190344024,-0.6647377009182438,0.5145430628482167,0.662638267070611,0.0,0.0,0.0,0.0,0.0,0.0,1.0,0.0,0
4249,-0.32375003048709505,2.486523308942936,-0.7272680852305132,0.5840807260020958,0.39885376190344024,-0.7059548109652046,-0.4978992472194604,-0.54589935145287,0.0,1.0,0.0,0.0,0.0,0.0,1.0,0.0,1
2131,-0.27813347617417006,-0.5736729733833892,-0.1428529697823584,-0.8439895087218553,0.39885376190344024,0.01534461485660781,0.031642095383918274,-0.05908688523506999,0.0,1.0,1.0,0.0,0.0,0.0,1.0,0.0,1
4866,-0.1663042644304443,-0.5736729733833892,0.5292244129830197,0.5840807260020958,0.39885376190344024,0.18021305504445068,0.0472803196392503,0.2427386290705485,0.0,1.0,0.0,1.0,0.0,1.0,0.0,1.0,1
4602,1.7337243891253005,-0.18999444830349876,2.5454565612791535,0.5840807260020958,0.39885376190344024,1.6022033516645953,-0.13955924909564266,-0.027537054623847115,0.0,1.0,1.0,0.0,0.0,0.0,0.0,0.0,1
1990,0.3826200245926462,1.2080872609866506,2.9253263863204544,0.5840807260020958,0.39885376190344024,1.8701145669698396,0.06560906505590651,0.26925236078321513,0.0,0.0,1.0,0.0,0.0,0.0,0.0,1.0,1
657,-0.30437443718361185,0.9876290516770312,0.38312063412098096,0.5840807260020958,0.39885376190344024,0.07717027992704895,-0.20659668600963588,-0.12451110149053582,0.0,1.0,0.0,0.0,0.0,0.0,1.0,0.0,1
1857,-0.42596772744247874,0.9972302467223413,0.2077960994865345,-0.8439895087218553,0.39885376190344024,0.3862986052792542,-0.05843771355634231,-0.1459577842037803,1.0,1.0,0.0,0.0,0.0,0.0,0.0,1.0,1
1386,1.084413167868415,0.18703709559117704,0.26623761103134996,-0.12995439135987974,0.39885376190344024,0.1760913440397545,-0.3351647791027574,-0.361660143408878,0.0,1.0,0.0,0.0,0.0,0.0,0.0,1.0,1
936,-0.7086683132011743,-0.5736729733833892,0.8214319707070971,0.5840807260020958,0.39885376190344024,0.3862986052792542,1.3169867163301743,2.079452162399843,0.0,1.0,0.0,0.0,0.0,0.0,0.0,0.0,1
785,0.7402294002096902,0.2040238252867256,-0.4350605275064358,0.5840807260020958,0.39885376190344024,-0.499869260730401,-0.4541049333148635,-0.4825480056290807,0.0,1.0,0.0,0.0,0.0,0.0,0.0,1.0,1
4928,-0.7728976421835871,-0.5736729733833892,-0.20129448132717387,0.5840807260020958,0.39885376190344024,-0.33500082054255825,0.48056112716110977,0.8695077191383561,0.0,1.0,0.0,0.0,0.0,0.0,1.0,0.0,1
3623,-0.26135146622627126,-0.06850240330707531,2.1363659804654453,-0.8439895087218553,-2.5071845761908427,2.426545552603809,1.061018906217022,0.9336204704601405,0.0,0.0,1.0,0.0,0.0,0.0,1.0,0.0,0
3890,0.26529851868415355,-0.5736729733833892,2.7207810959136003,0.5840807260020958,-2.5071845761908427,1.7258546818054772,0.41387331620062934,0.7730394291317516,0.0,1.0,0.0,0.0,0.0,1.0,1.0,0.0,0
4003,0.05445544824782473,-0.5736729733833892,-0.4935020390512513,0.5840807260020958,-2.5071845761908427,-0.5410863707773618,-0.3861701007529489,-0.3842758171324972,0.0,0.0,1.0,0.0,0.0,0.0,0.0,0.0,1
2378,-0.5011816447544253,-0.5736729733833892,-0.7272680852305132,-1.5580246260838309,0.39885376190344024,-0.499869260730401,-0.1834892998834337,-0.3542896168101099,0.0,1.0,0.0,0.0,0.0,0.0,1.0,0.0,1
1913,0.07947589944287388,-0.5736729733833892,-0.7272680852305132,-0.12995439135987974,0.39885376190344024,-0.6647377009182438,-0.4423133533788788,-0.4908246737304741,0.0,0.0,0.0,0.0,1.0,0.0,0.0,1.0,1
2942,0.2117486505776764,0.26569303961621715,1.055198016886359,-0.8439895087218553,0.39885376190344024,1.2827707488006495,0.10568725644530243,0.012320567571043746,0.0,0.0,0.0,0.0,0.0,0.0,1.0,0.0,1
2795,-0.6595427931718705,-0.5736729733833892,-0.7272680852305132,-0.12995439135987974,-2.5071845761908427,-0.6647377009182438,-0.23814045549210536,-0.24470010662252514,0.0,0.0,0.0,0.0,0.0,1.0,0.0,0.0,0
1035,1.601451637990498,-0.5736729733833892,3.071430165182493,0.5840807260020958,0.39885376190344024,1.9731573420872415,-0.027864119040184567,0.13403727272812763,0.0,1.0,1.0,0.0,0.0,1.0,0.0,0.0,1
2073,-0.16187991635327098,2.795607934055418,-0.7272680852305132,0.5840807260020958,0.39885376190344024,-0.7059548109652046,-0.5042127129048602,-0.5550321934207496,0.0,0.0,0.0,0.0,0.0,1.0,1.0,0.0,1
3364,-0.6146890574929409,-0.5736729733833892,0.9675357495691358,-2.2720597434458063,-2.5071845761908427,3.2921048635899837,4.155301444287763,1.6500905029981099,0.0,0.0,0.0,0.0,0.0,0.0,0.0,1.0,0
2712,0.0785605170820794,-0.5736729733833892,-0.7272680852305132,0.5840807260020958,0.39885376190344024,-0.7059548109652046,-0.45975486475152944,-0.49072100181083733,0.0,0.0,0.0,0.0,0.0,0.0,1.0,0.0,1
70,-0.03876098882641326,-0.040437371636168985,-0.4935020390512513,-1.5580246260838309,0.39885376190344024,-0.17013238035471537,-0.25849716161022784,-0.40854151122394544,0.0,1.0,0.0,0.0,0.0,0.0,1.0,0.0,1
3074,-0.6227749350132922,-0.07367227756224227,-0.4935020390512513,0.5840807260020958,0.39885376190344024,-0.5410863707773618,-0.26450403479758344,-0.20827787739655126,0.0,0.0,0.0,0.0,0.0,0.0,0.0,0.0,1
866,-0.09734545991726005,-0.5736729733833892,-0.7272680852305132,0.5840807260020958,0.39885376190344024,-0.7059548109652046,-0.44339906842528215,-0.46706127028622046,1.0,1.0,0.0,0.0,0.0,1.0,0.0,0.0,1
1164,0.6592180612793785,-0.5736729733833892,0.5000036572106119,0.5840807260020958,-2.5071845761908427,0.15960450002097037,-0.2474149601709694,-0.18355741074333273,0.0,1.0,0.0,1.0,0.0,0.0,0.0,1.0,0
4934,-0.5208623655115067,1.42854547029627,0.6753281918450583,0.5840807260020958,0.39885376190344024,0.2832558301618524,-0.12509736445576994,-0.0066169905013637904,0.0,1.0,0.0,0.0,1.0,1.0,0.0,1.0,1
122,1.2633704194037363,4.064073510233881,-0.025969946692727428,-1.5580246260838309,0.39885376190344024,0.4893413803966559,-0.38942299554086013,-0.5032379117735258,0.0,1.0,0.0,0.0,1.0,1.0,0.0,1.0,0
2361,-0.7858655589615089,-0.5736729733833892,0.09091307639690353,0.5840807260020958,0.39885376190344024,-0.12891527030775465,0.9189076879538033,1.5036047533775843,1.0,0.0,0.0,0.0,0.0,0.0,1.0,0.0,0
3918,0.562950349669159,-0.5736729733833892,0.5000036572106119,-1.5580246260838309,0.39885376190344024,1.2312493612419488,0.0885963508935372,-0.15749475214329042,1.0,0.0,0.0,0.0,0.0,0.0,0.0,0.0,1
2659,0.12738090965778506,-0.5736729733833892,-0.7272680852305132,0.5840807260020958,0.39885376190344024,-0.7059548109652046,-0.46342027058594953,-0.4960232516213204,0.0,0.0,0.0,0.0,1.0,0.0,0.0,1.0,1
3857,0.16353851290916707,-0.5736729733833892,-0.7272680852305132,2.012150960726047,0.39885376190344024,-0.7574761985239055,-0.48630555761115585,-0.4996729323176607,0.0,0.0,0.0,0.0,0.0,1.0,0.0,1.0,1
4959,0.08145922789126192,2.394204125814955,2.750001851686008,-2.2720597434458063,-2.5071845761908427,7.063470432886889,1.0684928394302378,0.161666839565614,0.0,1.0,0.0,0.0,0.0,0.0,1.0,0.0,0
295,-0.6091967633281741,-0.02345064194062042,-0.1428529697823584,0.5840807260020958,0.39885376190344024,-0.29378371049559754,-0.10050791201261493,0.028953264320699515,0.0,1.0,0.0,0.0,1.0,0.0,1.0,0.0,1
1094,0.30755867100749873,0.9355610323928497,0.23701685525894223,-2.2720597434458063,0.39885376190344024,1.7464632368289574,0.09413366082477446,-0.30815796778941124,0.0,1.0,0.0,0.0,0.0,1.0,1.0,0.0,1
2081,0.17299746397071003,-0.5736729733833892,-0.7272680852305132,0.5840807260020958,0.39885376190344024,-0.7059548109652046,-0.46657846868401087,-0.5005917921931894,0.0,1.0,0.0,0.0,0.0,1.0,1.0,0.0,1
4250,0.7326012138697361,0.1442009946197937,-0.7272680852305132,0.5840807260020958,0.39885376190344024,-0.7059548109652046,-0.5000195493629281,-0.5489665074913085,0.0,1.0,1.0,0.0,0.0,0.0,0.0,1.0,1
4989,4.0423187030489816,0.013107754578060191,1.610392376562106,-0.12995439135987974,0.39885376190344024,1.31368358133587,-0.34858189205650997,-0.377834087902785,0.0,1.0,0.0,0.0,1.0,0.0,0.0,1.0,1
2562,-0.6822747884649335,0.4968602741686824,-0.7272680852305132,0.5840807260020958,0.39885376190344024,-0.7059548109652046,-0.4248536191372929,-0.4402340622185166,1.0,1.0,0.0,0.0,1.0,1.0,0.0,1.0,1
2879,-0.3943870359950692,0.1412467807596983,-0.05519070246513517,0.5840807260020958,0.39885376190344024,-0.2319580454251564,-0.2036022204290984,-0.12017941073809438,0.0,1.0,0.0,0.0,0.0,0.0,0.0,0.0,1
3118,0.6952231008039615,-0.5736729733833892,-0.7272680852305132,-1.5580246260838309,0.39885376190344024,-0.499869260730401,-0.43441063337327657,-0.5357766953280005,0.0,1.0,0.0,0.0,0.0,0.0,0.0,1.0,1
4766,-0.7487925733493325,-0.5736729733833892,-0.7272680852305132,0.5840807260020958,0.39885376190344024,-0.7059548109652046,-0.21066759949946456,-0.13039994470599706,1.0,0.0,0.0,1.0,0.0,0.0,1.0,0.0,1
4529,-0.5573250962164868,-0.5736729733833892,-0.05519070246513517,0.5840807260020958,0.39885376190344024,-0.2319580454251564,0.1229060886641949,0.3521362613094315,0.0,1.0,0.0,1.0,0.0,0.0,0.0,0.0,1
2669,0.19694996907816562,2.210304313024016,-0.20129448132717387,0.5840807260020958,0.39885376190344024,-0.33500082054255825,-0.4324161573728315,-0.4511737695081186,0.0,1.0,0.0,1.0,0.0,0.0,0.0,1.0,1
2468,0.25538187644221333,-0.5736729733833892,-0.7272680852305132,0.5840807260020958,0.39885376190344024,-0.7059548109652046,-0.4717185791307155,-0.5080272988936947,1.0,1.0,0.0,0.0,0.0,1.0,1.0,0.0,1
1673,-0.681359406104139,0.3277315306782206,-0.4350605275064358,0.5840807260020958,0.39885376190344024,-0.499869260730401,-0.27919331587966556,-0.22952688537875313,1.0,0.0,0.0,0.0,0.0,1.0,0.0,0.0,1
3119,1.7791883797114263,1.3665069792342666,2.3701320266447072,0.5840807260020958,-2.5071845761908427,1.478552021523713,-0.2333580741639153,-0.16322320369128443,0.0,1.0,1.0,0.0,0.0,0.0,1.0,0.0,0
3702,-0.6796812051093492,-0.5736729733833892,1.2013017957483976,0.5840807260020958,0.39885376190344024,0.6542098205844988,1.5207055751848548,2.37414484570675,0.0,1.0,1.0,0.0,0.0,0.0,0.0,0.0,1
2103,0.8050689840992993,-0.5736729733833892,-0.4935020390512513,0.5840807260020958,0.39885376190344024,-0.5410863707773618,-0.4517629103928166,-0.47916011595041025,0.0,1.0,0.0,0.0,0.0,1.0,1.0,0.0,1
298,0.39680845118496066,-0.5736729733833892,1.8149376669689603,-1.5580246260838309,0.39885376190344024,3.0860193133551803,0.7761646341889022,0.33981154414214854,0.0,0.0,0.0,1.0,0.0,1.0,0.0,0.0,0
4797,-0.8822858342985276,-0.5736729733833892,-0.7272680852305132,0.5840807260020958,0.39885376190344024,-0.7059548109652046,0.07455430213664645,0.2821922325896839,1.0,1.0,1.0,0.0,0.0,0.0,1.0,0.0,1
2929,0.6094822863428784,0.2981893920772666,1.610392376562106,2.012150960726047,-2.5071845761908427,0.47903710288491574,-0.21815775851610594,0.017518226009872392,1.0,1.0,0.0,0.0,0.0,1.0,1.0,0.0,0
73,1.5817709172334167,-0.5736729733833892,0.7922112149346893,0.5840807260020958,0.39885376190344024,0.3656900502557739,-0.31558842226312284,-0.2821747924978094,0.0,1.0,1.0,0.0,0.0,0.0,0.0,0.0,1
4124,-0.08086857742295939,-0.5736729733833892,-0.7272680852305132,0.5840807260020958,-2.5071845761908427,-0.7059548109652046,-0.44518578219659094,-0.4696458688772816,0.0,0.0,1.0,0.0,0.0,0.0,0.0,0.0,1
1575,-0.31108724116277137,-0.5736729733833892,-0.7272680852305132,0.5840807260020958,0.39885376190344024,-0.7059548109652046,-0.4128998647646231,-0.4229421729379734,0.0,1.0,0.0,0.0,0.0,1.0,1.0,0.0,1
4286,-0.5199469831507122,-0.5736729733833892,-0.20129448132717387,0.5840807260020958,0.39885376190344024,-0.33500082054255825,-0.019540690156669673,0.14607765821716548,0.0,1.0,0.0,0.0,0.0,0.0,1.0,0.0,1
1530,-0.20063110296023734,-0.14198847307694845,-0.7272680852305132,-0.8439895087218553,0.39885376190344024,-0.6029120358478028,-0.40290870063075795,-0.478157693016186,1.0,1.0,0.0,0.0,0.0,1.0,1.0,0.0,1
199,-0.7393336222877894,0.7213805275359331,-0.7272680852305132,-2.2720597434458063,0.39885376190344024,-0.29378371049559754,-0.19548209055570384,-0.44780735744678607,0.0,0.0,1.0,0.0,0.0,0.0,0.0,1.0,1
1329,0.17177695415631739,0.48024282120564576,-0.4058397717340281,-1.5580246260838309,0.39885376190344024,-0.04648105021383322,-0.297450033834194,-0.4367154527596678,0.0,0.0,0.0,1.0,0.0,0.0,0.0,0.0,1
4448,0.0616259434073815,-0.5736729733833892,-0.7272680852305132,0.5840807260020958,0.39885376190344024,-0.7059548109652046,-0.4584075282624603,-0.4887719912601532,0.0,1.0,0.0,0.0,1.0,1.0,1.0,0.0,1
3153,-0.4843996348065265,-0.08733551666518351,0.2077960994865345,0.5840807260020958,0.39885376190344024,-0.04648105021383322,-0.0031451339784831756,0.1697949049739102,0.0,0.0,0.0,0.0,0.0,0.0,1.0,0.0,1
647,-0.32191926576550606,-0.5736729733833892,-0.7272680852305132,-1.5580246260838309,0.39885376190344024,-0.499869260730401,-0.2743490905339352,-0.42000693837286246,1.0,0.0,0.0,0.0,0.0,0.0,0.0,1.0,1
4500,-0.6917337395264764,-0.5736729733833892,-0.7272680852305132,0.5840807260020958,0.39885376190344024,-0.7059548109652046,-0.26585387716161474,-0.21023051285963074,0.0,1.0,0.0,1.0,0.0,0.0,0.0,1.0,1
2644,-0.7262131417830685,-0.5736729733833892,-0.7272680852305132,-0.8439895087218553,0.39885376190344024,-0.6029120358478028,-0.07866360569267043,-0.16546317007212988,0.0,1.0,0.0,1.0,0.0,1.0,0.0,1.0,1
2855,-0.542526414716976,0.7058709047704321,0.7629904591622816,-0.8439895087218553,0.39885376190344024,0.9736424234484442,0.3267502328487203,0.22550862508123942,1.0,1.0,0.0,1.0,0.0,0.0,1.0,0.0,1
4671,-0.8365167162588035,-0.5736729733833892,-0.7272680852305132,-0.8439895087218553,0.39885376190344024,-0.6029120358478028,0.17556815580433302,0.07971210202785962,1.0,1.0,0.0,0.0,0.0,0.0,0.0,0.0,1
4840,-0.6465748763939487,-0.5736729733833892,-0.6980473294581054,0.5840807260020958,0.39885376190344024,-0.6853462559417242,-0.27325818814081987,-0.22094133405099248,0.0,1.0,0.0,1.0,0.0,1.0,1.0,0.0,1
603,1.1780872961230502,3.916732093961623,-0.11363221400995065,0.5840807260020958,0.39885376190344024,-0.2731751554721171,-0.47279283145239337,-0.5095812752953086,1.0,1.0,1.0,0.0,0.0,1.0,0.0,0.0,1
1513,-0.8714538096957929,0.09656429612575532,-0.7272680852305132,0.5840807260020958,-2.5071845761908427,-0.7059548109652046,-0.3272927454333534,-0.29910586319356103,0.0,1.0,0.0,0.0,0.0,0.0,0.0,1.0,0
1849,0.015399134187260202,1.0020308442449963,-0.7272680852305132,0.5840807260020958,-2.5071845761908427,-0.7059548109652046,-0.4899468827043074,-0.534395734896306,1.0,1.0,1.0,0.0,0.0,0.0,0.0,1.0,1
4787,-0.5943980818286633,-0.5736729733833892,-0.7272680852305132,0.5840807260020958,0.39885376190344024,-0.7059548109652046,-0.3273681220367577,-0.2992149003913966,0.0,1.0,0.0,0.0,0.0,0.0,0.0,0.0,1
2104,-0.7503182106173232,0.03784929565635919,0.6461074360726506,-1.5580246260838309,-2.5071845761908427,1.4373349114767524,1.5134317358398959,0.8730641397067577,0.0,1.0,0.0,0.0,1.0,1.0,0.0,0.0,0
3220,-0.7161439358143292,-0.3089015561723387,-0.7272680852305132,-0.8439895087218553,0.39885376190344024,-0.6029120358478028,-0.2079396421056248,-0.29013401063477856,0.0,1.0,0.0,0.0,0.0,0.0,0.0,0.0,1
508,-0.2604360838654768,-0.5736729733833892,0.8506527264795047,-1.5580246260838309,0.39885376190344024,1.7258546818054772,1.0622432031369604,0.5467272455010517,0.0,1.0,0.0,0.0,0.0,0.0,0.0,1.0,1
2066,-0.9332421190494203,-0.5736729733833892,-0.7272680852305132,0.5840807260020958,0.39885376190344024,-0.7059548109652046,0.37173628733909525,0.7120854547594337,0.0,0.0,0.0,1.0,0.0,0.0,0.0,0.0,1
3839,-0.454954835534304,3.1685774338924624,-0.3473982601892126,0.5840807260020958,0.39885376190344024,-0.43804359565996,-0.44160181779167756,-0.4644614294331466,1.0,1.0,0.0,1.0,0.0,1.0,1.0,0.0,1
3398,3.574710880409801,-0.5736729733833892,-0.7272680852305132,0.5840807260020958,0.39885376190344024,-0.7059548109652046,-0.5261516110421863,-0.5867682476929632,0.0,1.0,0.0,1.0,0.0,0.0,0.0,0.0,1
3416,0.42930452499316474,-0.5736729733833892,0.8798734822519125,0.5840807260020958,0.39885376190344024,0.4275157153262148,-0.11374120044776727,0.009810445144046194,0.0,1.0,0.0,1.0,0.0,0.0,0.0,1.0,1
3827,0.06757592875254563,0.4621482613125614,0.26623761103134996,0.5840807260020958,0.39885376190344024,-0.005263940166872497,-0.26650289289739815,-0.2111693566650678,0.0,1.0,0.0,0.0,0.0,0.0,0.0,0.0,1
3259,1.325921547391359,0.5223403687120053,-0.7272680852305132,0.5840807260020958,0.39885376190344024,-0.7059548109652046,-0.5126172732962296,-0.56718994095415,0.0,0.0,0.0,0.0,0.0,0.0,1.0,0.0,1
879,0.9002687496219253,-0.5736729733833892,-0.7272680852305132,0.5840807260020958,0.39885376190344024,-0.7059548109652046,-0.49687178794755943,-0.5444130642650893,0.0,0.0,0.0,0.0,0.0,0.0,0.0,1.0,1
2228,-0.8714538096957929,-0.5736729733833892,0.2077960994865345,0.5840807260020958,0.39885376190344024,-0.04648105021383322,1.8967906166970712,2.9181765110023172,0.0,1.0,1.0,0.0,0.0,0.0,0.0,1.0,0
651,0.8067471850940892,-0.5736729733833892,-0.7272680852305132,0.5840807260020958,-2.5071845761908427,-0.7059548109652046,-0.4943131997148821,-0.5407118986685205,0.0,0.0,0.0,0.0,0.0,0.0,0.0,1.0,1
2270,-0.04959301342914795,-0.5736729733833892,-0.5519435505960668,0.5840807260020958,0.39885376190344024,-0.5823034808243225,-0.3890264507084882,-0.3884077145797625,0.0,0.0,0.0,0.0,1.0,0.0,1.0,0.0,1
1946,-0.026098199502089605,-0.5736729733833892,0.5584451687554274,-0.12995439135987974,0.39885376190344024,0.4233940043215188,0.0791255404014009,0.13775494351182532,0.0,1.0,0.0,0.0,0.0,1.0,0.0,1.0,1
1351,-0.8624525498146471,-0.013480170162798436,-0.5811643063684745,0.5840807260020958,0.39885376190344024,-0.6029120358478028,-0.1878004656662029,-0.09732113665284069,0.0,1.0,0.0,0.0,0.0,0.0,0.0,1.0,1
181,-0.6621363765274548,-0.5736729733833892,-0.7272680852305132,0.5840807260020958,0.39885376190344024,-0.7059548109652046,-0.28791303658858447,-0.24214053297056068,1.0,1.0,0.0,0.0,0.0,0.0,0.0,0.0,1
791,-0.1545568574669151,0.681867917157157,-0.7272680852305132,0.5840807260020958,0.39885376190344024,-0.7059548109652046,-0.47758139058321664,-0.5165082399728533,0.0,1.0,1.0,0.0,0.0,1.0,1.0,0.0,1
1817,-0.6180454594825208,-0.5736729733833892,-0.25973599287198934,0.5840807260020958,0.39885376190344024,-0.37621793058951886,0.05673940847399452,0.25642182112267753,1.0,1.0,1.0,0.0,0.0,0.0,0.0,1.0,1
202,0.7434332384724708,-0.5736729733833892,-0.7272680852305132,-0.12995439135987974,0.39885376190344024,-0.6647377009182438,-0.4814359583943798,-0.5379858509642682,0.0,0.0,0.0,0.0,0.0,0.0,1.0,0.0,1
4586,0.6578449877381869,-0.0289897929282993,-0.6103850621408823,0.5840807260020958,0.39885376190344024,-0.6235205908712832,-0.476023756405201,-0.5142550200298858,0.0,1.0,0.0,1.0,0.0,1.0,0.0,1.0,1
758,-0.6625940677078521,-0.04486869242631209,1.0844187726587666,-1.5580246260838309,0.39885376190344024,2.0555915621811627,1.821770694473712,1.096080397501216,1.0,1.0,0.0,0.0,0.0,0.0,1.0,0.0,0
23,-0.8000539855538233,-0.5736729733833892,1.0844187726587666,0.5840807260020958,0.39885376190344024,0.5717756004905774,2.39522270965374,3.6391912061830705,1.0,0.0,0.0,1.0,0.0,0.0,1.0,0.0,1
2979,-0.160049151631682,4.480248387774822,-0.7272680852305132,-0.8439895087218553,0.39885376190344024,-0.6029120358478028,-0.49785217870391735,-0.5697190027976179,0.0,0.0,0.0,0.0,0.0,0.0,0.0,1.0,1
3601,-0.6180454594825208,-0.5736729733833892,-0.7272680852305132,0.5840807260020958,0.39885376190344024,-0.7059548109652046,-0.3150340289708437,-0.28137282625949656,0.0,1.0,0.0,1.0,0.0,0.0,1.0,0.0,1
418,0.8862328867564099,-0.18999444830349876,-0.7272680852305132,-0.12995439135987974,0.39885376190344024,-0.6647377009182438,-0.49096933267969073,-0.5494780599858173,1.0,1.0,0.0,0.0,0.0,1.0,0.0,0.0,1
1220,-0.749860519436926,1.1493722605172545,1.17208103997599,-0.12995439135987974,0.39885376190344024,0.9427295909132237,0.33310684843841337,0.44392211918068714,0.0,1.0,0.0,0.0,0.0,0.0,1.0,0.0,0
2121,0.3647700685571538,0.5851174132390325,0.7922112149346893,0.5840807260020958,0.39885376190344024,0.3656900502557739,-0.22472575877742867,-0.15073599362788095,0.0,1.0,0.0,0.0,0.0,1.0,1.0,0.0,1
4828,0.5298440209537586,4.9632623539004195,-0.7272680852305132,0.5840807260020958,0.39885376190344024,-0.7059548109652046,-0.521981243116289,-0.5807355371163915,0.0,0.0,0.0,0.0,0.0,1.0,1.0,0.0,1
2517,-0.9127985796583437,-0.5736729733833892,1.0844187726587666,-0.12995439135987974,0.39885376190344024,0.8685387928286945,6.116412127834869,7.415530609225926,0.0,1.0,0.0,1.0,0.0,0.0,1.0,0.0,1
3511,-0.668086361872619,0.4093416885633561,-0.7272680852305132,-0.8439895087218553,0.39885376190344024,-0.6029120358478028,-0.35839331825903303,-0.4352280805973562,0.0,0.0,0.0,0.0,0.0,0.0,1.0,0.0,1
3026,-0.16660939188404245,-0.5736729733833892,1.3181848188380287,0.5840807260020958,0.39885376190344024,0.7366440406784203,0.35054044695787384,0.6814242822396,0.0,1.0,0.0,1.0,0.0,0.0,1.0,0.0,1
1165,4.23988872925379,-0.5736729733833892,-0.7272680852305132,0.5840807260020958,0.39885376190344024,-0.7059548109652046,-0.5288276580617527,-0.5906393251243068,1.0,0.0,1.0,0.0,0.0,1.0,1.0,0.0,1
2096,0.24210883221069335,0.3923549588678075,1.9025999342861835,-0.8439895087218553,-2.5071845761908427,2.1792428923220455,0.3271937032882084,0.22593629778833763,0.0,0.0,0.0,0.0,0.0,0.0,0.0,0.0,0
1201,-0.5080470124603839,-0.1630372468301282,-0.3181775044168048,-1.5580246260838309,0.39885376190344024,0.07717027992704895,0.12330367171376465,-0.1323915448103786,0.0,0.0,0.0,0.0,0.0,0.0,1.0,0.0,1
3217,-0.5469507627941493,-0.5736729733833892,-0.7272680852305132,-0.12995439135987974,0.39885376190344024,-0.6647377009182438,-0.3087773961447642,-0.32985091076895434,0.0,0.0,0.0,0.0,0.0,1.0,1.0,0.0,1
3624,2.38227279174819,-0.5736729733833892,2.633118828596377,0.5840807260020958,0.39885376190344024,1.6640290167350362,-0.18936616261507339,-0.09958601992237254,0.0,1.0,1.0,0.0,0.0,0.0,1.0,0.0,1
4770,-0.2808796232565535,-0.5736729733833892,-0.6980473294581054,0.5840807260020958,-2.5071845761908427,-0.6853462559417242,-0.4053385442094863,-0.41200422710289275,1.0,0.0,0.0,0.0,0.0,1.0,1.0,0.0,0
3285,1.4563635338045726,0.07145347831494439,1.1136395284311744,-0.8439895087218553,0.39885376190344024,1.3445964138710909,-0.15890840623251504,-0.2428494128103241,0.0,0.0,0.0,0.0,0.0,0.0,0.0,0.0,1
1764,-0.42398439899409074,-0.5736729733833892,3.3636377229065704,0.5840807260020958,0.39885376190344024,2.1792428923220455,1.839792257730273,2.8357246484577803,0.0,1.0,0.0,0.0,1.0,1.0,0.0,0.0,0
3590,0.722684571627796,-0.5736729733833892,1.1428602842035822,0.5840807260020958,-2.5071845761908427,0.612992710537538,-0.13587289221206797,-0.022204497747399767,0.0,1.0,0.0,0.0,0.0,0.0,1.0,0.0,0
4318,-0.19147727935229253,0.21657923419213107,-0.3473982601892126,0.5840807260020958,0.39885376190344024,-0.43804359565996,-0.35551043352319495,-0.339924598713008,0.0,0.0,0.0,0.0,0.0,1.0,0.0,0.0,1
2379,-0.11656848949394416,-0.5736729733833892,-0.7272680852305132,0.5840807260020958,-2.5071845761908427,-0.7059548109652046,-0.44123397205589654,-0.4639293164636859,0.0,1.0,0.0,1.0,0.0,0.0,1.0,0.0,0
2710,-0.6502364058371266,2.679655040046673,-0.25973599287198934,-1.5580246260838309,-2.5071845761908427,0.15960450002097037,-0.2534071183067541,-0.40485997057601014,1.0,1.0,0.0,0.0,0.0,0.0,0.0,0.0,0
2389,0.6766103261344737,-0.5736729733833892,-0.7272680852305132,0.5840807260020958,0.39885376190344024,-0.7059548109652046,-0.49028897242903063,-0.5348905901074394,1.0,1.0,0.0,0.0,0.0,0.0,0.0,1.0,1
247,-0.5953134641894577,0.22507259903990534,0.2954583668037577,0.5840807260020958,0.39885376190344024,0.01534461485660781,0.02206185116259575,0.20625846132340217,1.0,1.0,0.0,0.0,0.0,0.0,0.0,0.0,1
4187,-0.6169775133949271,-0.5736729733833892,0.4123413898933887,0.5840807260020958,0.39885376190344024,0.09777883495052925,0.5882885830025281,1.025342545654735,0.0,1.0,0.0,0.0,0.0,0.0,1.0,0.0,1
3476,0.5995656441009383,0.35727366927917464,-0.7272680852305132,-2.2720597434458063,0.39885376190344024,-0.29378371049559754,-0.40211369708419525,-0.5474427453636456,0.0,1.0,0.0,0.0,0.0,0.0,1.0,0.0,1
520,-0.8426192653307667,-0.5736729733833892,-0.7272680852305132,0.5840807260020958,0.39885376190344024,-0.7059548109652046,-0.05050845863112894,0.10128075115086706,0.0,1.0,1.0,0.0,0.0,1.0,0.0,1.0,1
1052,0.07337335037091067,1.9710129903562885,-0.7272680852305132,-0.12995439135987974,0.39885376190344024,-0.6647377009182438,-0.49305318534530596,-0.5519900845520049,0.0,1.0,0.0,0.0,0.0,0.0,0.0,1.0,1
532,-0.32863206974466563,-0.5736729733833892,0.09091307639690353,0.5840807260020958,0.39885376190344024,-0.12891527030775465,-0.023713814756842283,0.1400409599305517,1.0,0.0,0.0,0.0,0.0,0.0,0.0,1.0,1
2223,-0.39133576145908755,-0.5736729733833892,-0.7272680852305132,-2.2720597434458063,0.39885376190344024,-0.29378371049559754,-0.09399018913508077,-0.39886912801348245,0.0,1.0,1.0,0.0,0.0,0.0,1.0,0.0,1
3313,-0.7069901122063844,0.6456787973709883,0.09091307639690353,-0.8439895087218553,0.39885376190344024,0.2626472751383721,0.12038374659237197,0.02649352514922204,0.0,1.0,0.0,0.0,0.0,0.0,0.0,1.0,1
2969,-0.1092454306075883,0.7930202136432466,-0.7272680852305132,0.5840807260020958,0.39885376190344024,-0.7059548109652046,-0.48184085390336856,-0.522669832877506,0.0,1.0,1.0,0.0,0.0,0.0,0.0,1.0,1
2055,-0.6505415332907248,0.08363961048783794,1.610392376562106,0.5840807260020958,0.39885376190344024,0.9427295909132237,0.7873810592972427,1.313342863324677,0.0,1.0,1.0,0.0,0.0,0.0,1.0,0.0,0
3489,-0.8310244220940366,-0.5736729733833892,-0.7272680852305132,0.5840807260020958,0.39885376190344024,-0.7059548109652046,-0.07809295945249359,0.06137796252132662,0.0,1.0,0.0,1.0,0.0,0.0,0.0,1.0,1
1723,0.18688076310942633,-0.5736729733833892,0.23701685525894223,-0.8439895087218553,0.39885376190344024,0.4172114378144746,-0.03204138064844441,-0.12050176696569785,0.0,1.0,0.0,0.0,1.0,1.0,0.0,1.0,1
1080,-0.4724996641161982,0.9931682026647101,-0.7272680852305132,2.012150960726047,0.39885376190344024,-0.7574761985239055,-0.4868733079706686,-0.5007679831331745,1.0,0.0,0.0,0.0,0.0,0.0,1.0,0.0,1
2443,0.26209468042137285,0.1050576609735296,-0.4935020390512513,2.012150960726047,-2.5071845761908427,-0.6338248683830233,-0.46376961483637363,-0.456206641014777,0.0,1.0,0.0,0.0,0.0,0.0,0.0,0.0,0
948,-0.3168846627811364,1.5441290875725027,-0.7272680852305132,0.5840807260020958,0.39885376190344024,-0.7059548109652046,-0.4860528272607913,-0.5287627284380566,0.0,0.0,0.0,0.0,0.0,0.0,0.0,1.0,1
183,0.0631515806753723,0.1851907119286174,-0.7272680852305132,0.5840807260020958,-2.5071845761908427,-0.7059548109652046,-0.4781979231644588,-0.5174000947659435,0.0,1.0,0.0,0.0,0.0,1.0,1.0,0.0,0
4771,-0.6961580876036497,-0.5736729733833892,-0.7272680852305132,0.5840807260020958,0.39885376190344024,-0.7059548109652046,-0.2622299899196461,-0.2049883224147137,0.0,1.0,0.0,0.0,0.0,0.0,1.0,0.0,1
4317,0.8087305135424772,-0.5736729733833892,0.9967565053415435,0.5840807260020958,0.39885376190344024,0.5099499354201362,-0.18153869262664543,-0.08826307148567644,0.0,0.0,0.0,0.0,0.0,0.0,1.0,0.0,1
3328,-0.7269759604170639,4.070720491419096,2.4870150497343384,-2.2720597434458063,0.39885376190344024,6.507039447252919,1.0337502426450684,0.14491435834511845,0.0,0.0,0.0,0.0,0.0,0.0,1.0,0.0,0
1820,-0.3647896729960476,-0.5736729733833892,-0.6980473294581054,0.5840807260020958,-2.5071845761908427,-0.6853462559417242,-0.3876821293528965,-0.3864630656172985,1.0,0.0,0.0,0.0,1.0,1.0,0.0,0.0,0
4546,-0.3480076630481488,0.6246300236178086,-0.7272680852305132,0.5840807260020958,-2.5071845761908427,-0.7059548109652046,-0.4648126109748495,-0.49803736326316006,1.0,1.0,0.0,0.0,0.0,0.0,0.0,0.0,0
3390,-0.8275154563776578,-0.5736729733833892,-0.7272680852305132,0.5840807260020958,0.39885376190344024,-0.7059548109652046,-0.08584718916671172,0.050160960942247784,0.0,0.0,0.0,0.0,0.0,0.0,1.0,0.0,1
2926,-0.35670379547569636,-0.5736729733833892,-0.7272680852305132,-1.5580246260838309,-2.5071845761908427,-0.499869260730401,-0.2604469286760735,-0.40995174415890256,0.0,1.0,0.0,0.0,0.0,0.0,0.0,1.0,0
21,-0.4139151930253514,-0.5736729733833892,-0.7272680852305132,0.5840807260020958,0.39885376190344024,-0.7059548109652046,-0.39080676527677743,-0.3909830563041817,0.0,0.0,1.0,0.0,0.0,0.0,0.0,1.0,1
1571,-0.7649643283900349,-0.5736729733833892,-0.025969946692727428,0.5840807260020958,0.39885376190344024,-0.21134949040167608,0.6648169529739836,1.1360458493291343,1.0,0.0,0.0,1.0,0.0,0.0,1.0,0.0,0
1427,-0.7297221074994474,-0.5736729733833892,0.09091307639690353,0.5840807260020958,0.39885376190344024,-0.12891527030775465,0.6534878933445644,1.1196576219440644,1.0,0.0,0.0,0.0,0.0,0.0,0.0,0.0,1
34,0.40794560324129353,-0.5736729733833892,2.194807492010261,0.5840807260020958,0.39885376190344024,1.3549006913828308,0.19730522145942747,0.4597594838348128,0.0,0.0,0.0,0.0,0.0,0.0,0.0,1.0,1
4370,-0.8537564173870996,-0.5736729733833892,-0.7272680852305132,0.5840807260020958,0.39885376190344024,-0.7059548109652046,-0.020776876894883226,0.14428943306707057,1.0,1.0,0.0,0.0,0.0,0.0,0.0,1.0,1
4587,0.5240465993353935,0.27787917178911065,-0.7272680852305132,-0.8439895087218553,0.39885376190344024,-0.6029120358478028,-0.4706458750622851,-0.5434818683857134,0.0,0.0,1.0,0.0,0.0,0.0,0.0,1.0,1
3732,-0.890676839272477,-0.5736729733833892,-0.7272680852305132,-2.2720597434458063,0.39885376190344024,-0.29378371049559754,1.4233774241119024,0.3327881111586688,1.0,1.0,0.0,0.0,0.0,1.0,0.0,0.0,1
2749,-0.4032357321494158,1.1349704679492894,-0.7272680852305132,0.5840807260020958,0.39885376190344024,-0.7059548109652046,-0.4743843624210993,-0.5118835291679782,0.0,1.0,0.0,0.0,0.0,0.0,0.0,0.0,1
616,-0.2215323335317113,-0.5736729733833892,-0.2305152370995816,0.5840807260020958,0.39885376190344024,-0.35560937556603855,-0.22400099872402143,-0.1496875807018858,0.0,1.0,0.0,0.0,0.0,0.0,1.0,0.0,1
2709,1.579177333877832,0.15417146639761567,-0.7272680852305132,0.5840807260020958,0.39885376190344024,-0.7059548109652046,-0.5138219930764301,-0.5689326470867884,0.0,1.0,0.0,0.0,0.0,0.0,1.0,0.0,1
626,-0.7001247445004258,-0.5736729733833892,-0.4935020390512513,-1.5580246260838309,0.39885376190344024,-0.17013238035471537,0.4911776209888174,0.13368534625424922,1.0,1.0,0.0,0.0,0.0,1.0,0.0,0.0,0
1648,0.8987431123539344,-0.5736729733833892,1.4642885977000673,0.5840807260020958,0.39885376190344024,0.8396868157958219,-0.11762904825471532,0.004186418439009187,1.0,0.0,0.0,0.0,0.0,0.0,1.0,0.0,1
2567,0.22242811145361202,-0.5736729733833892,-0.7272680852305132,-0.8439895087218553,0.39885376190344024,-0.6029120358478028,-0.43091835710839244,-0.5051695624533263,0.0,1.0,0.0,0.0,1.0,0.0,0.0,1.0,1
1869,-0.5001136986668318,0.47876571427559805,-0.46428128327884355,0.5840807260020958,0.39885376190344024,-0.5204778157538814,-0.3563005604342486,-0.34106756908345126,1.0,0.0,0.0,0.0,0.0,1.0,1.0,0.0,1
2783,-0.7141606073659412,-0.5736729733833892,-0.3473982601892126,2.012150960726047,0.39885376190344024,-0.5565427870449721,-0.028299956187440047,0.3837072345912045,0.0,0.0,0.0,0.0,0.0,0.0,1.0,0.0,1
450,-0.32680130502307664,-0.5736729733833892,-0.7272680852305132,0.5840807260020958,0.39885376190344024,-0.7059548109652046,-0.4099360791529945,-0.418654862771661,0.0,0.0,0.0,0.0,0.0,1.0,1.0,0.0,1
1187,-0.41345750184495417,-0.5736729733833892,1.2013017957483976,-0.8439895087218553,0.39885376190344024,1.4373349114767524,1.2363798756124245,1.102734562004294,0.0,1.0,0.0,0.0,1.0,0.0,0.0,0.0,1
1443,-0.7741181519979797,-0.5736729733833892,-0.7272680852305132,-1.5580246260838309,0.39885376190344024,-0.499869260730401,0.19023210946236782,-0.08398335859590435,0.0,1.0,1.0,0.0,0.0,0.0,0.0,0.0,1
4892,-0.5644955913760435,3.2586809566253723,0.44156214566579643,0.5840807260020958,0.39885376190344024,0.11838738997400955,-0.30933441211361823,-0.27312795685997177,0.0,1.0,0.0,0.0,1.0,0.0,0.0,0.0,0
4776,-0.30452700091041096,0.7671708423674117,0.26623761103134996,0.5840807260020958,0.39885376190344024,-0.005263940166872497,-0.21289091572185145,-0.13361611736226717,0.0,0.0,0.0,0.0,0.0,1.0,0.0,1.0,1
4853,-0.19529137252226952,-0.5736729733833892,-0.7272680852305132,-1.5580246260838309,0.39885376190344024,-0.499869260730401,-0.3152858624951244,-0.44961580041683086,0.0,0.0,1.0,0.0,0.0,1.0,0.0,1.0,1
275,0.04530162463987992,-0.5736729733833892,1.405847086155252,-0.8439895087218553,-2.5071845761908427,1.6537247392232959,0.5771350007472198,0.4669739449049031,1.0,1.0,0.0,0.0,0.0,0.0,0.0,0.0,0
1384,0.3177804407030371,-0.5736729733833892,-0.4350605275064358,-0.12995439135987974,-2.5071845761908427,-0.41743504063647957,-0.37412235974801455,-0.4086223885017811,0.0,0.0,0.0,0.0,0.0,0.0,0.0,1.0,0
4829,-0.7162964995411284,-0.5736729733833892,1.2013017957483976,-0.8439895087218553,-2.5071845761908427,1.4373349114767524,2.905775453843349,2.7126613183042156,0.0,0.0,0.0,0.0,0.0,0.0,1.0,0.0,0
3822,-0.3165795353275383,-0.5736729733833892,-0.46428128327884355,-0.8439895087218553,0.39885376190344024,-0.32469654303081796,-0.16117806985110253,-0.24503822427898556,0.0,1.0,0.0,0.0,0.0,0.0,0.0,0.0,1
724,-0.1801875635691606,-0.5736729733833892,-0.11363221400995065,-1.5580246260838309,0.39885376190344024,0.3656900502557739,0.15949666292303363,-0.10621377767500736,0.0,0.0,1.0,0.0,0.0,0.0,0.0,1.0,1
4597,1.0667157755597216,-0.5736729733833892,0.47078290143820417,0.5840807260020958,0.39885376190344024,0.13899594499748985,-0.3100950667799916,-0.2742282936965499,0.0,0.0,0.0,0.0,0.0,0.0,0.0,1.0,1
4360,-0.08102114114975847,-0.5736729733833892,-0.7272680852305132,0.5840807260020958,0.39885376190344024,-0.7059548109652046,-0.44516952020054046,-0.46962234483400456,0.0,1.0,1.0,0.0,0.0,0.0,0.0,1.0,1
1623,-0.6005006309006264,0.9170971957672535,0.7337697033898738,-0.12995439135987974,0.39885376190344024,0.5717756004905774,0.12136440295827058,0.1886726797517592,1.0,1.0,0.0,0.0,1.0,0.0,1.0,0.0,1
427,0.25828058725139585,0.6552799924162984,-0.7272680852305132,0.5840807260020958,0.39885376190344024,-0.7059548109652046,-0.4931159239030253,-0.5389799607240506,0.0,1.0,0.0,0.0,1.0,0.0,0.0,0.0,1
2681,-0.45098817863752794,-0.5736729733833892,0.38312063412098096,0.5840807260020958,0.39885376190344024,0.07717027992704895,0.25153520568440524,0.5382067108455912,0.0,1.0,0.0,0.0,0.0,1.0,0.0,0.0,1
3422,0.014331188099666641,0.035633635261287634,-0.4935020390512513,0.5840807260020958,-2.5071845761908427,-0.5410863707773618,-0.41229339129304404,-0.42206486930639564,0.0,1.0,0.0,0.0,0.0,1.0,0.0,1.0,0
2020,-0.25326558870592,3.3916205803296653,1.9902622016034066,0.5840807260020958,0.39885376190344024,1.2106408062184681,-0.1310434272908855,-0.015218360162685202,0.0,0.0,0.0,0.0,0.0,1.0,0.0,1.0,1
3243,0.7091063999426778,0.9957531397922935,-0.7272680852305132,0.5840807260020958,0.39885376190344024,-0.7059548109652046,-0.5065071676319585,-0.5583512725872843,0.0,0.0,0.0,0.0,1.0,0.0,1.0,0.0,1
3754,-0.608891635874576,0.1386618436321148,0.5584451687554274,-1.5580246260838309,0.39885376190344024,1.31368358133587,0.9121545842187068,0.4381707326393762,0.0,0.0,0.0,0.0,0.0,0.0,1.0,0.0,0
4148,-0.5431366696241724,0.7505533894043751,-0.7272680852305132,-0.12995439135987974,0.39885376190344024,-0.6647377009182438,-0.4347111695689519,-0.48166045938733965,0.0,1.0,0.0,0.0,0.0,1.0,0.0,0.0,1
1574,0.04911571780985692,-0.5736729733833892,-0.7272680852305132,0.5840807260020958,0.39885376190344024,-0.7059548109652046,-0.4573852864962603,-0.4872932515363814,0.0,0.0,0.0,0.0,0.0,0.0,0.0,1.0,1
687,-0.4843996348065265,-0.5736729733833892,-0.7272680852305132,0.5840807260020958,0.39885376190344024,-0.7059548109652046,-0.37093788972367236,-0.3622414253920811,0.0,0.0,0.0,0.0,0.0,0.0,0.0,0.0,1
2881,-0.9024242462360061,-0.5736729733833892,-0.7272680852305132,-0.12995439135987974,0.39885376190344024,-0.6647377009182438,0.3082847822834391,0.4139998310104621,0.0,1.0,1.0,0.0,0.0,0.0,0.0,1.0,1
1992,0.9011841319827197,-0.5736729733833892,0.9090942380243203,0.5840807260020958,0.39885376190344024,0.4481242703496953,-0.21411345131029902,-0.13538459522937918,1.0,1.0,0.0,0.0,0.0,1.0,1.0,0.0,1
1630,0.06513490912376034,0.20919369954189257,0.5292244129830197,0.5840807260020958,0.39885376190344024,0.18021305504445068,-0.18371666646421114,-0.09141365341006431,0.0,1.0,0.0,1.0,0.0,0.0,1.0,0.0,1
2112,-0.26516555939624825,2.106168274455653,-0.7272680852305132,0.5840807260020958,0.39885376190344024,-0.7059548109652046,-0.4953072249754597,-0.5421498213672897,0.0,0.0,0.0,0.0,1.0,0.0,0.0,0.0,1
4961,-0.7109567691031605,-0.292653379941814,-0.7272680852305132,-1.5580246260838309,0.39885376190344024,-0.499869260730401,-0.10689124699377778,-0.2988875645184292,0.0,1.0,0.0,1.0,0.0,0.0,1.0,0.0,1
3381,0.903625151611505,1.186669210500959,-0.7272680852305132,0.5840807260020958,0.39885376190344024,-0.7059548109652046,-0.5106923832984444,-0.5644054613939015,0.0,0.0,0.0,1.0,0.0,0.0,1.0,0.0,1
3089,-0.19880033823864837,-0.5736729733833892,0.14935458794171902,-0.8439895087218553,0.39885376190344024,0.32447294020881307,0.15183228322039424,0.05682177162606027,0.0,1.0,0.0,0.0,0.0,0.0,1.0,0.0,1
2446,-0.09109034711849777,0.4979681043662182,-0.7272680852305132,-1.5580246260838309,0.39885376190344024,-0.499869260730401,-0.40651511752092145,-0.5156003491983944,0.0,1.0,0.0,0.0,1.0,0.0,0.0,1.0,1
2354,0.9371891715073026,-0.5736729733833892,-0.08441145823754291,-0.12995439135987974,0.39885376190344024,-0.12067184829836249,-0.3570159684739566,-0.3880011249027231,0.0,0.0,1.0,0.0,0.0,0.0,1.0,0.0,1
3097,0.15606289029601214,0.22248766191232186,-0.7272680852305132,-2.2720597434458063,0.39885376190344024,-0.29378371049559754,-0.35455471704339403,-0.5245103513078406,1.0,0.0,0.0,1.0,0.0,0.0,1.0,0.0,1
3587,-0.6801388962897463,-0.5736729733833892,-0.7272680852305132,-0.12995439135987974,0.39885376190344024,-0.6647377009182438,-0.2204351899263556,-0.22335691725701967,1.0,1.0,0.0,0.0,0.0,0.0,0.0,1.0,1
4434,-0.5582404785772813,-0.5736729733833892,-0.7272680852305132,-1.5580246260838309,-2.5071845761908427,-0.499869260730401,-0.14037882484972378,-0.3231085527747429,1.0,1.0,0.0,0.0,0.0,0.0,0.0,0.0,0
3606,-0.6380313076932003,-0.07182589389968264,-0.7272680852305132,-2.2720597434458063,0.39885376190344024,-0.29378371049559754,-0.06469447727292023,-0.38474307215627057,1.0,0.0,0.0,0.0,0.0,0.0,0.0,1.0,1
4581,-0.6987516709592341,-0.5736729733833892,0.12013383216931127,0.5840807260020958,0.39885376190344024,-0.10830671528427435,0.5731964765523433,1.0035108243719695,0.0,0.0,0.0,0.0,0.0,0.0,0.0,1.0,1
3510,0.951225034372818,-0.5736729733833892,2.2824697593274843,0.5840807260020958,0.39885376190344024,1.4167263564532722,0.008880806777023532,0.1871912165891158,0.0,1.0,1.0,0.0,0.0,0.0,1.0,0.0,1
3056,-0.5591558609380758,0.2771406183240868,-0.7272680852305132,0.5840807260020958,0.39885376190344024,-0.7059548109652046,-0.4296158972942414,-0.44712300974460745,0.0,1.0,0.0,0.0,0.0,1.0,0.0,1.0,1
1205,-0.2653181231230473,0.1382925668996029,-0.63960581791329,-0.12995439135987974,0.39885376190344024,-0.5905469028337145,-0.40431538016878504,-0.445019207852725,0.0,1.0,0.0,1.0,0.0,0.0,0.0,1.0,1
3932,0.4852954127284272,0.6368161557907022,-0.7272680852305132,0.5840807260020958,0.39885376190344024,-0.7059548109652046,-0.49899536736751277,-0.5474849610987926,1.0,0.0,1.0,0.0,0.0,0.0,1.0,0.0,1
4638,-0.8905242755456779,-0.5736729733833892,-0.7272680852305132,0.5840807260020958,0.39885376190344024,-0.7059548109652046,0.1088598418644992,0.33181744456823764,0.0,1.0,0.0,1.0,0.0,1.0,0.0,0.0,1
2377,-0.7803732647967421,-0.5736729733833892,0.938314993796728,-0.12995439135987974,0.39885376190344024,0.7448874626878124,2.489331036199479,3.0431884777092675,1.0,1.0,1.0,0.0,0.0,1.0,0.0,0.0,0
4108,-0.4010998399742287,1.0153248066154257,1.3474055746104363,-1.5580246260838309,0.39885376190344024,2.426545552603809,0.6785239141651958,0.2691896931618966,0.0,1.0,0.0,0.0,0.0,0.0,1.0,0.0,1
4669,-0.26836939765902895,-0.5736729733833892,0.9675357495691358,0.5840807260020958,0.39885376190344024,0.4893413803966559,0.3165194980312451,0.6322107495102264,0.0,1.0,0.0,0.0,0.0,1.0,0.0,1.0,1
2422,-0.4157459577469404,-0.06739457310953954,-0.7272680852305132,-0.8439895087218553,0.39885376190344024,-0.6029120358478028,-0.3709540426472947,-0.4473413547277457,0.0,1.0,0.0,0.0,0.0,0.0,1.0,0.0,1
1876,-0.5615968805668611,0.17374313322074772,-0.7272680852305132,0.5840807260020958,0.39885376190344024,-0.7059548109652046,-0.4228584146612564,-0.437347868156294,0.0,0.0,0.0,0.0,0.0,0.0,0.0,1.0,1
4782,-0.8459756673203465,-0.5736729733833892,-0.7272680852305132,-1.5580246260838309,0.39885376190344024,-0.499869260730401,0.463576843411909,0.11372217924255305,1.0,1.0,0.0,0.0,0.0,0.0,1.0,0.0,0
1642,-0.3364128198114187,-0.5736729733833892,-0.2305152370995816,-0.12995439135987974,0.39885376190344024,-0.24432317843924464,-0.09594893400294383,-0.07329230943120338,0.0,1.0,1.0,0.0,0.0,1.0,0.0,1.0,1
4298,-0.6987516709592341,0.18592926539364127,-0.522722794823659,-0.8439895087218553,0.39885376190344024,-0.38652220810125915,-0.1657709557828775,-0.24946749799135134,0.0,0.0,0.0,0.0,0.0,0.0,0.0,0.0,1
2038,-0.3052898195444063,-0.5736729733833892,-0.7272680852305132,0.5840807260020958,0.39885376190344024,-0.7059548109652046,-0.41396128062737514,-0.4244775805603087,0.0,0.0,0.0,1.0,0.0,0.0,1.0,0.0,1
4601,0.5473888495356528,1.3018835510446798,0.8506527264795047,0.5840807260020958,0.39885376190344024,0.4069071603027345,-0.28182282082863025,-0.23333063665409257,0.0,0.0,1.0,0.0,0.0,1.0,0.0,1.0,1
237,-0.16950810269322497,-0.5736729733833892,-0.7272680852305132,0.5840807260020958,0.39885376190344024,-0.7059548109652046,-0.4347770072889665,-0.4545888936678655,0.0,1.0,0.0,0.0,0.0,0.0,0.0,1.0,1
1541,2.0553287252177617,0.10801187483362501,-0.4935020390512513,0.5840807260020958,0.39885376190344024,-0.5410863707773618,-0.4951448558164514,-0.5419149437353245,0.0,1.0,0.0,1.0,0.0,0.0,0.0,1.0,1
4635,-0.9669587026720171,-0.5736729733833892,2.2532490035550765,-0.12995439135987974,0.39885376190344024,1.8577494339557512,17.51706334269687,21.158688364486434,0.0,1.0,0.0,0.0,0.0,1.0,0.0,1.0,0
3611,-0.2201592599905196,0.4647331984401449,-0.4058397717340281,2.012150960726047,0.39885376190344024,-0.5874556195801925,-0.4237648427379032,-0.379047274090781,0.0,1.0,0.0,0.0,1.0,1.0,0.0,1.0,1
1871,-0.40857546258738364,0.8546894279727381,-0.46428128327884355,-1.5580246260838309,0.39885376190344024,-0.12891527030775465,-0.24244742462335897,-0.3969330129100894,0.0,1.0,0.0,0.0,0.0,0.0,1.0,0.0,1
2326,-0.7268233966902649,0.909711661117015,-0.7272680852305132,-1.5580246260838309,0.39885376190344024,-0.499869260730401,-0.335670241977802,-0.4643594709858418,0.0,1.0,0.0,0.0,0.0,1.0,1.0,0.0,1
521,0.11822708604984025,0.19774612083402288,-0.6103850621408823,0.5840807260020958,0.39885376190344024,-0.6235205908712832,-0.45447307197943526,-0.4830805423392389,0.0,1.0,0.0,0.0,0.0,0.0,0.0,1.0,1
356,-0.3010180351940321,-0.5736729733833892,2.399352782417115,0.5840807260020958,0.39885376190344024,1.4991605765471934,1.0047261700940293,1.627746813280194,0.0,1.0,0.0,1.0,0.0,1.0,1.0,0.0,0
1825,0.027909359784784777,0.3140682915752794,0.2077960994865345,-1.5580246260838309,0.39885376190344024,0.8190782607723417,0.026547396225901857,-0.2023736922919726,1.0,1.0,0.0,0.0,0.0,0.0,0.0,1.0,1
4452,0.8410740236238822,-0.5736729733833892,-0.7272680852305132,-0.8439895087218553,0.39885376190344024,-0.6029120358478028,-0.46922660229668844,-0.5421131543255965,0.0,1.0,0.0,0.0,0.0,0.0,0.0,1.0,1
207,0.09107074267960397,1.9603039651134426,-0.2889567486443971,-1.5580246260838309,0.39885376190344024,0.11838738997400955,-0.32235881210789175,-0.45473154304370217,0.0,1.0,0.0,0.0,0.0,0.0,0.0,1.0,1
2347,-0.6638145775222448,-0.5736729733833892,-0.4935020390512513,-1.5580246260838309,0.39885376190344024,-0.17013238035471537,0.3909018921813859,0.06115763880744595,1.0,1.0,0.0,0.0,1.0,0.0,0.0,1.0,1
4428,-0.22595668160888466,-0.5736729733833892,-0.7272680852305132,-0.8439895087218553,0.39885376190344024,-0.6029120358478028,-0.3667539161505234,-0.4432908491943826,0.0,1.0,0.0,1.0,0.0,0.0,1.0,0.0,1
2432,-0.30406930973001367,0.3812766568924498,-0.3181775044168048,0.5840807260020958,0.39885376190344024,-0.41743504063647957,-0.33927657748826,-0.31644126181308174,0.0,0.0,1.0,0.0,0.0,1.0,1.0,0.0,1
1188,0.12448219884860254,0.3975248331229745,0.5000036572106119,-2.2720597434458063,0.39885376190344024,2.302894222462927,0.42927363740064345,-0.14655731949759415,0.0,1.0,0.0,0.0,0.0,0.0,0.0,0.0,0
4308,-0.39942163897943883,1.116506631323693,-0.6688265736856978,-1.5580246260838309,0.39885376190344024,-0.41743504063647957,-0.37167387104310223,-0.49040027574414924,0.0,1.0,1.0,0.0,0.0,0.0,0.0,1.0,1
41,-0.17988243611556243,-0.5736729733833892,-0.7272680852305132,0.5840807260020958,0.39885376190344024,-0.7059548109652046,-0.43341851011568755,-0.45262373845587806,0.0,1.0,1.0,0.0,0.0,0.0,1.0,0.0,1
2042,-0.5467981990673503,-0.5736729733833892,0.12013383216931127,-1.5580246260838309,0.39885376190344024,0.6954269306314594,1.0031253877121522,0.503968347879289,0.0,1.0,1.0,0.0,0.0,0.0,0.0,1.0,1
1682,-0.6760196756661712,-0.5736729733833892,-0.7272680852305132,-1.5580246260838309,0.39885376190344024,-0.499869260730401,-0.008632702774822684,-0.22781885193946871,0.0,1.0,0.0,0.0,0.0,0.0,0.0,1.0,1
933,-0.9108152512099555,-0.06185542212186066,-0.7272680852305132,-1.5580246260838309,0.39885376190344024,-0.499869260730401,0.028298407379144103,-0.20110721608512974,0.0,0.0,0.0,0.0,1.0,1.0,0.0,1.0,1
1141,1.213939771920834,-0.019757874615501166,-0.7272680852305132,-1.5580246260838309,0.39885376190344024,-0.499869260730401,-0.4684308380437673,-0.5603829233850423,0.0,1.0,0.0,0.0,0.0,0.0,1.0,0.0,1
4749,-0.22900795614486624,-0.18556312751335566,1.1136395284311744,0.5840807260020958,0.39885376190344024,0.5923841555140577,0.1893399151592513,0.4482371461378657,1.0,0.0,0.0,0.0,0.0,0.0,0.0,0.0,1
2513,-0.42840874707126403,0.4237434811313212,0.9090942380243203,-0.8439895087218553,0.39885376190344024,1.128206586124547,0.40065685250169863,0.296782471734829,0.0,1.0,0.0,0.0,0.0,0.0,0.0,0.0,0
265,-0.7635912548488432,-0.5736729733833892,-0.7272680852305132,0.5840807260020958,-2.5071845761908427,-0.7059548109652046,-0.19263208966853293,-0.10431039748996518,0.0,1.0,0.0,0.0,0.0,0.0,1.0,0.0,0
1831,-0.1362492102510255,-0.5736729733833892,-0.2889567486443971,0.5840807260020958,0.39885376190344024,-0.39682648561299927,-0.27621609292157945,-0.2252201372099586,0.0,1.0,0.0,0.0,0.0,0.0,1.0,0.0,1
2838,3.3843113493645487,-0.20181130374388037,0.938314993796728,0.5840807260020958,0.39885376190344024,0.4687328253731756,-0.403935935018498,-0.40997526096570214,1.0,0.0,0.0,1.0,0.0,1.0,0.0,1.0,1
971,-0.6050775427045989,1.7169505983880837,1.7857169111965525,0.5840807260020958,0.39885376190344024,1.066380921054106,0.13389789928137003,0.3680366358912826,0.0,0.0,0.0,0.0,1.0,0.0,0.0,0.0,1
3752,1.0029441377577062,-0.5736729733833892,-0.7272680852305132,-0.12995439135987974,0.39885376190344024,-0.6647377009182438,-0.4898147450810197,-0.5480862377809491,0.0,1.0,0.0,1.0,0.0,0.0,0.0,1.0,1
1036,-0.7587092155912727,-0.019757874615501166,-0.7272680852305132,-0.8439895087218553,0.39885376190344024,-0.6029120358478028,-0.25911649037819257,-0.3394877877811269,0.0,0.0,1.0,0.0,0.0,0.0,0.0,1.0,1
2040,-0.6098070182353704,0.15232508273505604,0.8798734822519125,0.5840807260020958,0.39885376190344024,0.4275157153262148,0.32534765941784527,0.6449812636506942,0.0,0.0,1.0,0.0,0.0,1.0,1.0,0.0,1
4832,0.16018211091958728,-0.5736729733833892,-0.7272680852305132,-0.12995439135987974,0.39885376190344024,-0.6647377009182438,-0.44938007472941893,-0.49934340345060946,0.0,1.0,0.0,0.0,1.0,0.0,0.0,1.0,1
4120,-0.578684017968358,1.22138122335708,0.4123413898933887,0.5840807260020958,0.39885376190344024,0.09777883495052925,-0.14808905842874215,-0.03987598296165245,1.0,0.0,0.0,0.0,0.0,0.0,1.0,0.0,1
3250,0.17498079241909809,-0.13349510822917418,-0.7272680852305132,-1.5580246260838309,0.39885376190344024,-0.499869260730401,-0.40703831015172426,-0.5159787654165209,0.0,1.0,0.0,1.0,0.0,0.0,1.0,0.0,1
4104,-0.3266487412962776,-0.5736729733833892,1.1428602842035822,0.5840807260020958,0.39885376190344024,0.612992710537538,0.46956697149763427,0.8536039522933109,0.0,0.0,0.0,0.0,0.0,1.0,1.0,0.0,1
638,-0.772745078456788,-0.5736729733833892,-0.7272680852305132,0.5840807260020958,0.39885376190344024,-0.7059548109652046,-0.1804758245272879,-0.08672556310789586,0.0,0.0,0.0,0.0,0.0,1.0,0.0,0.0,1
111,-0.3057475107248036,-0.5736729733833892,-0.7272680852305132,0.5840807260020958,0.39885376190344024,-0.7059548109652046,-0.4138780941269098,-0.42435724583442774,0.0,1.0,0.0,1.0,0.0,0.0,0.0,1.0,1
3189,2.2007219568572847,-0.5736729733833892,4.064935861444356,0.5840807260020958,0.39885376190344024,2.6738482128855736,-0.02109917820631984,0.1438232030929061,0.0,1.0,0.0,0.0,0.0,1.0,1.0,0.0,1
2610,0.22288580263400926,-0.5736729733833892,-0.7272680852305132,-0.8439895087218553,0.39885376190344024,-0.6029120358478028,-0.4309605731541574,-0.5052102746383282,0.0,1.0,0.0,0.0,0.0,0.0,0.0,1.0,1
3522,-0.6935645042480654,0.8336406542195584,2.5746773170515613,0.5840807260020958,0.39885376190344024,1.6228119066880755,0.7521295181100398,1.2623491982238377,1.0,0.0,1.0,0.0,0.0,0.0,0.0,1.0,1
432,-0.4354266785040217,-0.5736729733833892,-0.7272680852305132,0.5840807260020958,0.39885376190344024,-0.7059548109652046,-0.3852341811385418,-0.3829219480597966,0.0,1.0,1.0,0.0,0.0,0.0,0.0,1.0,1
4633,0.4257955592767859,1.0116320392903064,-0.7272680852305132,-0.12995439135987974,0.39885376190344024,-0.6647377009182438,-0.491927307524858,-0.5506328711605986,0.0,1.0,0.0,0.0,0.0,1.0,0.0,0.0,1
3998,1.752184600067989,1.1659897134802912,0.6168866803002429,0.5840807260020958,0.39885376190344024,0.2420387201148916,-0.39104628445398143,-0.39132953649472724,0.0,1.0,1.0,0.0,0.0,0.0,0.0,1.0,1
1305,-0.6744940383981803,0.3425025999786976,-0.7272680852305132,0.5840807260020958,0.39885376190344024,-0.7059548109652046,-0.4156305382056229,-0.4268922710687369,1.0,1.0,1.0,0.0,0.0,0.0,1.0,0.0,1
3585,-0.7735078970907834,-0.5736729733833892,-0.5811643063684745,0.5840807260020958,0.39885376190344024,-0.6029120358478028,0.004558579141906426,0.1809388309886031,0.0,1.0,0.0,0.0,0.0,1.0,1.0,0.0,1
1629,0.4434929515854792,7.248716051416726,0.23701685525894223,2.012150960726047,0.39885376190344024,-0.24741446169276674,-0.48035143587190793,-0.48818889579177005,0.0,1.0,1.0,0.0,0.0,1.0,0.0,0.0,1
1790,-0.8726743195101855,0.04375772337655,-0.7272680852305132,0.5840807260020958,0.39885376190344024,-0.7059548109652046,-0.3152858624951244,-0.28173711996030637,1.0,1.0,0.0,0.0,0.0,0.0,1.0,0.0,1
759,0.27307926875090666,-0.5736729733833892,-0.522722794823659,-0.8439895087218553,0.39885376190344024,-0.38652220810125915,-0.3570251281012531,-0.4339086294310542,1.0,1.0,0.0,0.0,0.0,0.0,1.0,0.0,1
4863,-0.7854078677811117,-0.5736729733833892,-0.7272680852305132,0.5840807260020958,0.39885376190344024,-0.7059548109652046,-0.16221798397796772,-0.06031439993371531,0.0,1.0,0.0,0.0,0.0,0.0,1.0,0.0,1
4406,-0.35609354056850007,-0.19036372503601068,0.032471564852088054,0.5840807260020958,0.39885376190344024,-0.17013238035471537,-0.12838961981884955,-0.011379453694668702,0.0,1.0,0.0,0.0,0.0,0.0,0.0,0.0,1
1005,-0.01267259154377055,-0.040068094903657064,-0.7272680852305132,0.5840807260020958,0.39885376190344024,-0.7059548109652046,-0.46883153576413894,-0.5038510014153804,0.0,0.0,0.0,0.0,0.0,0.0,0.0,0.0,1
1037,-0.8075296081669783,-0.5736729733833892,0.0032508090796803113,0.5840807260020958,0.39885376190344024,-0.19074093537819567,0.9290674547963645,1.5183015220981606,0.0,0.0,0.0,0.0,0.0,0.0,0.0,1.0,1
2197,-0.27843860362776823,-0.5736729733833892,-0.7272680852305132,-0.8439895087218553,-2.5071845761908427,-0.6029120358478028,-0.35430357596602524,-0.4312840270550184,0.0,1.0,0.0,1.0,0.0,0.0,0.0,0.0,1
558,-0.01190977290977515,-0.5736729733833892,-0.025969946692727428,-0.8439895087218553,0.39885376190344024,0.13899594499748985,-0.06110540524857214,-0.14853044480554795,0.0,1.0,0.0,1.0,0.0,1.0,0.0,1.0,1
3266,-0.6685440530530162,0.5681306835434841,-0.4935020390512513,-0.12995439135987974,0.39885376190344024,-0.4668955726928325,-0.29626370883926395,-0.314766019958919,0.0,0.0,0.0,0.0,0.0,1.0,1.0,0.0,1
151,-0.050660959516741516,2.314809628324891,-0.7272680852305132,-2.2720597434458063,0.39885376190344024,-0.29378371049559754,-0.41266483652016406,-0.5525303836409131,0.0,1.0,0.0,0.0,0.0,1.0,0.0,1.0,1
3920,2.2686128152828755,-0.5736729733833892,1.8149376669689603,0.5840807260020958,0.39885376190344024,1.0869894760775862,-0.26001954051744863,-0.20179076245728048,0.0,0.0,1.0,0.0,0.0,0.0,0.0,0.0,1
819,0.7185653510042208,-0.5736729733833892,2.6915603401411925,0.5840807260020958,-2.5071845761908427,1.7052461267819967,0.16051849915063218,0.4065450786089419,1.0,1.0,0.0,0.0,0.0,0.0,1.0,0.0,0
174,-0.10436339135001774,1.068131379364631,-0.7272680852305132,0.5840807260020958,-2.5071845761908427,-0.7059548109652046,-0.48665590141580733,-0.5296351147353974,0.0,1.0,0.0,0.0,0.0,1.0,0.0,0.0,0
1465,0.1607923658267836,0.7080865651655037,0.5584451687554274,0.5840807260020958,0.39885376190344024,0.200821610067931,-0.2414808458064971,-0.1749733253280308,0.0,1.0,0.0,0.0,1.0,0.0,0.0,1.0,1
47,0.7068179440406915,1.355059400526397,-0.46428128327884355,2.012150960726047,0.39885376190344024,-0.618368452115413,-0.4924787316860248,-0.5115794669269838,0.0,1.0,0.0,0.0,0.0,0.0,0.0,0.0,1
2192,2.746900098797992,-0.5736729733833892,-0.4935020390512513,-1.5580246260838309,0.39885376190344024,-0.17013238035471537,-0.45420941711224644,-0.5500968145821836,0.0,1.0,0.0,0.0,0.0,1.0,0.0,0.0,1
2371,-0.5562571501288932,-0.5736729733833892,-0.7272680852305132,0.5840807260020958,0.39885376190344024,-0.7059548109652046,-0.34472019659015746,-0.32431581367861734,0.0,1.0,0.0,0.0,0.0,0.0,0.0,0.0,1
4661,-0.44213948248318125,-0.5736729733833892,0.3538998783485732,-1.5580246260838309,0.39885376190344024,1.025163811007145,0.9940131706080092,0.4973776382012751,1.0,1.0,0.0,0.0,0.0,1.0,1.0,0.0,0
4573,-0.5701404492676095,1.2320902485999259,-0.7272680852305132,0.5840807260020958,0.39885376190344024,-0.7059548109652046,-0.46677114847007023,-0.5008705161340757,1.0,0.0,0.0,1.0,0.0,0.0,1.0,0.0,1
3042,-0.570903267901605,-0.5736729733833892,-0.7272680852305132,0.5840807260020958,0.39885376190344024,-0.7059548109652046,-0.338390810072514,-0.3151599411832709,0.0,0.0,0.0,0.0,0.0,0.0,1.0,0.0,1
1077,-0.5075893212799867,-0.5736729733833892,-0.7272680852305132,-0.8439895087218553,-2.5071845761908427,-0.6029120358478028,-0.2711796278964983,-0.3511212005617132,0.0,0.0,0.0,1.0,0.0,1.0,1.0,0.0,1
4962,-0.36051788864567336,-0.5736729733833892,1.0259772611139513,0.5840807260020958,0.39885376190344024,0.5305584904436167,0.4625552036817191,0.8434609705192423,1.0,1.0,0.0,0.0,0.0,0.0,1.0,0.0,1
1691,-0.5271174783102689,0.37795316629984244,-0.7272680852305132,0.5840807260020958,0.39885376190344024,-0.7059548109652046,-0.43919590134079906,-0.46098111357673704,0.0,1.0,0.0,1.0,0.0,0.0,0.0,1.0,1
2946,-0.23724639739201658,-0.5736729733833892,-0.7272680852305132,-1.5580246260838309,0.39885376190344024,-0.499869260730401,-0.30315332013784363,-0.4408405415068244,0.0,1.0,0.0,0.0,0.0,0.0,0.0,1.0,1
793,-0.7698463676476055,-0.5736729733833892,1.17208103997599,0.5840807260020958,0.39885376190344024,0.6336012655610185,2.1749421979835946,3.3205410064457954,0.0,0.0,0.0,0.0,0.0,0.0,0.0,1.0,1
1478,-0.6712902001353996,0.24538281932806125,0.0032508090796803113,0.5840807260020958,0.39885376190344024,-0.19074093537819567,-0.062142448835830595,0.0844514217001489,0.0,1.0,1.0,0.0,0.0,0.0,0.0,0.0,1
1058,0.11837964977663933,1.5252959742143946,-0.4935020390512513,-0.8439895087218553,0.39885376190344024,-0.35560937556603855,-0.41673020808509276,-0.49148683738034726,0.0,0.0,0.0,0.0,0.0,0.0,0.0,0.0,1
4755,-0.09048009221130145,-0.5736729733833892,2.2240282477826687,0.5840807260020958,0.39885376190344024,1.375509246406311,0.5985866477645554,1.0402393713813847,0.0,1.0,0.0,0.0,0.0,0.0,0.0,0.0,0
3363,-0.7863232501419062,-0.5736729733833892,-0.7272680852305132,-0.8439895087218553,-2.5071845761908427,-0.6029120358478028,0.03245501990443649,-0.0583029194971101,0.0,1.0,0.0,0.0,0.0,0.0,0.0,1.0,1
2376,-0.47753426710056784,-0.5736729733833892,-0.63960581791329,-0.12995439135987974,0.39885376190344024,-0.5905469028337145,-0.2754839315324126,-0.28971659495107766,1.0,0.0,0.0,0.0,1.0,0.0,0.0,1.0,1
4309,-0.5228456939598947,0.46510247517265685,-0.7272680852305132,0.5840807260020958,0.39885376190344024,-0.7059548109652046,-0.4438014935485917,-0.4676434046064544,0.0,1.0,0.0,0.0,0.0,0.0,1.0,0.0,1
3965,-0.03738791528522154,-0.5736729733833892,-0.7272680852305132,-1.5580246260838309,0.39885376190344024,-0.499869260730401,-0.3518450307571088,-0.47605841710721325,0.0,0.0,0.0,0.0,0.0,0.0,1.0,0.0,1
3117,-0.6302505576264471,2.5345292841694866,1.9902622016034066,-1.5580246260838309,-2.5071845761908427,3.333321973636944,0.6447262912928443,0.24474445468558828,1.0,1.0,1.0,0.0,0.0,1.0,0.0,0.0,0
3016,-0.8174462504089185,-0.5736729733833892,-0.7272680852305132,0.5840807260020958,0.39885376190344024,-0.7059548109652046,-0.10674018348884634,0.019937875098743098,0.0,1.0,0.0,1.0,0.0,0.0,0.0,0.0,1
3305,0.7127679293858558,-0.5736729733833892,1.4642885977000673,-0.8439895087218553,0.39885376190344024,1.715550404293737,0.1656563964162267,0.07015342890747826,0.0,1.0,1.0,0.0,0.0,0.0,0.0,0.0,1
2345,0.7637242141367485,-0.5736729733833892,-0.7272680852305132,0.5840807260020958,0.39885376190344024,-0.7059548109652046,-0.49304705674416355,-0.5388803398644465,0.0,1.0,0.0,0.0,0.0,0.0,0.0,1.0,1
3647,-0.1508953280237372,-0.5736729733833892,-0.4935020390512513,2.012150960726047,-2.5071845761908427,-0.6338248683830233,-0.3985446821123458,-0.33040378668883924,0.0,1.0,0.0,0.0,0.0,0.0,1.0,0.0,0
2647,-0.7963924561106455,-0.5736729733833892,-0.7272680852305132,-0.8439895087218553,0.39885376190344024,-0.6029120358478028,0.05643367373925361,-0.03517845643267896,0.0,1.0,0.0,1.0,0.0,0.0,1.0,0.0,1
2075,-0.45754841888988834,-0.5736729733833892,-0.7272680852305132,0.5840807260020958,0.39885376190344024,-0.7059548109652046,-0.37907412200725477,-0.3740110187283935,0.0,1.0,1.0,0.0,0.0,0.0,0.0,1.0,1
208,0.09229125249399661,-0.5736729733833892,-0.7272680852305132,0.5840807260020958,0.39885376190344024,-0.7059548109652046,-0.4608177108148646,-0.49225847831206715,0.0,0.0,0.0,0.0,0.0,0.0,0.0,0.0,1
4956,-0.3986588203454434,-0.5736729733833892,-0.7272680852305132,0.5840807260020958,0.39885376190344024,-0.7059548109652046,-0.3945323342060444,-0.39637233597511135,0.0,1.0,0.0,0.0,0.0,1.0,1.0,0.0,1
1850,-0.5927198808338734,0.7749256537501622,-0.4935020390512513,-0.12995439135987974,0.39885376190344024,-0.4668955726928325,-0.33658621461035254,-0.3633736431074166,0.0,1.0,0.0,1.0,0.0,1.0,0.0,0.0,1
3071,1.8873560620119743,-0.5736729733833892,0.47078290143820417,-0.12995439135987974,0.39885376190344024,0.3492032062369895,-0.34246605294866883,-0.3704616194287663,0.0,1.0,0.0,0.0,0.0,0.0,0.0,1.0,1
751,-0.7855604315079108,-0.5736729733833892,1.5519508650172906,0.5840807260020958,0.39885376190344024,0.9015124808662631,2.8441759889083023,4.288631553958326,1.0,0.0,1.0,0.0,0.0,1.0,0.0,1.0,0
4723,-0.4517509972715233,-0.5736729733833892,-0.7272680852305132,0.5840807260020958,0.39885376190344024,-0.7059548109652046,-0.38073329077610857,-0.37641111511270176,0.0,1.0,0.0,0.0,0.0,0.0,0.0,1.0,1
2549,2.9463008897243896,-0.5736729733833892,3.0422094094100856,0.5840807260020958,0.39885376190344024,1.9525487870637606,-0.2056002310701851,-0.12306966410200883,0.0,1.0,0.0,0.0,1.0,0.0,0.0,1.0,1
2041,-0.4995034437596354,0.24538281932806125,1.2597433072932132,-1.5580246260838309,0.39885376190344024,2.302894222462927,1.1926331206671101,0.6410360269490566,1.0,0.0,0.0,0.0,0.0,0.0,0.0,1.0,1
3299,0.8226138126811935,-0.12980234090405493,0.5000036572106119,0.5840807260020958,0.39885376190344024,0.15960450002097037,-0.2982612527102824,-0.25710990592644545,0.0,0.0,1.0,0.0,0.0,0.0,0.0,1.0,1
824,-0.5149123801663426,-0.5736729733833892,-0.7272680852305132,-0.12995439135987974,0.39885376190344024,-0.6647377009182438,-0.3233397781726955,-0.34740544425396575,0.0,1.0,0.0,0.0,0.0,0.0,0.0,1.0,1
680,0.29581126404396957,0.31960744256295825,-0.7272680852305132,-0.12995439135987974,0.39885376190344024,-0.6647377009182438,-0.4783960817589371,-0.5343213669475169,0.0,1.0,0.0,0.0,0.0,0.0,0.0,1.0,1
4261,-0.4438176834779711,-0.5736729733833892,0.06169232062449579,0.5840807260020958,0.39885376190344024,-0.14952382533123507,0.06103925802724212,0.26264183536086083,0.0,1.0,0.0,0.0,0.0,0.0,1.0,0.0,1
4663,-0.5255918410422781,-0.5736729733833892,0.09091307639690353,0.5840807260020958,0.39885376190344024,-0.12891527030775465,0.17684064649755685,0.4301561346792447,0.0,0.0,0.0,0.0,0.0,1.0,0.0,0.0,0
4163,-0.8673345890722177,0.14715520847988908,0.9967565053415435,0.5840807260020958,0.39885376190344024,0.5099499354201362,0.8905088713391037,1.4625240035737757,0.0,1.0,0.0,0.0,0.0,0.0,0.0,0.0,1
4031,-0.7983757845590335,1.3410268846909439,1.2013017957483976,-0.8439895087218553,0.39885376190344024,1.4373349114767524,0.5347838545501449,0.4261314721490485,0.0,1.0,0.0,0.0,0.0,0.0,0.0,0.0,0
13,-0.8775563587677561,-0.5736729733833892,-0.7272680852305132,0.5840807260020958,0.39885376190344024,-0.7059548109652046,0.05643367373925361,0.25597955578765924,0.0,1.0,0.0,1.0,0.0,0.0,0.0,1.0,1
1828,-0.34693971696055526,-0.1135541646735302,0.5584451687554274,-2.2720597434458063,0.39885376190344024,2.426545552603809,1.2508158897765553,0.24958092082663175,1.0,1.0,0.0,0.0,0.0,0.0,1.0,0.0,1
1252,-0.8877781284632945,-0.5736729733833892,0.2077960994865345,0.5840807260020958,0.39885376190344024,-0.04648105021383322,2.1591051460005724,3.297631672617861,0.0,1.0,1.0,0.0,0.0,0.0,1.0,0.0,1
1112,0.46408905470335504,-0.5736729733833892,-0.7272680852305132,2.012150960726047,0.39885376190344024,-0.7574761985239055,-0.49851301687597044,-0.5232181190345119,0.0,1.0,0.0,1.0,0.0,0.0,1.0,0.0,1
1607,1.7106872663786392,2.2856367664564488,1.6980546438793294,-0.8439895087218553,0.39885376190344024,1.9628530645755011,-0.19963245323131612,-0.2821227484673305,0.0,1.0,0.0,1.0,0.0,0.0,0.0,0.0,1
3300,-0.05676350858870472,-0.5736729733833892,0.938314993796728,-2.2720597434458063,0.39885376190344024,3.230279198519543,1.4565905845512812,0.34880311573574474,0.0,1.0,0.0,0.0,0.0,0.0,0.0,0.0,1
577,0.34936113215044673,0.41598866974857074,0.12013383216931127,-0.8439895087218553,0.39885376190344024,0.2935601076735926,-0.2285009303631335,-0.30996284481968606,0.0,1.0,0.0,0.0,1.0,0.0,0.0,0.0,1
1212,-0.6178928957557216,-0.5736729733833892,-0.7272680852305132,0.5840807260020958,0.39885376190344024,-0.7059548109652046,-0.3151180341763401,-0.2814943452958718,0.0,0.0,0.0,0.0,0.0,0.0,0.0,1.0,1
807,-0.5286431155782597,0.1748509634182835,0.938314993796728,0.5840807260020958,0.39885376190344024,0.4687328253731756,0.25300837396774983,0.540337745335094,0.0,1.0,0.0,0.0,1.0,0.0,1.0,0.0,1
540,0.4233545396480006,0.23947439160787043,1.727275399651737,0.5840807260020958,0.39885376190344024,1.025163811007145,-0.03528972806978954,0.12329564251075426,1.0,1.0,0.0,0.0,1.0,1.0,1.0,0.0,1
2065,-0.5695301943604132,-0.5736729733833892,-0.7272680852305132,-0.12995439135987974,-2.5071845761908427,-0.6647377009182438,-0.2973226362933508,-0.3160425266056552,0.0,0.0,0.0,1.0,0.0,0.0,0.0,1.0,1
4085,-0.4133049381181551,-0.5736729733833892,-0.7272680852305132,0.5840807260020958,0.39885376190344024,-0.7059548109652046,-0.3909592714000763,-0.3912036664084614,0.0,1.0,0.0,0.0,0.0,0.0,0.0,0.0,1
2628,-0.5138444340787489,-0.5736729733833892,0.032471564852088054,0.5840807260020958,0.39885376190344024,-0.17013238035471537,0.12340093042882953,0.35285208235934484,0.0,0.0,0.0,1.0,0.0,1.0,0.0,1.0,1
1499,0.16460645899676063,-0.5736729733833892,-0.025969946692727428,-0.8439895087218553,0.39885376190344024,0.13899594499748985,-0.13237001381082247,-0.2172563966396775,0.0,0.0,1.0,0.0,0.0,0.0,1.0,0.0,1
821,1.2754229538208635,-0.5736729733833892,1.6688338881069216,0.5840807260020958,0.39885376190344024,0.9839467009601843,-0.15791345145293187,-0.0540876114698669,0.0,0.0,0.0,0.0,0.0,0.0,1.0,0.0,1
3284,-0.8249218730220734,-0.5736729733833892,1.8733791785137757,0.5840807260020958,0.39885376190344024,1.128206586124547,3.9667755063984345,5.91254534352158,0.0,1.0,0.0,0.0,0.0,0.0,0.0,1.0,1
407,-0.37073965834121175,-0.5736729733833892,0.5584451687554274,0.5840807260020958,0.39885376190344024,0.200821610067931,0.2436115048093402,0.5267445581233445,0.0,1.0,0.0,0.0,0.0,0.0,0.0,1.0,1
1576,-0.8339231329032192,-0.5736729733833892,0.06169232062449579,-0.12995439135987974,0.39885376190344024,0.0029794818425195628,1.5656232125035865,1.9296852135911502,0.0,1.0,0.0,0.0,0.0,0.0,1.0,0.0,0
74,-0.947735673095333,0.2372587312127989,-0.7272680852305132,-0.8439895087218553,0.39885376190344024,-0.6029120358478028,-0.20321154973938854,-0.2855743469421698,0.0,1.0,0.0,0.0,1.0,0.0,1.0,0.0,1
1083,2.909075340385414,-0.5736729733833892,-0.6688265736856978,0.5840807260020958,0.39885376190344024,-0.6647377009182438,-0.5176070323073696,-0.5744079544474249,0.0,0.0,1.0,0.0,0.0,0.0,1.0,0.0,1
221,-0.871606373422592,-0.08179636567750463,-0.4935020390512513,0.5840807260020958,0.39885376190344024,-0.5410863707773618,-0.07246522045319002,0.06951885588770225,0.0,1.0,0.0,1.0,0.0,1.0,1.0,0.0,1
1918,-0.38447039375312897,-0.5736729733833892,-0.7272680852305132,0.5840807260020958,0.39885376190344024,-0.7059548109652046,-0.39784145633467743,-0.4011591980504225,0.0,1.0,1.0,0.0,0.0,0.0,1.0,0.0,1
4133,1.0343722654783167,-0.5736729733833892,-0.25973599287198934,0.5840807260020958,0.39885376190344024,-0.37621793058951886,-0.42453095884493713,-0.4397673129549212,0.0,1.0,0.0,0.0,0.0,1.0,0.0,1.0,1
3770,0.6312988992751469,-0.012003063232750733,0.23701685525894223,2.012150960726047,0.39885376190344024,-0.24741446169276674,-0.38130273732500475,-0.297148315540171,0.0,1.0,1.0,0.0,0.0,0.0,1.0,0.0,1
3341,-0.42230619799930086,2.804839852368216,-0.6103850621408823,0.5840807260020958,0.39885376190344024,-0.6235205908712832,-0.4792360766715788,-0.5189018518659865,0.0,0.0,0.0,0.0,0.0,0.0,1.0,0.0,1
4081,-0.611027528049763,2.041544846266066,-0.3181775044168048,-0.8439895087218553,0.39885376190344024,-0.17013238035471537,-0.313601312676233,-0.39203169910669533,0.0,1.0,0.0,0.0,0.0,0.0,1.0,0.0,1
3498,-0.392251143819882,0.38644653114761673,-0.7272680852305132,0.5840807260020958,0.39885376190344024,-0.7059548109652046,-0.4535325337895928,-0.4817199921944189,0.0,1.0,0.0,0.0,1.0,0.0,1.0,0.0,1
86,0.5196222512582203,1.3188702807402282,0.8798734822519125,-0.12995439135987974,0.39885376190344024,0.6954269306314594,-0.22086127611577056,-0.2238705519264877,0.0,1.0,0.0,0.0,0.0,0.0,1.0,0.0,1
1241,-0.4027780409690186,-0.5736729733833892,-0.7272680852305132,-0.8439895087218553,0.39885376190344024,-0.6029120358478028,-0.3166198082702896,-0.39494266693482094,0.0,1.0,0.0,0.0,0.0,0.0,0.0,0.0,1
2787,-0.7739655882711807,-0.5736729733833892,-0.7272680852305132,-0.12995439135987974,0.39885376190344024,-0.6647377009182438,-0.10507162077534021,-0.08428944644574798,0.0,1.0,0.0,0.0,0.0,0.0,0.0,0.0,1
2009,0.5475414132624519,-0.5736729733833892,-0.7272680852305132,0.5840807260020958,0.39885376190344024,-0.7059548109652046,-0.4856460581682587,-0.5281743102815899,0.0,0.0,0.0,1.0,0.0,0.0,1.0,0.0,1
3442,-0.20047853923343825,0.10284200057845805,-0.7272680852305132,-0.8439895087218553,-2.5071845761908427,-0.6029120358478028,-0.41598985614717804,-0.490772858974348,1.0,0.0,0.0,1.0,0.0,0.0,0.0,0.0,0
658,-0.16126966144607466,-0.5736729733833892,-0.4935020390512513,2.012150960726047,0.39885376190344024,-0.6338248683830233,-0.3967871466586589,-0.3270139330329012,0.0,0.0,0.0,0.0,0.0,0.0,1.0,0.0,1
3047,-0.46685480622463227,-0.006094635512559928,0.5876659245278352,0.5840807260020958,0.39885376190344024,0.2214301650914113,0.12020446356019354,0.34822818350228374,0.0,1.0,1.0,0.0,0.0,0.0,0.0,1.0,1
1442,-0.1731696321364029,-0.5736729733833892,-0.7272680852305132,-0.12995439135987974,0.39885376190344024,-0.6647377009182438,-0.4116830160200156,-0.45390068136493794,0.0,0.0,0.0,0.0,0.0,1.0,1.0,0.0,1
1271,0.1807782140374631,-0.5736729733833892,-0.7272680852305132,0.5840807260020958,0.39885376190344024,-0.7059548109652046,-0.4670935932800842,-0.5013369536883385,0.0,0.0,1.0,0.0,0.0,0.0,0.0,0.0,1
2585,-0.5853968219475175,0.6811293636921332,-0.7272680852305132,0.5840807260020958,0.39885376190344024,-0.7059548109652046,-0.4466442743890219,-0.47175567343924535,0.0,0.0,0.0,1.0,0.0,0.0,0.0,0.0,1
496,-0.7127875338247495,-0.5736729733833892,0.6461074360726506,-2.2720597434458063,0.39885376190344024,2.612022547815132,4.576793026960355,1.8533289041740895,1.0,0.0,0.0,1.0,0.0,0.0,0.0,0.0,0
1688,-0.0993287883656481,0.7594160309846614,-0.7272680852305132,0.5840807260020958,0.39885376190344024,-0.7059548109652046,-0.481666496777002,-0.5224176138649339,1.0,1.0,1.0,0.0,0.0,0.0,0.0,0.0,1
762,4.773404081870174,0.9396230764504809,0.44156214566579643,0.5840807260020958,0.39885376190344024,0.11838738997400955,-0.47127388185655084,-0.5073840151362671,0.0,1.0,0.0,0.0,0.0,1.0,0.0,1.0,1
3782,-0.7143131710927403,0.25572256783839514,-0.7272680852305132,-0.8439895087218553,0.39885376190344024,-0.6029120358478028,-0.3273681220367577,-0.40530809388538286,0.0,0.0,0.0,0.0,0.0,0.0,1.0,0.0,1
4401,0.7277191746121656,-0.5736729733833892,-0.1428529697823584,-1.5580246260838309,0.39885376190344024,0.32447294020881307,-0.21467830433691215,-0.3768480865162037,1.0,1.0,0.0,0.0,0.0,0.0,0.0,0.0,1
272,0.8615175630149589,-0.5736729733833892,-0.7272680852305132,-0.12995439135987974,0.39885376190344024,-0.6647377009182438,-0.4855321075551054,-0.5429236411872991,0.0,0.0,0.0,0.0,1.0,0.0,1.0,0.0,1
3785,-0.5571725324896877,0.13459979957448365,0.2077960994865345,0.5840807260020958,0.39885376190344024,-0.04648105021383322,-0.01642468226282543,0.15058516789302448,0.0,1.0,0.0,0.0,0.0,0.0,0.0,1.0,1
954,-0.33778589335261044,-0.5736729733833892,-0.7272680852305132,0.5840807260020958,0.39885376190344024,-0.7059548109652046,-0.4077855235093824,-0.4155439430621169,1.0,0.0,1.0,0.0,0.0,1.0,1.0,0.0,1
3374,-0.8447551575059539,-0.09730598844300549,0.032471564852088054,0.5840807260020958,0.39885376190344024,-0.17013238035471537,0.3529172252939797,0.6848624479029587,0.0,0.0,0.0,0.0,0.0,1.0,1.0,0.0,1
870,-0.3890473055571014,0.052251088224324276,-0.7272680852305132,0.5840807260020958,0.39885376190344024,-0.7059548109652046,-0.439613368225342,-0.4615850067905975,1.0,0.0,1.0,0.0,0.0,0.0,1.0,0.0,1
3925,-0.46700736995143133,-0.5736729733833892,-0.7272680852305132,0.5840807260020958,0.39885376190344024,-0.7059548109652046,-0.3762949649013347,-0.3699907857981704,0.0,0.0,0.0,0.0,1.0,0.0,0.0,0.0,1
4407,-0.48882398288369977,-0.5736729733833892,-0.7272680852305132,0.5840807260020958,-2.5071845761908427,-0.7059548109652046,-0.36952117278240554,-0.36019205146933553,0.0,1.0,0.0,0.0,1.0,0.0,0.0,1.0,0
623,1.1599322126339597,-0.5736729733833892,1.0844187726587666,-0.12995439135987974,-2.5071845761908427,0.8685387928286945,-0.16241779706047002,-0.15341861569181006,0.0,0.0,0.0,0.0,0.0,0.0,1.0,0.0,0
3525,-0.7466566811741453,-0.5736729733833892,-0.7272680852305132,-0.8439895087218553,0.39885376190344024,-0.6029120358478028,-0.04598428097608331,-0.1339479798289643,0.0,0.0,0.0,0.0,0.0,1.0,1.0,0.0,1
4865,-0.845060284959552,0.06000589960707471,-0.7272680852305132,-1.5580246260838309,-2.5071845761908427,-0.499869260730401,-0.11807670964292138,-0.3069778169885175,0.0,1.0,0.0,0.0,0.0,0.0,0.0,0.0,0
1617,-0.6290300478120545,2.8702018340228266,0.5876659245278352,-0.8439895087218553,0.39885376190344024,0.788165428237121,-0.1063918852679538,-0.192203686086746,1.0,1.0,0.0,0.0,0.0,0.0,0.0,0.0,1
1690,0.15911416483199373,-0.5736729733833892,-0.7272680852305132,-0.8439895087218553,0.39885376190344024,-0.6029120358478028,-0.42476786224133906,-0.4992381664558315,0.0,0.0,1.0,0.0,0.0,0.0,1.0,0.0,1
2651,1.4882493527055805,-0.5736729733833892,-0.6688265736856978,-1.5580246260838309,-2.5071845761908427,-0.41743504063647957,-0.45434250088768896,-0.5501930717846593,0.0,1.0,1.0,0.0,0.0,0.0,0.0,1.0,1
1462,-0.405524188051402,0.5297259033622438,0.6461074360726506,-0.12995439135987974,-2.5071845761908427,0.4975848024060481,0.06756719278244776,0.12382168726850319,0.0,1.0,0.0,0.0,0.0,0.0,1.0,0.0,1
4266,-0.09353136674728305,-0.5736729733833892,-0.7272680852305132,-0.8439895087218553,-2.5071845761908427,-0.6029120358478028,-0.39203107683758814,-0.4676675624456076,0.0,0.0,1.0,0.0,0.0,0.0,0.0,1.0,0
1904,-0.3518217562181258,-0.5736729733833892,-0.7272680852305132,-0.12995439135987974,0.39885376190344024,-0.6647377009182438,-0.3764467143137272,-0.41142433120432664,0.0,1.0,0.0,0.0,0.0,1.0,1.0,0.0,1
2072,-0.23495794149003038,-0.5736729733833892,-0.7272680852305132,0.5840807260020958,0.39885376190344024,-0.7059548109652046,-0.42562006733134283,-0.44134277977265035,0.0,1.0,0.0,1.0,0.0,0.0,0.0,0.0,1
1867,0.8068997488208882,3.0585329676039086,0.032471564852088054,0.5840807260020958,0.39885376190344024,-0.17013238035471537,-0.4419781118137883,-0.46500576340257693,0.0,1.0,0.0,0.0,0.0,0.0,1.0,0.0,1
2559,0.5307594033145531,0.6021041429345811,0.5000036572106119,0.5840807260020958,0.39885376190344024,0.15960450002097037,-0.29953657365781466,-0.25895474127560614,0.0,1.0,1.0,0.0,0.0,0.0,1.0,0.0,1
1464,-0.5686148119996187,2.108753211583237,-0.4935020390512513,-0.8439895087218553,0.39885376190344024,-0.35560937556603855,-0.3798398703104295,-0.4559106428541169,0.0,0.0,0.0,0.0,0.0,1.0,1.0,0.0,1
4443,0.25217803817943263,0.36465920392941314,-0.25973599287198934,-2.2720597434458063,0.39885376190344024,0.6954269306314594,-0.09223588074734483,-0.39802322065364315,0.0,1.0,0.0,0.0,0.0,0.0,1.0,0.0,1
2554,-0.6654927785170347,1.8029920770633625,-0.7272680852305132,0.5840807260020958,0.39885376190344024,-0.7059548109652046,-0.47512347668946253,-0.5129527064068402,0.0,1.0,0.0,0.0,0.0,1.0,0.0,1.0,1
3267,-0.4857727083477182,0.6294306211404637,-0.4935020390512513,0.5840807260020958,0.39885376190344024,-0.5410863707773618,-0.37954805163339594,-0.3746965889991644,1.0,1.0,0.0,0.0,0.0,0.0,1.0,0.0,1
179,5.5676508435861845,3.932980270192148,3.9772735941271327,0.5840807260020958,0.39885376190344024,2.612022547815132,-0.3494918326753668,-0.331218298061359,0.0,0.0,1.0,0.0,0.0,1.0,1.0,0.0,1
1716,-0.06195067529987345,-0.5736729733833892,-0.7272680852305132,-1.5580246260838309,0.39885376190344024,-0.499869260730401,-0.3469334658810872,-0.4725059668316518,0.0,1.0,0.0,0.0,1.0,0.0,0.0,1.0,1
4543,-0.5750224885251801,-0.5736729733833892,-0.7272680852305132,-0.8439895087218553,0.39885376190344024,-0.6029120358478028,-0.23111200158570167,-0.3124809019408579,0.0,1.0,0.0,0.0,1.0,0.0,0.0,1.0,1
3954,-0.5686148119996187,-0.5736729733833892,1.7564961554241447,0.5840807260020958,0.39885376190344024,1.0457723660306257,1.4284813926492563,2.2407365202822085,1.0,1.0,0.0,0.0,0.0,0.0,0.0,1.0,1
2196,0.014331188099666641,-0.5736729733833892,-0.7272680852305132,0.5840807260020958,0.39885376190344024,-0.7059548109652046,-0.45441544161636244,-0.48299717624132643,0.0,1.0,1.0,0.0,0.0,1.0,0.0,0.0,1
146,-0.7611502352200579,-0.5736729733833892,-0.7272680852305132,0.5840807260020958,0.39885376190344024,-0.7059548109652046,-0.19573891254936787,-0.10880462044241962,0.0,0.0,1.0,0.0,0.0,0.0,1.0,0.0,1
2027,0.9803647061914423,-0.5736729733833892,2.3701320266447072,-2.2720597434458063,0.39885376190344024,6.259736786971154,1.1410224503738868,0.19663978510496422,0.0,1.0,0.0,0.0,0.0,0.0,1.0,0.0,0
2025,-0.17133886741481394,0.15564857332766338,-0.7272680852305132,-1.5580246260838309,0.39885376190344024,-0.499869260730401,-0.3798204473049159,-0.4962925540335901,1.0,1.0,0.0,0.0,0.0,0.0,0.0,1.0,1
1277,-0.01282515527056963,0.0467119372366454,-0.7272680852305132,0.5840807260020958,0.39885376190344024,-0.7059548109652046,-0.47101689580178474,-0.5070122679623568,1.0,1.0,0.0,0.0,0.0,0.0,1.0,0.0,1
3850,-0.5471033265209484,-0.5736729733833892,-0.05519070246513517,-1.5580246260838309,0.39885376190344024,0.4481242703496953,0.7653965548108949,0.33202317780285345,0.0,1.0,0.0,0.0,1.0,0.0,0.0,1.0,0
1344,0.5627977859423599,-0.5736729733833892,-0.7272680852305132,-0.8439895087218553,-2.5071845761908427,-0.6029120358478028,-0.45565454471070327,-0.5290245736856047,0.0,0.0,0.0,0.0,0.0,0.0,0.0,0.0,1
2297,1.26108196350175,-0.5736729733833892,-0.7272680852305132,-0.12995439135987974,0.39885376190344024,-0.6647377009182438,-0.4962741959787454,-0.5558729204034363,0.0,1.0,0.0,0.0,0.0,0.0,0.0,0.0,1
2537,0.5234363444281972,1.9894768269818848,2.6623395843687847,-0.12995439135987974,0.39885376190344024,2.2039731583502213,0.017778685632621763,0.06380307120322291,0.0,1.0,0.0,0.0,0.0,0.0,1.0,0.0,1
2646,-0.4824163063581384,-0.5736729733833892,-0.63960581791329,2.012150960726047,-2.5071845761908427,-0.7111069497210747,-0.375961338896924,-0.28684607159324715,0.0,1.0,1.0,0.0,0.0,0.0,0.0,1.0,1
1474,-0.6397095086879901,0.4964909974361705,-0.7272680852305132,0.5840807260020958,0.39885376190344024,-0.7059548109652046,-0.43102383987443615,-0.4491596909788943,0.0,0.0,0.0,0.0,0.0,0.0,0.0,1.0,1
2704,-0.12450180328749633,2.497601610918294,1.9902622016034066,-0.8439895087218553,0.39885376190344024,2.271981389927707,0.14592157073875228,0.05112161625421272,0.0,1.0,0.0,0.0,1.0,1.0,0.0,0.0,1
361,1.5157108235294148,0.46251753804507334,2.750001851686008,-2.2720597434458063,0.39885376190344024,7.063470432886889,0.7239491178690005,-0.004468186574923982,0.0,1.0,0.0,0.0,0.0,0.0,0.0,1.0,0
3849,-0.8015796228218142,-0.5736729733833892,-0.7272680852305132,0.5840807260020958,0.39885376190344024,-0.7059548109652046,-0.13607938538644052,-0.02250320365996256,0.0,1.0,0.0,1.0,0.0,0.0,0.0,1.0,0
1337,-0.45129330609112606,-0.5736729733833892,-0.7272680852305132,2.012150960726047,0.39885376190344024,-0.7574761985239055,-0.42249527115606805,-0.3765985827377101,0.0,1.0,0.0,0.0,0.0,0.0,1.0,0.0,1
685,0.2865048767092257,-0.5736729733833892,-0.7272680852305132,0.5840807260020958,0.39885376190344024,-0.7059548109652046,-0.47349422498321186,-0.5105958870146804,0.0,1.0,0.0,0.0,0.0,0.0,0.0,1.0,1
4474,0.43525451033832885,-0.5736729733833892,-0.37661901596162034,0.5840807260020958,0.39885376190344024,-0.4586521506834403,-0.4012101812795875,-0.4060322795065023,0.0,0.0,0.0,1.0,0.0,0.0,0.0,0.0,1
3130,-0.3417525502493865,-0.5736729733833892,2.0779244689206298,0.5840807260020958,0.39885376190344024,1.2724664712889096,0.9408488966633325,1.5353441500439498,0.0,1.0,0.0,0.0,0.0,0.0,0.0,1.0,0
3306,0.10770018890070371,-0.12204752952130449,0.06169232062449579,0.5840807260020958,0.39885376190344024,-0.14952382533123507,-0.2755636572352586,-0.22427634622188797,0.0,0.0,1.0,0.0,0.0,1.0,0.0,0.0,1
3726,0.07596693372649503,-0.5736729733833892,1.610392376562106,0.5840807260020958,0.39885376190344024,0.9427295909132237,0.24317890763560043,0.5261187779543554,0.0,1.0,0.0,0.0,0.0,0.0,0.0,1.0,0
3789,1.0870067512239994,-0.5736729733833892,2.6915603401411925,-1.5580246260838309,0.39885376190344024,4.322532614764001,0.6231665481833213,0.2291506638503343,0.0,1.0,0.0,0.0,1.0,0.0,1.0,0.0,0
1042,0.7373306894005076,-0.5736729733833892,-0.7272680852305132,0.5840807260020958,-2.5071845761908427,-0.7059548109652046,-0.49223997037460926,-0.5377128365255727,0.0,1.0,1.0,0.0,0.0,1.0,0.0,1.0,0
438,-0.8479589957687346,-0.5736729733833892,0.4123413898933887,-0.8439895087218553,0.39885376190344024,0.6026884330257978,3.2063131697207696,3.002492989345934,0.0,0.0,0.0,0.0,0.0,0.0,0.0,1.0,1
1553,-0.65298255291951,-0.5736729733833892,-0.7272680852305132,0.5840807260020958,0.39885376190344024,-0.7059548109652046,-0.29405213889423,-0.2510211468799328,0.0,0.0,1.0,0.0,0.0,0.0,0.0,0.0,1
1257,0.008533766481301596,-0.5736729733833892,1.288964063065621,0.5840807260020958,-2.5071845761908427,0.7160354856549399,0.19118741481420762,0.45090967549419775,0.0,1.0,1.0,0.0,0.0,1.0,0.0,0.0,0
765,-0.6127057290445529,-0.051515673611526744,-0.7272680852305132,0.5840807260020958,0.39885376190344024,-0.7059548109652046,-0.39493135200975726,-0.3969495413841955,1.0,1.0,0.0,0.0,0.0,0.0,1.0,0.0,1
4644,0.20854481231489572,-0.5736729733833892,2.5746773170515613,0.5840807260020958,0.39885376190344024,1.6228119066880755,0.4183161086749704,0.7794662196753468,0.0,1.0,0.0,0.0,0.0,0.0,1.0,0.0,1
1637,0.0123478596512786,-0.5736729733833892,0.09091307639690353,0.5840807260020958,0.39885376190344024,-0.12891527030775465,-0.1934139306331728,-0.10544138169576879,1.0,1.0,0.0,1.0,0.0,0.0,1.0,0.0,1
3059,-0.4935534584144713,1.3365955639008007,0.5000036572106119,-0.12995439135987974,-2.5071845761908427,0.37393347226516604,-0.08942819814306877,-0.0654317495461836,0.0,0.0,0.0,0.0,0.0,1.0,1.0,0.0,0
2427,-0.32649617756947846,-0.5736729733833892,0.4123413898933887,0.5840807260020958,0.39885376190344024,0.09777883495052925,0.12585559674148078,0.3564029180864106,0.0,0.0,0.0,0.0,0.0,1.0,1.0,0.0,1
2652,0.08847715932401962,-0.5736729733833892,-0.7272680852305132,2.012150960726047,0.39885376190344024,-0.7574761985239055,-0.48224190970373904,-0.4918351548853456,0.0,0.0,0.0,0.0,0.0,0.0,1.0,0.0,1
4889,0.20717173877370398,-0.5736729733833892,-0.7272680852305132,0.5840807260020958,0.39885376190344024,-0.7059548109652046,-0.4687930914814819,-0.503795389240456,0.0,0.0,0.0,0.0,1.0,0.0,1.0,0.0,1
4361,-0.6522197342855147,-0.5736729733833892,-0.7272680852305132,0.5840807260020958,0.39885376190344024,-0.7059548109652046,-0.29455064398765707,-0.25174226717507925,0.0,0.0,0.0,0.0,0.0,0.0,0.0,0.0,1
3006,0.06635541893815299,-0.5736729733833892,1.288964063065621,0.5840807260020958,0.39885376190344024,0.7160354856549399,0.152582841625781,0.3950656298090091,1.0,1.0,0.0,1.0,0.0,0.0,0.0,1.0,1
1816,-0.9057806482255859,1.3465660356786227,-0.46428128327884355,-0.8439895087218553,0.39885376190344024,-0.32469654303081796,-0.24618461868569044,-0.3270165877142984,0.0,1.0,0.0,0.0,0.0,0.0,0.0,0.0,1
4896,-0.8456705398667483,0.6464173508360122,0.5876659245278352,-0.12995439135987974,0.39885376190344024,0.4481242703496953,0.37904594108948886,0.499300376574811,0.0,0.0,0.0,0.0,0.0,1.0,1.0,0.0,0
2495,0.3972661423653579,-0.5736729733833892,-0.7272680852305132,0.5840807260020958,-2.5071845761908427,-0.7059548109652046,-0.47918956414835157,-0.5188345684521962,1.0,1.0,0.0,1.0,0.0,0.0,0.0,1.0,0
3656,-0.28576166251412405,-0.5736729733833892,-0.7272680852305132,0.5840807260020958,0.39885376190344024,-0.7059548109652046,-0.41741650757124554,-0.42947579282817633,0.0,0.0,0.0,0.0,0.0,0.0,0.0,1.0,1
3701,1.3570445476583715,0.8646598997505601,-0.11363221400995065,0.5840807260020958,0.39885376190344024,-0.2731751554721171,-0.4458082178506849,-0.47054626285220413,0.0,1.0,1.0,0.0,0.0,0.0,1.0,0.0,1
4901,-0.7077529308403798,-0.5736729733833892,0.09091307639690353,0.5840807260020958,0.39885376190344024,-0.12891527030775465,0.5740543764941031,1.0047518328739182,1.0,1.0,0.0,0.0,0.0,0.0,0.0,0.0,0
2099,0.4026058728033257,-0.23209199580985826,-0.7272680852305132,-0.12995439135987974,0.39885376190344024,-0.6647377009182438,-0.4731183266126698,-0.5279591846298756,0.0,1.0,0.0,0.0,0.0,1.0,1.0,0.0,1
4887,1.677580937663239,-0.5736729733833892,1.1428602842035822,0.5840807260020958,0.39885376190344024,0.612992710537538,-0.28047769630917685,-0.2313848258624546,0.0,0.0,0.0,0.0,1.0,0.0,0.0,1.0,1
341,-0.1286210239110715,0.8901399942938829,-0.7272680852305132,-2.2720597434458063,0.39885376190344024,-0.29378371049559754,-0.35342916736047497,-0.5239676241754264,0.0,1.0,0.0,0.0,0.0,0.0,1.0,0.0,1
1415,0.5351837513917264,-0.5736729733833892,1.8733791785137757,0.5840807260020958,0.39885376190344024,1.128206586124547,0.0686926771093921,0.2737130077524161,0.0,1.0,0.0,0.0,0.0,0.0,0.0,0.0,1
227,-0.723314430973886,-0.5736729733833892,-0.7272680852305132,0.5840807260020958,0.39885376190344024,-0.7059548109652046,-0.2377678627548984,-0.16960225195416515,0.0,1.0,0.0,1.0,0.0,1.0,0.0,0.0,1
1215,0.9947056965105558,-0.5736729733833892,-0.25973599287198934,0.5840807260020958,0.39885376190344024,-0.37621793058951886,-0.42213563927253744,-0.43630232617786713,0.0,1.0,0.0,0.0,0.0,0.0,1.0,0.0,1
4006,-0.9536856584404971,1.686300629589594,-0.7272680852305132,0.5840807260020958,0.39885376190344024,-0.7059548109652046,-0.45128607410769545,-0.4784703410068902,0.0,1.0,0.0,1.0,0.0,0.0,1.0,0.0,1
968,-0.31383338824515483,-0.03822171124109743,1.2305225515208054,0.5840807260020958,0.39885376190344024,0.6748183756079791,0.24935849567325433,0.5350579571289575,0.0,1.0,0.0,0.0,0.0,0.0,1.0,0.0,0
4415,0.18047308658386496,-0.5736729733833892,-0.7272680852305132,0.5840807260020958,-2.5071845761908427,-0.7059548109652046,-0.46707351606190844,-0.5013079106761658,0.0,1.0,0.0,0.0,1.0,0.0,0.0,1.0,0
1858,-0.09520956774207293,0.09434863573068376,-0.5519435505960668,-0.8439895087218553,0.39885376190344024,-0.41743504063647957,-0.3546752255487874,-0.43164243737732844,0.0,1.0,0.0,0.0,0.0,0.0,1.0,0.0,1
914,-0.34510895223896626,-0.5736729733833892,-0.7272680852305132,-0.8439895087218553,0.39885376190344024,-0.6029120358478028,-0.3357748478006262,-0.41341534714315775,0.0,1.0,0.0,0.0,0.0,1.0,0.0,1.0,1
2049,-0.1910195881718953,-0.5736729733833892,-0.7272680852305132,-0.8439895087218553,-2.5071845761908427,-0.6029120358478028,-0.3741885349625554,-0.4504606248332188,1.0,0.0,1.0,0.0,0.0,1.0,1.0,0.0,1
1599,-0.6210967340185023,-0.16340652356264013,-0.7272680852305132,0.5840807260020958,0.39885376190344024,-0.7059548109652046,-0.380776511506554,-0.37647363673245293,0.0,1.0,0.0,0.0,0.0,1.0,0.0,0.0,1
4685,0.23692166549952462,-0.18408602058330795,1.376626330382844,0.5840807260020958,0.39885376190344024,0.7778611507253809,0.011633672688925224,0.19117341758377762,1.0,0.0,0.0,1.0,0.0,0.0,1.0,0.0,1
780,-0.1754580880383891,-0.5736729733833892,-0.5519435505960668,0.5840807260020958,0.39885376190344024,-0.5823034808243225,-0.36596751481915923,-0.3550514522796894,0.0,0.0,0.0,0.0,0.0,0.0,1.0,0.0,1
2843,-0.7452836076329535,0.17448168668577158,-0.7272680852305132,-0.8439895087218553,0.39885376190344024,-0.6029120358478028,-0.30384770728881794,-0.3826255460724153,0.0,1.0,1.0,0.0,0.0,0.0,1.0,0.0,1
4325,0.6779833996756655,0.35616583908163885,-0.7272680852305132,0.5840807260020958,-2.5071845761908427,-0.7059548109652046,-0.5007622218589626,-0.5500408319397424,0.0,1.0,0.0,0.0,0.0,0.0,0.0,0.0,0
3544,1.215312845462026,-0.5736729733833892,-0.4935020390512513,0.5840807260020958,0.39885376190344024,-0.5410863707773618,-0.4691589171011136,-0.5043245799794861,0.0,1.0,1.0,0.0,0.0,1.0,0.0,1.0,1
3979,-0.7161439358143292,-0.5736729733833892,-0.7272680852305132,0.5840807260020958,0.39885376190344024,-0.7059548109652046,-0.24462571126436666,-0.1795225793618947,0.0,0.0,1.0,0.0,0.0,0.0,1.0,0.0,1
1951,1.017895382984016,1.042651284821308,-0.7272680852305132,0.5840807260020958,0.39885376190344024,-0.7059548109652046,-0.5114298764875335,-0.5654722936353302,1.0,1.0,0.0,0.0,0.0,0.0,0.0,1.0,1
3625,-0.6886824649904948,-0.5736729733833892,0.032471564852088054,0.5840807260020958,0.39885376190344024,-0.17013238035471537,0.4573406298388603,0.8359177476350508,0.0,0.0,0.0,0.0,1.0,0.0,0.0,0.0,0
4545,0.15682570893000752,2.1349718595915834,-0.7272680852305132,-1.5580246260838309,0.39885376190344024,-0.499869260730401,-0.46273981895640126,-0.5562667073041268,1.0,1.0,0.0,1.0,0.0,0.0,1.0,0.0,1
42,-0.3563986680220982,-0.5736729733833892,-0.7272680852305132,-0.12995439135987974,-2.5071845761908427,-0.6647377009182438,-0.375301988556628,-0.41004439716636437,0.0,0.0,0.0,0.0,0.0,0.0,0.0,1.0,0
4066,-0.16737221051803786,0.2930195178220996,-0.20129448132717387,-0.8439895087218553,0.39885376190344024,-0.04648105021383322,-0.21285510024092483,-0.2948743655720294,0.0,1.0,1.0,0.0,0.0,0.0,0.0,1.0,1
2119,-0.3963703644434572,-0.21916731017194085,-0.46428128327884355,-0.8439895087218553,0.39885376190344024,-0.32469654303081796,-0.1937728311947581,-0.2764718635473787,0.0,1.0,0.0,0.0,0.0,1.0,1.0,0.0,1
1063,-0.8534512899335014,0.5596373186957098,-0.7272680852305132,0.5840807260020958,0.39885376190344024,-0.7059548109652046,-0.39766719512395826,-0.40090711778612176,0.0,0.0,0.0,0.0,0.0,0.0,0.0,1.0,1
2637,0.5522708887932234,-0.01458800036033421,-0.7272680852305132,0.5840807260020958,0.39885376190344024,-0.7059548109652046,-0.49362916615341895,-0.5397223992827846,0.0,0.0,0.0,1.0,0.0,0.0,0.0,1.0,1
2527,0.1784897581354769,-0.5736729733833892,-0.7272680852305132,-0.8439895087218553,0.39885376190344024,-0.6029120358478028,-0.42671793984863077,-0.501118776514813,0.0,0.0,1.0,0.0,0.0,0.0,0.0,1.0,1
67,0.633587355177133,-0.5736729733833892,0.2954583668037577,-0.8439895087218553,0.39885376190344024,0.47903710288491574,-0.15203468663228342,-0.23622055548973436,0.0,1.0,0.0,0.0,0.0,0.0,0.0,1.0,1
3763,0.408860985602088,0.5998884825395095,3.5974037690858323,0.5840807260020958,0.39885376190344024,2.344111332509888,0.2535418752167039,0.5411094898632433,1.0,0.0,0.0,0.0,0.0,1.0,0.0,1.0,1
1424,-0.7147708622731376,-0.5736729733833892,-0.4935020390512513,-0.12995439135987974,0.39885376190344024,-0.4668955726928325,0.103821696803617,0.16752545108965503,0.0,0.0,0.0,0.0,0.0,0.0,1.0,0.0,1
2837,1.713585977187822,1.1973782357438048,3.071430165182493,0.5840807260020958,0.39885376190344024,1.9731573420872415,-0.15365255685289692,-0.047923948125041825,0.0,1.0,0.0,0.0,0.0,0.0,1.0,0.0,1
140,-0.14036843087460066,-0.5736729733833892,1.2013017957483976,0.5840807260020958,0.39885376190344024,0.6542098205844988,0.28075875716499676,0.5804804936951028,1.0,0.0,0.0,1.0,0.0,0.0,0.0,0.0,1
166,0.4074879120608963,-0.5736729733833892,1.4642885977000673,-0.12995439135987974,0.39885376190344024,1.190032251194988,0.14336375584110886,0.2151922681054806,0.0,1.0,1.0,0.0,0.0,0.0,1.0,0.0,1
437,-0.7913578531262758,1.364660595571707,-0.2889567486443971,0.5840807260020958,0.39885376190344024,-0.39682648561299927,-0.3138685208660306,-0.27968684238567015,0.0,0.0,0.0,0.0,0.0,0.0,0.0,0.0,1
1789,1.151236080206412,0.6434631369759167,-0.7272680852305132,-1.5580246260838309,0.39885376190344024,-0.499869260730401,-0.47462416691579074,-0.5648624514811637,0.0,0.0,0.0,0.0,0.0,0.0,1.0,0.0,1
688,0.2843689845340386,-0.5736729733833892,-0.7272680852305132,0.5840807260020958,0.39885376190344024,-0.7059548109652046,-0.4733750343341947,-0.5104234699278116,0.0,0.0,0.0,0.0,0.0,1.0,0.0,0.0,1
2726,0.6442668160530687,-0.5736729733833892,0.23701685525894223,0.5840807260020958,0.39885376190344024,-0.02587249519035291,-0.2971319710089113,-0.25547632591987457,0.0,1.0,1.0,0.0,0.0,0.0,0.0,0.0,1
2532,0.12951680183297218,-0.5736729733833892,0.09091307639690353,-0.8439895087218553,0.39885376190344024,0.2626472751383721,-0.06962536435614315,-0.15674689769947217,0.0,1.0,0.0,1.0,0.0,1.0,0.0,1.0,1
2590,0.977923686562657,-0.5736729733833892,0.8506527264795047,0.5840807260020958,0.39885376190344024,0.4069071603027345,-0.23650370681285823,-0.16777356751732592,0.0,1.0,0.0,1.0,0.0,1.0,1.0,0.0,1
4729,-0.27843860362776823,0.849888830450083,-0.025969946692727428,-0.8439895087218553,-2.5071845761908427,0.13899594499748985,-0.17698750367047159,-0.26028447917486036,0.0,1.0,0.0,0.0,0.0,1.0,0.0,1.0,0
1587,-0.4808906690901476,3.4979722792930996,-0.7272680852305132,0.5840807260020958,0.39885376190344024,-0.7059548109652046,-0.5036571672251705,-0.5542285601785072,1.0,1.0,1.0,0.0,0.0,1.0,0.0,1.0,1
4960,-0.458768928704281,-0.5736729733833892,2.048703713148222,-0.8439895087218553,0.39885376190344024,2.3338070549981476,2.1091887756856456,1.944451420301981,0.0,0.0,0.0,0.0,0.0,0.0,1.0,0.0,1
4976,1.2189743749052038,-0.5736729733833892,0.7337697033898738,0.5840807260020958,0.39885376190344024,0.32447294020881307,-0.28703677226741303,-0.24087295918998927,0.0,1.0,0.0,0.0,0.0,0.0,0.0,0.0,1
2227,-0.5760904346127736,-0.5736729733833892,-0.7272680852305132,-1.5580246260838309,0.39885376190344024,-0.499869260730401,-0.12471415659468275,-0.3117785680420002,0.0,1.0,1.0,0.0,0.0,0.0,0.0,0.0,1
918,-0.5152175076199407,0.573300557798651,1.7564961554241447,0.5840807260020958,0.39885376190344024,1.0457723660306257,0.38514756193880323,0.7314857425902865,0.0,0.0,1.0,0.0,0.0,0.0,0.0,0.0,0
1851,2.0629569115577153,-0.5736729733833892,-0.6980473294581054,-0.12995439135987974,0.39885376190344024,-0.6400074348900675,-0.5056940458962711,-0.5672282790586217,1.0,1.0,0.0,0.0,0.0,0.0,0.0,1.0,1
3816,-0.4879086005229053,0.35468873215159114,-0.4935020390512513,0.5840807260020958,0.39885376190344024,-0.5410863707773618,-0.3588001656563448,-0.3446834118888193,0.0,1.0,0.0,0.0,0.0,0.0,1.0,0.0,1
4225,0.09671560057116994,-0.5736729733833892,1.4350678419276597,0.5840807260020958,0.39885376190344024,0.8190782607723417,0.1770043728017878,0.43039297551073646,0.0,0.0,1.0,0.0,0.0,0.0,0.0,1.0,1
2281,-0.6038570328902062,0.4215278207362496,-0.7272680852305132,2.012150960726047,-2.5071845761908427,-0.7574761985239055,-0.46061893040137153,-0.45012974559380925,1.0,0.0,0.0,0.0,0.0,1.0,0.0,1.0,0
4718,0.2970317738583622,-0.5736729733833892,0.26623761103134996,-0.8439895087218553,0.39885376190344024,0.4481242703496953,-0.06350467061741627,-0.15084424122572254,0.0,1.0,0.0,0.0,0.0,0.0,1.0,0.0,1
4678,0.4537147212810176,-0.5736729733833892,-0.3181775044168048,2.012150960726047,0.39885376190344024,-0.5410863707773618,-0.4292670189109616,-0.38965961876737304,0.0,1.0,1.0,0.0,0.0,0.0,1.0,0.0,1
257,-0.6142313663125437,-0.5736729733833892,0.32467912257616544,-0.8439895087218553,0.39885376190344024,0.5099499354201362,1.0415142765444445,0.9148106535473151,0.0,1.0,0.0,0.0,0.0,1.0,0.0,1.0,0
922,-0.20597083339820513,-0.5736729733833892,0.6168866803002429,-1.5580246260838309,0.39885376190344024,1.3961178014297912,0.7690501049614493,0.3346657276961635,1.0,0.0,0.0,0.0,1.0,0.0,1.0,0.0,1
4823,-0.29842445183844774,-0.5736729733833892,-0.4935020390512513,-0.12995439135987974,0.39885376190344024,-0.4668955726928325,-0.2618497733363738,-0.27328100864842214,0.0,1.0,0.0,0.0,0.0,1.0,1.0,0.0,1
4070,0.14507830196647836,0.39715555639046257,-0.25973599287198934,0.5840807260020958,0.39885376190344024,-0.37621793058951886,-0.3867128846536542,-0.38506098962489144,0.0,1.0,0.0,0.0,0.0,0.0,0.0,1.0,1
2780,0.4694287851413228,-0.5736729733833892,-0.4935020390512513,-0.8439895087218553,0.39885376190344024,-0.35560937556603855,-0.37204909135064157,-0.44839739454836036,0.0,1.0,0.0,0.0,1.0,0.0,1.0,0.0,1
3643,-0.31078211370917325,-0.5736729733833892,-0.7272680852305132,-1.5580246260838309,0.39885376190344024,-0.499869260730401,-0.27851987178300713,-0.4230235926106813,0.0,0.0,0.0,0.0,0.0,0.0,0.0,1.0,1
2730,0.9673967894135206,3.7424334762159943,0.38312063412098096,0.5840807260020958,0.39885376190344024,0.07717027992704895,-0.42326843205871634,-0.43794098519876756,0.0,0.0,1.0,0.0,0.0,0.0,1.0,0.0,0
4053,-0.16355811734806086,-0.5736729733833892,-0.2305152370995816,0.5840807260020958,-2.5071845761908427,-0.35560937556603855,-0.24539527847453357,-0.18063580877729635,0.0,1.0,0.0,0.0,0.0,1.0,0.0,1.0,0
4305,-0.8310244220940366,-0.5736729733833892,-0.05519070246513517,0.5840807260020958,0.39885376190344024,-0.2319580454251564,1.0012958167666668,1.622784582329095,0.0,1.0,0.0,0.0,1.0,0.0,0.0,1.0,1
2259,-0.16065940653887834,-0.5736729733833892,-0.7272680852305132,0.5840807260020958,0.39885376190344024,-0.7059548109652046,-0.435910391700718,-0.4562284085139385,0.0,1.0,0.0,0.0,1.0,1.0,0.0,1.0,1
481,-0.690818357165682,-0.5736729733833892,-0.7272680852305132,2.012150960726047,0.39885376190344024,-0.7574761985239055,-0.3367922400101129,-0.2112985127757506,0.0,1.0,0.0,0.0,0.0,0.0,1.0,0.0,1
4563,-0.1463184162197648,-0.19257938543108225,-0.7272680852305132,0.5840807260020958,-2.5071845761908427,-0.7059548109652046,-0.45413201634405764,-0.48258718300612946,0.0,1.0,1.0,0.0,0.0,0.0,1.0,0.0,0
449,-0.7185849554431145,-0.5736729733833892,-0.7272680852305132,-0.8439895087218553,0.39885376190344024,-0.6029120358478028,-0.08979202026249937,-0.17619515750805642,0.0,1.0,0.0,0.0,0.0,0.0,1.0,0.0,1
2325,0.24043063121590347,-0.5736729733833892,1.4350678419276597,-0.8439895087218553,0.39885376190344024,1.6846375717585165,0.4172327206198107,0.3127678582664784,0.0,0.0,0.0,1.0,0.0,0.0,1.0,0.0,1
2722,-0.7184323917163155,-0.31370215369499377,-0.4058397717340281,-2.2720597434458063,0.39885376190344024,0.3862986052792542,0.8925104972015414,0.07681017494854826,0.0,0.0,0.0,1.0,0.0,0.0,0.0,0.0,1
2292,-0.2370938336652175,2.156020633344763,-0.63960581791329,-1.5580246260838309,0.39885376190344024,-0.37621793058951886,-0.4153847992626507,-0.5220156372263255,0.0,1.0,0.0,0.0,0.0,0.0,0.0,0.0,1
113,4.339970534033987,-0.5736729733833892,1.6688338881069216,0.5840807260020958,0.39885376190344024,0.9839467009601843,-0.37977387709237936,-0.3750232603286672,0.0,1.0,0.0,0.0,0.0,0.0,0.0,1.0,1
4248,0.0724579680101162,-0.5736729733833892,0.2954583668037577,0.5840807260020958,0.39885376190344024,0.01534461485660781,-0.15085980192747833,-0.043884045057563506,0.0,1.0,0.0,1.0,0.0,0.0,0.0,0.0,1
3468,-0.5187264733363195,-0.5736729733833892,-0.7272680852305132,0.5840807260020958,0.39885376190344024,-0.7059548109652046,-0.3593154450599446,-0.34542879732320325,0.0,1.0,0.0,0.0,0.0,0.0,1.0,0.0,1
2999,-0.37760502604717033,-0.38940388385993846,0.9090942380243203,0.5840807260020958,0.39885376190344024,0.4481242703496953,0.32870435205935206,0.6498369395911713,0.0,0.0,0.0,0.0,0.0,1.0,1.0,0.0,1
4875,-0.7068375484795854,-0.5736729733833892,2.603898072823969,0.5840807260020958,0.39885376190344024,1.6434204617115558,3.102007502835055,4.66160173996529,1.0,1.0,0.0,0.0,0.0,1.0,0.0,0.0,0
2418,-0.014961047445756753,-0.5736729733833892,0.38312063412098096,0.5840807260020958,0.39885376190344024,0.07717027992704895,-0.08834797015372281,0.046543417315857774,0.0,1.0,0.0,1.0,0.0,0.0,1.0,0.0,1
4943,-0.6210967340185023,-0.5736729733833892,1.9902622016034066,0.5840807260020958,-2.5071845761908427,1.2106408062184681,1.8633365370410386,2.8697829918317055,0.0,1.0,0.0,0.0,0.0,1.0,1.0,0.0,0
3149,-0.6738837834909841,-0.5736729733833892,0.5000036572106119,-0.8439895087218553,0.39885376190344024,0.6954269306314594,1.5415086057057554,1.3969937017185836,0.0,0.0,0.0,0.0,1.0,0.0,1.0,0.0,1
2146,-0.8314821132744339,-0.5736729733833892,0.0032508090796803113,-0.12995439135987974,0.39885376190344024,-0.04648105021383322,1.4279941616849294,1.7637773438159703,0.0,1.0,0.0,0.0,0.0,0.0,0.0,0.0,0
3473,-0.7188900828967127,-0.5736729733833892,-0.25973599287198934,-1.5580246260838309,0.39885376190344024,0.15960450002097037,1.040463586047557,0.5309744236033703,0.0,1.0,0.0,0.0,0.0,0.0,0.0,1.0,1
4991,0.25522931271541427,0.18962203271876052,-0.7272680852305132,0.5840807260020958,0.39885376190344024,-0.7059548109652046,-0.48652931903885804,-0.5294520050295396,0.0,1.0,0.0,1.0,0.0,1.0,0.0,0.0,1
3253,0.7083435813086824,-0.5736729733833892,-0.37661901596162034,-0.12995439135987974,0.39885376190344024,-0.3679745085801268,-0.39937572740155647,-0.43906459824693916,0.0,1.0,1.0,0.0,0.0,0.0,0.0,0.0,1
201,0.13439884109054273,-0.5736729733833892,2.633118828596377,0.5840807260020958,0.39885376190344024,1.6640290167350362,0.49598644034141276,0.8918214457982692,0.0,1.0,1.0,0.0,0.0,1.0,0.0,1.0,1
246,-0.5271174783102689,-0.5736729733833892,0.23701685525894223,-0.12995439135987974,0.39885376190344024,0.15136107801157822,0.4389658628300309,0.5715321220815611,0.0,0.0,0.0,0.0,0.0,0.0,0.0,0.0,1
1232,-0.3411422953421902,-0.5736729733833892,-0.7272680852305132,0.5840807260020958,0.39885376190344024,-0.7059548109652046,-0.40711492266112503,-0.4145738749765607,0.0,1.0,0.0,0.0,0.0,0.0,0.0,0.0,1
236,-0.8914396579064724,0.4606711543825137,-0.7272680852305132,-1.5580246260838309,0.39885376190344024,-0.499869260730401,-0.20692026437208647,-0.3712368298380296,0.0,1.0,0.0,1.0,0.0,0.0,0.0,0.0,1
713,-0.007943116012999065,-0.5736729733833892,-0.7272680852305132,2.012150960726047,0.39885376190344024,-0.7574761985239055,-0.47615451656838703,-0.4800940706120721,0.0,0.0,0.0,0.0,0.0,0.0,1.0,0.0,1
4437,-0.43695231577201255,0.1342305228419717,1.405847086155252,-2.2720597434458063,0.39885376190344024,4.2194898396466,2.178374686691661,0.6968391215394497,0.0,1.0,0.0,0.0,0.0,0.0,0.0,1.0,1
3462,-0.1899516420843017,-0.5736729733833892,-0.7272680852305132,0.5840807260020958,0.39885376190344024,-0.7059548109652046,-0.4320682536915195,-0.45067050402766884,0.0,0.0,1.0,0.0,0.0,0.0,1.0,0.0,1
4352,-0.4255100362620815,-0.5736729733833892,-0.5519435505960668,0.5840807260020958,0.39885376190344024,-0.5823034808243225,-0.2921270798360038,-0.24823642276267457,0.0,1.0,0.0,0.0,0.0,0.0,1.0,0.0,1
4876,-0.7832719756059245,-0.5736729733833892,-0.7272680852305132,-0.8439895087218553,0.39885376190344024,-0.6029120358478028,0.025560282124670767,-0.06495204626733893,0.0,1.0,0.0,1.0,0.0,0.0,0.0,1.0,1
2966,-0.04577892025917095,-0.5736729733833892,-0.7272680852305132,-0.12995439135987974,0.39885376190344024,-0.6647377009182438,-0.4290736480765635,-0.4748645890674438,1.0,0.0,0.0,0.0,0.0,0.0,0.0,1.0,1
1965,-0.23434768658283406,0.18740637232368895,2.603898072823969,0.5840807260020958,0.39885376190344024,1.6434204617115558,0.5378330252410455,0.9523552739408065,0.0,1.0,1.0,0.0,0.0,0.0,0.0,0.0,1
3438,-0.7724399510031899,-0.5736729733833892,-0.7272680852305132,0.5840807260020958,0.39885376190344024,-0.7059548109652046,-0.18089444016088357,-0.08733111806256266,0.0,0.0,0.0,1.0,0.0,1.0,1.0,0.0,1
2592,-0.31535902551314565,0.6803908102271093,-0.7272680852305132,0.5840807260020958,-2.5071845761908427,-0.7059548109652046,-0.4685132411756649,-0.5033905674286262,1.0,1.0,0.0,0.0,0.0,0.0,0.0,1.0,0
4489,-0.2892706282305029,-0.5736729733833892,-0.7272680852305132,0.5840807260020958,0.39885376190344024,-0.7059548109652046,-0.41680889656403813,-0.4285968436767457,0.0,0.0,0.0,0.0,0.0,0.0,1.0,0.0,1
4418,-0.4735676102037918,0.3668748643244847,-0.7272680852305132,-0.8439895087218553,0.39885376190344024,-0.6029120358478028,-0.3934211128864828,-0.46900808128758775,1.0,0.0,0.0,0.0,0.0,0.0,0.0,1.0,1
1522,-0.4143728842057487,0.8454575096599399,-0.7272680852305132,-0.8439895087218553,0.39885376190344024,-0.6029120358478028,-0.42606465985825115,-0.500488768295322,0.0,1.0,0.0,0.0,0.0,0.0,0.0,1.0,1
2448,-0.6394043812343919,-0.5736729733833892,-0.7272680852305132,0.5840807260020958,0.39885376190344024,-0.7059548109652046,-0.3026415810560158,-0.2634463380134241,0.0,0.0,0.0,0.0,0.0,0.0,0.0,1.0,1
3966,-0.07812243034057595,0.04117278624896652,-0.7272680852305132,0.5840807260020958,0.39885376190344024,-0.7059548109652046,-0.46677114847007023,-0.5008705161340757,1.0,0.0,1.0,0.0,0.0,1.0,1.0,0.0,1
790,0.017535026362447324,-0.1774390393980933,-0.7272680852305132,0.5840807260020958,0.39885376190344024,-0.7059548109652046,-0.46712369029436224,-0.5013804909923809,0.0,1.0,0.0,0.0,0.0,0.0,1.0,0.0,1
2737,-0.0538647977795222,-0.5736729733833892,-0.025969946692727428,-0.12995439135987974,0.39885376190344024,-0.07121131624200971,-0.14180963856616333,-0.12857607223574327,0.0,0.0,0.0,0.0,0.0,0.0,1.0,0.0,1
2386,-0.4163562126541367,11.13683076803479,1.2305225515208054,0.5840807260020958,0.39885376190344024,0.6748183756079791,-0.4092034701069166,-0.4175950957632584,0.0,1.0,0.0,0.0,0.0,0.0,1.0,0.0,1
4631,-0.5529007481393134,-0.5736729733833892,1.2597433072932132,-0.8439895087218553,0.39885376190344024,1.4991605765471934,1.8075293669673052,1.6535380144452827,0.0,0.0,0.0,0.0,1.0,0.0,1.0,0.0,0
1358,-0.8102757552493618,-0.5736729733833892,-0.4935020390512513,-2.2720597434458063,0.39885376190344024,0.200821610067931,1.757819032131481,0.4940520141520102,1.0,0.0,1.0,0.0,0.0,0.0,0.0,1.0,1
604,0.003804290950530109,-0.5736729733833892,-0.6103850621408823,2.012150960726047,0.39885376190344024,-0.6956505334534644,-0.4487819142670734,-0.42729905257190126,0.0,0.0,0.0,0.0,1.0,0.0,1.0,0.0,1
4836,-0.5243713312278855,-0.5736729733833892,0.6168866803002429,-0.12995439135987974,0.39885376190344024,0.4728545363778716,0.7303243317403395,0.922756392178136,0.0,0.0,0.0,0.0,0.0,0.0,1.0,0.0,1
17,-0.07568141071179066,-0.5736729733833892,-0.2889567486443971,-0.8439895087218553,-2.5071845761908427,-0.1392195478194948,-0.1661794299939065,-0.24986142113944726,0.0,1.0,0.0,0.0,0.0,0.0,1.0,0.0,0
4741,0.07489898763890147,0.17558951688330734,-0.7272680852305132,0.5840807260020958,0.39885376190344024,-0.7059548109652046,-0.4785759137080192,-0.5179468828648592,0.0,1.0,0.0,0.0,0.0,0.0,1.0,0.0,1
2570,-0.26684376039103813,-0.5736729733833892,-0.7272680852305132,0.5840807260020958,-2.5071845761908427,-0.7059548109652046,-0.42059728792560214,-0.43407700011406597,0.0,0.0,0.0,0.0,0.0,1.0,0.0,1.0,0
2885,-0.5371866842790082,-0.5736729733833892,-0.7272680852305132,0.5840807260020958,0.39885376190344024,-0.7059548109652046,-0.3524088244651085,-0.33543791789693056,0.0,1.0,0.0,0.0,0.0,1.0,0.0,1.0,1
2724,2.564433881546292,-0.5736729733833892,2.399352782417115,0.5840807260020958,0.39885376190344024,1.4991605765471934,-0.22921632716066026,-0.15723189515544472,1.0,1.0,0.0,1.0,0.0,0.0,0.0,1.0,1
3350,-0.5449674343457613,2.151958589287132,0.6753281918450583,2.012150960726047,-2.5071845761908427,-0.015568217678612755,-0.28435725312521154,-0.11016431851641852,0.0,1.0,0.0,1.0,0.0,0.0,0.0,0.0,0
1338,-0.49019705642489153,-0.5736729733833892,-0.7272680852305132,-1.5580246260838309,-2.5071845761908427,-0.499869260730401,-0.19076130243111933,-0.3595493309962197,0.0,1.0,0.0,0.0,0.0,0.0,0.0,1.0,1
1218,-0.6555761362750945,-0.5736729733833892,-0.7272680852305132,0.5840807260020958,0.39885376190344024,-0.7059548109652046,-0.2923424188052447,-0.24854792469736506,0.0,1.0,0.0,1.0,0.0,1.0,1.0,0.0,1
3399,-0.4973675515844483,-0.5736729733833892,-0.6980473294581054,-0.8439895087218553,0.39885376190344024,-0.5719992033125822,-0.24928300580069668,-0.3300046010904387,0.0,1.0,0.0,0.0,0.0,0.0,0.0,1.0,1
3275,1.177782168669452,0.4584554939874422,0.7045489476174661,-2.2720597434458063,0.39885376190344024,2.735673877956015,0.10875760419056549,-0.3011064702251997,1.0,1.0,0.0,0.0,0.0,0.0,0.0,1.0,0
3885,0.11166684579747979,-0.5736729733833892,-0.7272680852305132,0.5840807260020958,0.39885376190344024,-0.7059548109652046,-0.4622743866234223,-0.49436565535569243,0.0,1.0,1.0,0.0,0.0,0.0,0.0,0.0,1
3652,0.03035037941357006,1.433715344551437,0.09091307639690353,-2.2720597434458063,-2.5071845761908427,1.4373349114767524,0.04084699725561734,-0.33385218507158726,1.0,1.0,0.0,0.0,0.0,0.0,0.0,1.0,1
417,-0.21741311290813614,0.8517352141126426,2.2240282477826687,0.5840807260020958,-2.5071845761908427,1.375509246406311,0.22348939995143854,0.49763661442242313,0.0,0.0,0.0,0.0,1.0,1.0,1.0,0.0,0
206,0.09229125249399661,-0.5736729733833892,-0.2305152370995816,-0.8439895087218553,0.39885376190344024,-0.07739388274905377,-0.19676482530990558,-0.2793572739578773,0.0,1.0,0.0,0.0,0.0,0.0,0.0,0.0,1
646,-0.9532279672600998,-0.5736729733833892,-0.7272680852305132,-1.5580246260838309,-2.5071845761908427,-0.499869260730401,1.7148293035569813,1.018731531463475,0.0,0.0,0.0,0.0,1.0,0.0,0.0,1.0,0
912,-0.12450180328749633,0.6198294260951536,-0.7272680852305132,-0.12995439135987974,0.39885376190344024,-0.6647377009182438,-0.4638823357467843,-0.5168254627833077,0.0,1.0,0.0,0.0,1.0,1.0,0.0,1.0,1
3356,-0.24136561801559175,1.0459747754139155,1.288964063065621,-1.5580246260838309,0.39885376190344024,2.344111332509888,0.5078093762678066,0.1457148083738198,0.0,1.0,0.0,1.0,0.0,0.0,0.0,0.0,1
1856,1.2444525172806502,0.12942992531931669,-0.4935020390512513,0.5840807260020958,0.39885376190344024,-0.5410863707773618,-0.478870311544523,-0.5183727486334326,0.0,1.0,0.0,0.0,1.0,0.0,0.0,1.0,1
4481,-0.09749802364405913,-0.5736729733833892,0.32467912257616544,0.5840807260020958,0.39885376190344024,0.03595316988008812,-0.06894553255630881,0.07461031514957976,0.0,1.0,1.0,0.0,0.0,0.0,0.0,0.0,1
348,-0.6178928957557216,-0.5736729733833892,1.610392376562106,0.5840807260020958,0.39885376190344024,0.9427295909132237,1.54307711140388,2.406506739323997,0.0,1.0,1.0,0.0,0.0,0.0,0.0,1.0,0
4505,-0.024114871053701564,-0.5736729733833892,2.2240282477826687,0.5840807260020958,-2.5071845761908427,1.375509246406311,0.5237141789022522,0.9319314372073368,0.0,0.0,1.0,0.0,0.0,0.0,0.0,0.0,0
4670,0.22364862126800464,-0.5736729733833892,-0.6103850621408823,-0.12995439135987974,0.39885376190344024,-0.5658166368055383,-0.4170674778131665,-0.46039149548211566,0.0,1.0,0.0,0.0,0.0,0.0,0.0,1.0,1
4125,-0.7277387790510593,-0.5736729733833892,-0.7272680852305132,-0.12995439135987974,-2.5071845761908427,-0.6647377009182438,-0.17057660826280538,-0.16325382837710922,0.0,0.0,1.0,0.0,0.0,0.0,0.0,1.0,0
3761,-0.29674625084365785,-0.5736729733833892,-0.4935020390512513,-0.8439895087218553,0.39885376190344024,-0.35560937556603855,-0.19127014790809574,-0.2740583332623565,0.0,1.0,0.0,0.0,0.0,0.0,0.0,1.0,1
4966,-0.6862414453617095,-0.5736729733833892,-0.7272680852305132,-0.12995439135987974,0.39885376190344024,-0.6647377009182438,-0.214793132334509,-0.21655557879944698,0.0,1.0,1.0,0.0,0.0,0.0,1.0,0.0,1
3122,0.07093233074212539,-0.5736729733833892,-0.7272680852305132,0.5840807260020958,0.39885376190344024,-0.7059548109652046,-0.45915304108292393,-0.48985042442406,1.0,0.0,1.0,0.0,0.0,0.0,0.0,0.0,1
4600,-0.4090331537677809,-0.5736729733833892,-0.7272680852305132,0.5840807260020958,0.39885376190344024,-0.7059548109652046,-0.3920185527464526,-0.39273598631293954,0.0,1.0,1.0,0.0,0.0,0.0,1.0,0.0,1
3650,-0.000620057126643216,0.27787917178911065,1.7857169111965525,0.5840807260020958,0.39885376190344024,1.066380921054106,0.12904114656886825,0.361011024727683,0.0,0.0,0.0,1.0,0.0,0.0,0.0,0.0,1
4099,-0.2454848386391669,2.7527718330840343,-0.25973599287198934,-0.12995439135987974,0.39885376190344024,-0.269053444467421,-0.40637874947423996,-0.44750654031626563,1.0,0.0,0.0,0.0,0.0,0.0,0.0,1.0,1
3803,-0.18812087736271277,-0.5736729733833892,-0.7272680852305132,0.5840807260020958,-2.5071845761908427,-0.7059548109652046,-0.4323161294006702,-0.45102907248945434,1.0,0.0,0.0,1.0,0.0,1.0,0.0,1.0,0
3723,-0.8603166576394601,0.8391798052072372,-0.7272680852305132,0.5840807260020958,0.39885376190344024,-0.7059548109652046,-0.41897528334341366,-0.43173066416191835,0.0,1.0,1.0,0.0,0.0,0.0,0.0,0.0,1
1028,0.18504999838783737,-0.5736729733833892,-0.7272680852305132,-1.5580246260838309,0.39885376190344024,-0.499869260730401,-0.38735482080160183,-0.5017420366079027,0.0,0.0,0.0,0.0,0.0,1.0,1.0,0.0,1
4435,0.26850235694693425,-0.5736729733833892,-0.522722794823659,0.5840807260020958,0.39885376190344024,-0.561694925800842,-0.42003694093573635,-0.43326642146192307,1.0,1.0,1.0,0.0,0.0,0.0,1.0,0.0,1
1870,-0.7303323624066437,-0.20771973146407116,-0.05519070246513517,0.5840807260020958,0.39885376190344024,-0.2319580454251564,0.1546453892580501,0.39804924016113297,0.0,1.0,0.0,0.0,0.0,0.0,0.0,1.0,1
3106,-0.7733553333639843,0.5175397711893502,-0.4935020390512513,0.5840807260020958,-2.5071845761908427,-0.5410863707773618,-0.3014443735984848,-0.26171449894796717,0.0,0.0,0.0,0.0,0.0,0.0,1.0,0.0,1
4346,-0.31795260886873,-0.057424101331717554,-0.4935020390512513,-1.5580246260838309,0.39885376190344024,-0.17013238035471537,-0.17008484210409602,-0.34459440338344094,1.0,1.0,0.0,0.0,1.0,0.0,0.0,1.0,1
3741,0.09793611038556257,-0.5736729733833892,1.610392376562106,-0.12995439135987974,0.39885376190344024,1.31368358133587,0.38297583397114426,0.5040377496262257,1.0,0.0,0.0,1.0,0.0,0.0,0.0,0.0,1
2199,0.06788105620614379,0.2527683539782998,2.2240282477826687,0.5840807260020958,0.39885376190344024,1.375509246406311,0.20336320843899758,0.46852275910782665,0.0,1.0,1.0,0.0,0.0,0.0,0.0,1.0,1
1082,-0.46014200224547275,-0.29782325419698097,0.0032508090796803113,0.5840807260020958,0.39885376190344024,-0.19074093537819567,-0.05285792098608149,0.09788209984483652,0.0,1.0,0.0,0.0,0.0,1.0,0.0,1.0,1
3612,-0.3901152516446949,-0.5736729733833892,-0.7272680852305132,0.5840807260020958,0.39885376190344024,-0.7059548109652046,-0.39654223446840603,-0.39927978845557666,0.0,1.0,1.0,0.0,0.0,0.0,1.0,0.0,1
368,-0.22916051987166533,-0.5736729733833892,-0.7272680852305132,-1.5580246260838309,0.39885376190344024,-0.499869260730401,-0.30558927660820673,-0.44260242686369794,0.0,1.0,0.0,0.0,0.0,0.0,0.0,1.0,1
526,-0.8359064613516072,-0.5736729733833892,-0.7272680852305132,-2.2720597434458063,0.39885376190344024,-0.29378371049559754,0.894202871618715,0.07762621845897041,0.0,0.0,1.0,0.0,0.0,0.0,1.0,0.0,1
754,-0.688987592444093,2.7021809207299006,0.8506527264795047,-0.8439895087218553,0.39885376190344024,1.066380921054106,0.004726570675534085,-0.08504359912178025,0.0,1.0,0.0,0.0,0.0,0.0,0.0,1.0,1
2374,0.793169013408971,-0.5736729733833892,2.3116905150998917,-1.5580246260838309,0.39885376190344024,3.7867101841535127,0.6717784550334094,0.2643108187590577,0.0,1.0,0.0,0.0,0.0,0.0,0.0,1.0,1
640,-0.46670224249783315,-0.5736729733833892,0.7337697033898738,0.5840807260020958,0.39885376190344024,0.32447294020881307,0.4786458556993733,0.8667371534210067,0.0,1.0,0.0,1.0,0.0,0.0,0.0,0.0,0
645,-0.4371048794988116,-0.5736729733833892,-0.7272680852305132,-0.12995439135987974,0.39885376190344024,-0.6647377009182438,-0.3522607731341224,-0.38226887343034865,0.0,1.0,0.0,0.0,0.0,0.0,0.0,0.0,1
663,-0.5544263854073043,-0.5736729733833892,1.0844187726587666,0.5840807260020958,0.39885376190344024,0.5717756004905774,0.9063445290709466,1.485431320525985,0.0,1.0,0.0,1.0,0.0,0.0,0.0,0.0,1
955,0.7930164496821719,5.021238800904792,1.9318206900585912,0.5840807260020958,0.39885376190344024,1.1694236961715074,-0.3085204666522756,-0.271950531395206,0.0,1.0,0.0,0.0,0.0,1.0,0.0,1.0,1
3115,-0.12297616601950552,-0.5736729733833892,-0.25973599287198934,0.5840807260020958,0.39885376190344024,-0.37621793058951886,-0.26945157444219725,-0.21543481780862472,1.0,1.0,0.0,0.0,0.0,0.0,0.0,1.0,1
1045,0.48056593719765567,0.09804140305580303,0.5292244129830197,0.5840807260020958,0.39885376190344024,0.18021305504445068,-0.2584576671365224,-0.19953141022941864,0.0,1.0,0.0,0.0,0.0,1.0,0.0,0.0,1
3029,-0.26913221629302436,-0.5736729733833892,0.2077960994865345,-1.5580246260838309,-2.5071845761908427,0.8190782607723417,0.5208490930751887,0.15514621093795544,0.0,1.0,1.0,0.0,0.0,0.0,0.0,0.0,0
2434,-0.14204663186939054,1.4233755960411032,-0.7272680852305132,-0.8439895087218553,0.39885376190344024,-0.6029120358478028,-0.46205580669056456,-0.5351978037275731,0.0,1.0,1.0,0.0,0.0,1.0,0.0,1.0,1
197,-0.19193497053268976,0.9001104660717049,-0.7272680852305132,0.5840807260020958,-2.5071845761908427,-0.7059548109652046,-0.4801109349050896,-0.5201673916485863,1.0,1.0,0.0,0.0,0.0,0.0,0.0,0.0,0
2914,0.2576703323441995,0.47691933061303843,1.6396131323345138,0.5840807260020958,-2.5071845761908427,0.9633381459367041,-0.03228354266746369,0.12764428675365858,0.0,1.0,0.0,0.0,0.0,0.0,0.0,1.0,0
4923,1.2844242137020092,0.355427285616615,-0.3181775044168048,-0.12995439135987974,0.39885376190344024,-0.31851397652377395,-0.4431551225367903,-0.4918394022852438,0.0,1.0,0.0,0.0,0.0,0.0,0.0,0.0,1
2442,-0.7732027696371853,-0.5736729733833892,0.23701685525894223,-0.12995439135987974,0.39885376190344024,0.15136107801157822,1.3491465962962144,1.6687288672567788,1.0,1.0,0.0,0.0,0.0,0.0,1.0,0.0,1
2336,0.0793233357160748,-0.5736729733833892,-0.7272680852305132,-0.12995439135987974,0.39885376190344024,-0.6647377009182438,-0.44229902962288165,-0.4908074068538189,0.0,1.0,1.0,0.0,0.0,0.0,0.0,1.0,1
1668,0.4291519612663657,-0.5736729733833892,-0.7272680852305132,-0.8439895087218553,0.39885376190344024,-0.6029120358478028,-0.44730867440091704,-0.5209760080301401,1.0,0.0,0.0,0.0,0.0,0.0,0.0,1.0,1
3235,-0.16737221051803786,0.24316715893298968,1.9025999342861835,-0.8439895087218553,0.39885376190344024,2.1792428923220455,0.6677209976375327,0.5543329999075293,0.0,1.0,0.0,0.0,0.0,1.0,0.0,1.0,0
3984,-0.12923127881826782,-0.5736729733833892,-0.7272680852305132,0.5840807260020958,-2.5071845761908427,-0.7059548109652046,-0.4397578199715622,-0.4617939657104605,1.0,1.0,0.0,0.0,0.0,0.0,1.0,0.0,1
3098,-0.3638742906352531,1.7631101899520745,-0.2889567486443971,-1.5580246260838309,0.39885376190344024,0.11838738997400955,-0.24881868837193388,-0.4015412382375808,0.0,1.0,0.0,0.0,0.0,1.0,1.0,0.0,1
277,-0.5759378708859746,0.5422813122676492,-0.7272680852305132,0.5840807260020958,0.39885376190344024,-0.7059548109652046,-0.4414265735746987,-0.4642079271858542,0.0,1.0,0.0,0.0,0.0,1.0,0.0,1.0,1
4320,-0.30193341755482656,-0.5736729733833892,-0.7272680852305132,-0.8439895087218553,0.39885376190344024,-0.6029120358478028,-0.34815602932207074,-0.4253554742561712,0.0,1.0,0.0,0.0,1.0,0.0,1.0,0.0,1
778,-0.3333615452754371,-0.5736729733833892,-0.7272680852305132,0.5840807260020958,0.39885376190344024,-0.7059548109652046,-0.4086597623804836,-0.4168085868963915,0.0,0.0,1.0,0.0,0.0,0.0,0.0,0.0,1
2819,-0.8795396872161442,1.2575703431432486,0.7922112149346893,-0.8439895087218553,-2.5071845761908427,1.0045552559836646,0.446780623497107,0.34126317720407906,0.0,0.0,0.0,0.0,1.0,1.0,0.0,1.0,0
3688,1.040169687096682,-0.5736729733833892,1.2013017957483976,-0.12995439135987974,0.39885376190344024,0.9674598569414002,-0.11763335000483632,-0.09943225041599667,0.0,1.0,0.0,0.0,0.0,1.0,1.0,0.0,1
1809,0.494449236336372,0.9174664724997654,0.8214319707070971,-1.5580246260838309,0.39885376190344024,1.6846375717585165,0.026934230445426435,-0.20209390176401776,0.0,1.0,0.0,1.0,0.0,0.0,1.0,0.0,1
4720,0.6384693944347036,-0.5736729733833892,1.1136395284311744,-0.8439895087218553,0.39885376190344024,1.3445964138710909,0.09210008592935517,-0.0007825876315198122,1.0,0.0,0.0,0.0,0.0,0.0,0.0,1.0,1
2934,0.4712595498629118,0.4381452736992863,-0.7272680852305132,0.5840807260020958,0.39885376190344024,-0.7059548109652046,-0.4965841259437086,-0.5439969423199889,1.0,1.0,0.0,0.0,0.0,1.0,0.0,1.0,1
4824,-0.3266487412962776,0.25129124704825206,0.9675357495691358,0.5840807260020958,0.39885376190344024,0.4893413803966559,0.08494258590933619,0.2972195660292026,0.0,0.0,0.0,0.0,0.0,0.0,0.0,0.0,1
3211,-0.7477246272617388,0.5714541741360913,-0.7272680852305132,-0.12995439135987974,0.39885376190344024,-0.6647377009182438,-0.3936912379996186,-0.43221210946041283,1.0,1.0,0.0,0.0,0.0,0.0,0.0,1.0,1
1297,-0.445495884472761,-0.5736729733833892,-0.7272680852305132,-0.8439895087218553,0.39885376190344024,-0.6029120358478028,-0.3000345071026814,-0.378948183386877,0.0,1.0,0.0,1.0,0.0,0.0,0.0,0.0,1
1877,-0.4056767517782011,-0.5736729733833892,-0.7272680852305132,0.5840807260020958,0.39885376190344024,-0.7059548109652046,-0.39284083449814927,-0.3939254707681546,0.0,1.0,0.0,0.0,1.0,1.0,1.0,0.0,1
3108,0.035384982397939704,-0.5736729733833892,0.5292244129830197,0.5840807260020958,0.39885376190344024,0.18021305504445068,-0.0642630077658776,0.08138389420309096,0.0,1.0,0.0,0.0,0.0,0.0,1.0,0.0,1
3670,0.6686770123409216,0.093240805533148,-0.7272680852305132,2.012150960726047,0.39885376190344024,-0.7574761985239055,-0.5103410449295561,-0.5460314762591824,0.0,0.0,0.0,0.0,0.0,0.0,1.0,0.0,1
2619,1.3631470967303347,0.34841102769888843,-0.7272680852305132,-0.8439895087218553,0.39885376190344024,-0.6029120358478028,-0.49458080651807296,-0.5665641665919371,0.0,1.0,0.0,0.0,0.0,0.0,1.0,0.0,1
4168,0.6107027961572711,-0.5736729733833892,2.3701320266447072,2.012150960726047,0.39885376190344024,0.8809039258427825,-0.030755265641365534,0.37897154649376796,0.0,1.0,0.0,0.0,0.0,0.0,0.0,1.0,1
4240,-0.8680974077062131,-0.5736729733833892,-0.7272680852305132,0.5840807260020958,0.39885376190344024,-0.7059548109652046,0.02318570014332691,0.20788418254344707,1.0,1.0,0.0,0.0,1.0,0.0,0.0,1.0,1
1272,-0.7269759604170639,2.112815255640868,0.12013383216931127,0.5840807260020958,0.39885376190344024,-0.10830671528427435,-0.27872024324573036,-0.22884255480338472,0.0,0.0,0.0,1.0,0.0,0.0,1.0,0.0,1
1536,0.09091817895280489,-0.5736729733833892,0.5292244129830197,0.5840807260020958,0.39885376190344024,0.18021305504445068,-0.08798927715839086,0.0470622902462876,0.0,1.0,1.0,0.0,0.0,0.0,1.0,0.0,1
4936,-0.28820268214290934,-0.5736729733833892,-0.4935020390512513,-0.12995439135987974,0.39885376190344024,-0.4668955726928325,-0.2657327361576671,-0.2779618088593153,0.0,0.0,0.0,0.0,1.0,0.0,0.0,0.0,1
1294,-0.2393822895672037,-0.5736729733833892,-0.7272680852305132,-1.5580246260838309,0.39885376190344024,-0.499869260730401,-0.30250164346521086,-0.4403691949943159,0.0,1.0,0.0,0.0,0.0,0.0,1.0,0.0,1
3809,0.39451999528297443,-0.5736729733833892,0.5292244129830197,0.5840807260020958,0.39885376190344024,0.18021305504445068,-0.18522521301552752,-0.09359586488326882,0.0,1.0,0.0,0.0,0.0,0.0,1.0,0.0,1
1749,0.6302309531875533,-0.5736729733833892,-0.2305152370995816,0.5840807260020958,0.39885376190344024,-0.35560937556603855,-0.3889315135821644,-0.3882703818033122,0.0,1.0,0.0,0.0,0.0,0.0,0.0,1.0,1
2395,-0.8047834610845949,-0.5736729733833892,-0.7272680852305132,0.5840807260020958,0.39885376190344024,-0.7059548109652046,-0.13047421090121278,-0.014394951342323825,0.0,1.0,0.0,0.0,0.0,1.0,0.0,1.0,1
2995,-0.24212843664958714,-0.5736729733833892,-0.5811643063684745,-0.12995439135987974,0.39885376190344024,-0.5410863707773618,-0.3262320240746039,-0.35089196365955166,0.0,0.0,1.0,0.0,0.0,1.0,0.0,0.0,1
1494,1.534933853106099,1.3181317272752044,0.6168866803002429,0.5840807260020958,0.39885376190344024,0.2420387201148916,-0.38385436187966665,-0.3809259490533103,0.0,1.0,0.0,0.0,0.0,0.0,0.0,0.0,1
2229,0.6389270856151009,-0.5736729733833892,-0.7272680852305132,-2.2720597434458063,0.39885376190344024,-0.29378371049559754,-0.37223676445555764,-0.5330364315269978,0.0,0.0,1.0,0.0,0.0,0.0,0.0,0.0,1
4648,-0.8342282603568173,0.01643124517066752,-0.7272680852305132,0.5840807260020958,0.39885376190344024,-0.7059548109652046,-0.3293099522943153,-0.3020238851478565,0.0,0.0,0.0,0.0,0.0,1.0,0.0,1.0,1
1099,-0.050508395789942435,-0.5736729733833892,-0.7272680852305132,0.5840807260020958,0.39885376190344024,-0.7059548109652046,-0.4483221156415066,-0.47418278079512566,0.0,1.0,1.0,0.0,0.0,0.0,1.0,0.0,1
2132,0.24454985183947864,2.2062422689663848,-0.37661901596162034,-0.8439895087218553,0.39885376190344024,-0.2319580454251564,-0.4144423924940538,-0.48928052056633187,0.0,1.0,1.0,0.0,0.0,0.0,0.0,1.0,1
4315,0.6367911934399137,-0.5736729733833892,-0.7272680852305132,-1.5580246260838309,0.39885376190344024,-0.499869260730401,-0.430473233272983,-0.5329288416552189,0.0,1.0,0.0,0.0,0.0,1.0,1.0,0.0,1
2085,-0.75748870577688,0.9167279190347415,-0.7272680852305132,-0.8439895087218553,-2.5071845761908427,-0.6029120358478028,-0.38369165323142806,-0.45962521384306493,0.0,0.0,1.0,0.0,0.0,0.0,0.0,1.0,0
3265,2.50340839082666,-0.5736729733833892,0.7045489476174661,0.5840807260020958,0.39885376190344024,0.30386438518533276,-0.3841812871220816,-0.38139886784673815,1.0,0.0,0.0,1.0,0.0,1.0,1.0,0.0,1
2542,-0.40964340867497717,2.0902893749576403,2.866884874775639,0.5840807260020958,0.39885376190344024,1.828897456922879,0.2057908182913596,0.47203445589150583,0.0,0.0,0.0,1.0,0.0,1.0,0.0,0.0,1
3591,0.17589617477989256,-0.5736729733833892,-0.20129448132717387,-0.12995439135987974,0.39885376190344024,-0.21959291241106826,-0.2765049302571086,-0.29094737960337236,0.0,0.0,0.0,0.0,0.0,0.0,1.0,0.0,1
3332,1.6351682216130947,-0.5736729733833892,0.3538998783485732,-2.2720597434458063,0.39885376190344024,1.9937658971107222,-0.03074815342955998,-0.3683745446047115,0.0,0.0,1.0,0.0,0.0,1.0,1.0,0.0,1
4953,0.5887336194982036,-0.5736729733833892,-0.63960581791329,0.5840807260020958,0.39885376190344024,-0.6441291458947634,-0.4691524027312757,-0.5043151565164921,1.0,1.0,1.0,0.0,0.0,0.0,0.0,0.0,1
4515,-0.6786132590217555,0.5725620043336271,-0.7272680852305132,2.012150960726047,0.39885376190344024,-0.7574761985239055,-0.4593344542948708,-0.44765230707815806,0.0,0.0,1.0,0.0,0.0,0.0,1.0,0.0,1
747,-0.630097993899648,-0.5736729733833892,-0.7272680852305132,-0.12995439135987974,-2.5071845761908427,-0.6647377009182438,-0.26036146464072046,-0.2714868952414419,1.0,0.0,0.0,0.0,0.0,0.0,1.0,0.0,0
1388,-0.2706578535610151,-0.5736729733833892,-0.7272680852305132,0.5840807260020958,0.39885376190344024,-0.7059548109652046,-0.4199685932635223,-0.43316755207380764,0.0,1.0,0.0,0.0,0.0,1.0,1.0,0.0,1
1573,-0.7866283775955043,-0.5736729733833892,1.6688338881069216,-0.12995439135987974,-2.5071845761908427,1.363144113392223,3.7254265643679068,4.533266151697331,0.0,0.0,0.0,0.0,0.0,0.0,0.0,0.0,0
458,-0.5583930423040804,-0.5736729733833892,-0.7272680852305132,0.5840807260020958,0.39885376190344024,-0.7059548109652046,-0.3438211436018901,-0.32301527459727186,0.0,1.0,0.0,0.0,0.0,0.0,1.0,0.0,1
1398,0.9190340880182121,0.6412474765808452,0.9967565053415435,0.5840807260020958,0.39885376190344024,0.5099499354201362,-0.2725598356855793,-0.21993112144678964,0.0,1.0,0.0,0.0,0.0,0.0,1.0,0.0,1
2051,-0.6651876510634365,1.2941287396619292,-0.3181775044168048,-0.8439895087218553,-2.5071845761908427,-0.17013238035471537,-0.2395809424518953,-0.320648154014483,0.0,1.0,0.0,0.0,0.0,0.0,0.0,0.0,0
814,0.6718808506037022,-0.5736729733833892,-0.4935020390512513,-1.5580246260838309,0.39885376190344024,-0.17013238035471537,-0.3412520086836983,-0.4683966667010581,1.0,1.0,0.0,0.0,0.0,0.0,1.0,0.0,1
4704,0.150112904950848,-0.5736729733833892,-0.7272680852305132,-2.2720597434458063,0.39885376190344024,-0.29378371049559754,-0.30028820753372876,-0.49834366356472465,0.0,1.0,0.0,0.0,1.0,0.0,1.0,0.0,1
3308,2.0281723818475252,-0.2919148264767902,-0.7272680852305132,-0.12995439135987974,0.39885376190344024,-0.6647377009182438,-0.5104564255580657,-0.5729691910248755,1.0,1.0,1.0,0.0,0.0,0.0,0.0,1.0,1
4074,-0.5150649438931416,-0.5736729733833892,-0.7272680852305132,0.5840807260020958,0.39885376190344024,-0.7059548109652046,-0.3606276100528324,-0.34732692999913456,0.0,1.0,0.0,0.0,0.0,0.0,0.0,1.0,1
4246,-0.184764475373133,-0.5736729733833892,-0.7272680852305132,0.5840807260020958,0.39885376190344024,-0.7059548109652046,-0.4327678115693429,-0.45168246035465426,1.0,1.0,1.0,0.0,0.0,0.0,1.0,0.0,1
3610,-0.2694373437466225,0.24833703318815664,0.7045489476174661,0.5840807260020958,0.39885376190344024,0.30386438518533276,-0.026422288238665596,0.1361229754959665,0.0,0.0,0.0,0.0,0.0,0.0,1.0,0.0,1
2289,1.2996805863819174,-0.5736729733833892,-0.2305152370995816,-0.8439895087218553,0.39885376190344024,-0.07739388274905377,-0.37771473354167573,-0.4538612097602309,0.0,1.0,0.0,0.0,1.0,1.0,0.0,1.0,1
268,-0.5126239242643563,-0.5736729733833892,-0.7272680852305132,0.5840807260020958,0.39885376190344024,-0.7059548109652046,-0.3614922619848743,-0.3485777056976263,0.0,1.0,0.0,0.0,0.0,0.0,0.0,1.0,1
2572,-0.44992023254993435,-0.5736729733833892,-0.7272680852305132,-1.5580246260838309,0.39885376190344024,-0.499869260730401,-0.21510850103077941,-0.3771592403749536,0.0,1.0,0.0,0.0,0.0,0.0,0.0,1.0,1
4809,-0.5037752281100096,-0.5736729733833892,-0.7272680852305132,-1.5580246260838309,0.39885376190344024,-0.499869260730401,-0.1817288123571567,-0.3530162865058768,0.0,1.0,0.0,1.0,0.0,0.0,0.0,0.0,1
1026,-0.2669963241178372,-0.5736729733833892,-0.4058397717340281,0.5840807260020958,0.39885376190344024,-0.4792607057069206,-0.28107007436811193,-0.23224173955567454,0.0,0.0,0.0,0.0,0.0,0.0,1.0,0.0,1
1399,-0.5965339740038504,-0.5736729733833892,0.2077960994865345,0.5840807260020958,0.39885376190344024,-0.04648105021383322,0.3811616265333301,0.7257198257442435,1.0,1.0,0.0,1.0,0.0,0.0,0.0,1.0,1
4337,0.08161179161806101,0.8816466294461086,1.7564961554241447,0.5840807260020958,-2.5071845761908427,1.0457723660306257,-0.0068793003767518976,0.16439318850049658,1.0,1.0,0.0,0.0,0.0,0.0,1.0,0.0,1
2032,0.0578118502374045,-0.5736729733833892,-0.7272680852305132,0.5840807260020958,-2.5071845761908427,-0.7059548109652046,-0.4580983382030044,-0.48832472757143464,0.0,1.0,0.0,0.0,0.0,0.0,1.0,0.0,0
2070,0.5832413253334366,1.3044684881722632,-0.4935020390512513,0.5840807260020958,-2.5071845761908427,-0.5410863707773618,-0.4738504401654829,-0.5111111756260945,0.0,1.0,0.0,0.0,0.0,1.0,1.0,0.0,0
686,-0.4212382519117073,-0.5736729733833892,-0.6688265736856978,0.5840807260020958,-2.5071845761908427,-0.6647377009182438,-0.3572653827619729,-0.3424632478255666,0.0,0.0,0.0,1.0,0.0,0.0,0.0,0.0,0
3887,-0.38126655549034827,0.8410261888697969,-0.17207372555476613,-0.12995439135987974,-2.5071845761908427,-0.19486264638289177,-0.27299392699173997,-0.28671496595911544,0.0,0.0,0.0,0.0,0.0,0.0,1.0,0.0,0
3009,-0.5255918410422781,-0.5736729733833892,-0.7272680852305132,0.5840807260020958,-2.5071845761908427,-0.7059548109652046,-0.3568047763550717,-0.34179695046477643,0.0,1.0,0.0,0.0,0.0,0.0,0.0,1.0,1
2489,-0.8784717411285505,0.09434863573068376,0.7045489476174661,-0.8439895087218553,0.39885376190344024,0.9118167583780032,1.4358193265576273,1.295069388168565,1.0,0.0,1.0,0.0,0.0,0.0,0.0,1.0,0
2678,-0.23068615713965612,2.5585322717827617,-0.08441145823754291,-0.12995439135987974,-2.5071845761908427,-0.12067184829836249,-0.36843634650313306,-0.4017680627663321,0.0,0.0,0.0,0.0,0.0,0.0,0.0,0.0,0
1010,1.111264383785053,-0.5736729733833892,-0.7272680852305132,0.5840807260020958,0.39885376190344024,-0.7059548109652046,-0.501827110240225,-0.5515812627877298,0.0,1.0,0.0,0.0,0.0,0.0,1.0,0.0,1
1929,2.5522287834023656,0.08733237781295719,1.727275399651737,-2.2720597434458063,0.39885376190344024,4.899572155421452,0.16773215911434958,-0.2726696170458912,0.0,0.0,1.0,0.0,0.0,0.0,0.0,1.0,1
1641,1.2807626842588313,-0.5736729733833892,0.938314993796728,0.5840807260020958,-2.5071845761908427,0.4687328253731756,-0.26440278109057136,-0.20813140727207724,0.0,1.0,0.0,0.0,0.0,0.0,0.0,0.0,0
1788,-0.07201988126861274,1.5998898741818035,-0.5519435505960668,2.012150960726047,0.39885376190344024,-0.6647377009182438,-0.48435357488807584,-0.49590803769987124,0.0,1.0,0.0,0.0,0.0,0.0,0.0,1.0,1
1707,2.3880702133665554,-0.5736729733833892,2.1363659804654453,0.5840807260020958,0.39885376190344024,1.31368358133587,-0.23858088733598884,-0.1707783453052815,0.0,1.0,0.0,1.0,0.0,1.0,0.0,0.0,1
746,-0.16920297523962682,-0.5736729733833892,-0.63960581791329,0.5840807260020958,0.39885376190344024,-0.6441291458947634,-0.4010436866940587,-0.40579143417464925,0.0,0.0,0.0,0.0,0.0,0.0,0.0,0.0,1
4219,-0.8627576772682454,-0.5736729733833892,-0.7272680852305132,-0.8439895087218553,0.39885376190344024,-0.6029120358478028,0.2826734273862887,0.18300196616137301,0.0,1.0,0.0,0.0,0.0,0.0,1.0,0.0,1
3842,0.6009387176421299,-0.5736729733833892,1.376626330382844,0.5840807260020958,0.39885376190344024,0.7778611507253809,-0.057549380698669085,0.09109559584073303,1.0,1.0,0.0,0.0,0.0,1.0,0.0,1.0,1
2466,-0.6326915772552324,-0.5736729733833892,0.12013383216931127,0.5840807260020958,0.39885376190344024,-0.10830671528427435,0.391399925259706,0.7405301959826005,0.0,0.0,0.0,1.0,0.0,0.0,0.0,0.0,1
2941,-0.5236085125938901,-0.5736729733833892,-0.05519070246513517,-0.12995439135987974,0.39885376190344024,-0.0959415822701861,0.20443530533123572,0.2888122678039953,1.0,0.0,0.0,0.0,0.0,0.0,1.0,0.0,1
1804,-0.8626051135414462,0.4207892672712258,-0.46428128327884355,0.5840807260020958,0.39885376190344024,-0.5204778157538814,-0.23074006783812548,-0.15943608592811356,0.0,1.0,0.0,0.0,0.0,0.0,0.0,0.0,1
620,-0.6415402734095791,-0.5736729733833892,-0.7272680852305132,0.5840807260020958,-2.5071845761908427,-0.7059548109652046,-0.3013292440784402,-0.2615479565503681,0.0,0.0,1.0,0.0,0.0,1.0,0.0,1.0,0
1455,-0.856502564469483,0.07736190603513521,-0.7272680852305132,0.5840807260020958,0.39885376190344024,-0.7059548109652046,-0.33070744538926017,-0.3040454505167552,0.0,0.0,0.0,1.0,0.0,0.0,1.0,0.0,1
2089,1.3567394202047733,-0.0755186612248019,-0.7272680852305132,-1.5580246260838309,0.39885376190344024,-0.499869260730401,-0.4720646079830409,-0.5630111665922368,0.0,0.0,1.0,0.0,0.0,0.0,1.0,0.0,1
2993,-0.4072023890461919,-0.5736729733833892,-0.7272680852305132,-0.8439895087218553,0.39885376190344024,-0.6029120358478028,-0.3150060137311038,-0.39338636054364234,0.0,0.0,0.0,1.0,0.0,0.0,1.0,0.0,1
1018,-0.4595317473382764,0.00756860359038131,-0.7272680852305132,0.5840807260020958,0.39885376190344024,-0.7059548109652046,-0.427929621203477,-0.4446837008422435,0.0,0.0,0.0,0.0,1.0,1.0,0.0,1.0,1
901,-0.4924855123268777,-0.5736729733833892,-0.7272680852305132,-0.8439895087218553,0.39885376190344024,-0.6029120358478028,-0.27880088406936887,-0.3584709649850277,0.0,0.0,0.0,0.0,0.0,0.0,0.0,1.0,1
1336,-0.5808199101435452,-0.5736729733833892,-0.7272680852305132,0.5840807260020958,0.39885376190344024,-0.7059548109652046,-0.3338759861693608,-0.30862895245616706,0.0,1.0,0.0,0.0,1.0,1.0,0.0,1.0,1
1708,-0.365552491630043,-0.5736729733833892,-0.4935020390512513,0.5840807260020958,0.39885376190344024,-0.5410863707773618,-0.28575266519019116,-0.23901541412829305,0.0,1.0,0.0,0.0,0.0,0.0,0.0,1.0,1
4536,-0.14814918094135376,-0.5736729733833892,1.7857169111965525,-1.5580246260838309,0.39885376190344024,3.04480220330822,1.5630340318938372,0.9089406260676659,0.0,1.0,0.0,0.0,0.0,0.0,1.0,0.0,1
832,-0.7040914013972019,-0.20107275027885652,-0.7272680852305132,0.5840807260020958,0.39885376190344024,-0.7059548109652046,-0.34724570725412895,-0.3279691304037854,1.0,1.0,0.0,0.0,0.0,1.0,0.0,0.0,1
2627,0.27063824912212137,0.0917636986031003,-0.7272680852305132,-0.8439895087218553,0.39885376190344024,-0.6029120358478028,-0.4546570099973721,-0.5280625741174547,0.0,1.0,0.0,1.0,0.0,0.0,0.0,0.0,1
3213,1.4963352302259316,-0.5736729733833892,-0.7272680852305132,-1.5580246260838309,-2.5071845761908427,-0.499869260730401,-0.47009803714475773,-0.5615887797781123,0.0,0.0,0.0,0.0,1.0,0.0,0.0,0.0,1
818,-0.23907716211360555,-0.5031411174736115,-0.7272680852305132,0.5840807260020958,0.39885376190344024,-0.7059548109652046,-0.4292911458326248,-0.4466532354675981,0.0,1.0,0.0,0.0,0.0,1.0,1.0,0.0,1
831,-0.6802914600165454,-0.5736729733833892,-0.7272680852305132,0.5840807260020958,0.39885376190344024,-0.7059548109652046,-0.2748124648858061,-0.223189697247,0.0,1.0,0.0,0.0,1.0,0.0,1.0,0.0,1
4978,-0.015876429806551233,-0.5736729733833892,0.38312063412098096,-2.2720597434458063,0.39885376190344024,2.0555915621811627,0.8309719931885279,0.04713701496024622,0.0,1.0,0.0,1.0,0.0,0.0,0.0,1.0,1
3787,-0.6705273815014043,-0.5736729733833892,-0.3181775044168048,-0.12995439135987974,0.39885376190344024,-0.31851397652377395,0.21688530833987044,0.30382038902237657,0.0,0.0,0.0,0.0,0.0,0.0,0.0,0.0,1
953,1.3401099739836735,-0.5736729733833892,-0.7272680852305132,2.012150960726047,0.39885376190344024,-0.7574761985239055,-0.5165043998938502,-0.5579190722190399,0.0,1.0,0.0,0.0,0.0,0.0,1.0,0.0,1
4958,-0.3203936284975153,0.029355930808584906,0.6461074360726506,0.5840807260020958,0.39885376190344024,0.2626472751383721,0.029404633270463405,0.21688027696909573,1.0,1.0,0.0,0.0,0.0,0.0,0.0,0.0,1
928,1.5836016819550056,-0.5736729733833892,0.6168866803002429,-0.12995439135987974,0.39885376190344024,0.4728545363778716,-0.2963221244518563,-0.31483643830293256,0.0,0.0,1.0,0.0,0.0,0.0,1.0,0.0,1
2822,-0.3188679912295245,-0.5736729733833892,-0.7272680852305132,-0.8439895087218553,0.39885376190344024,-0.6029120358478028,-0.34347654557603824,-0.4208426876005412,0.0,0.0,0.0,0.0,0.0,0.0,0.0,1.0,1
217,-0.41940748719011833,0.825147289371784,0.44156214566579643,0.5840807260020958,0.39885376190344024,0.11838738997400955,-0.13843572999362513,-0.02591181059498514,0.0,1.0,0.0,0.0,0.0,1.0,0.0,1.0,1
2302,-0.48836629170330254,-0.5736729733833892,1.6396131323345138,0.5840807260020958,0.39885376190344024,0.9633381459367041,1.0698927293115226,1.7220145129210038,0.0,0.0,0.0,0.0,0.0,0.0,1.0,0.0,1
1204,-0.2601309564118786,-0.06296325231939644,-0.7272680852305132,0.5840807260020958,0.39885376190344024,-0.7059548109652046,-0.4484594166586904,-0.4743813957167,1.0,1.0,0.0,0.0,0.0,0.0,1.0,0.0,1
445,0.24134601357669797,-0.5736729733833892,-0.7272680852305132,0.5840807260020958,0.39885376190344024,-0.7059548109652046,-0.47088957293419614,-0.5068280870882493,0.0,0.0,1.0,0.0,0.0,1.0,1.0,0.0,1
1185,0.551660633886027,-0.5736729733833892,1.7564961554241447,-0.12995439135987974,0.39885376190344024,1.4373349114767524,0.15469433221793796,0.22885095265516606,0.0,1.0,0.0,0.0,0.0,0.0,1.0,0.0,1
2106,-0.6751042933053767,-0.5736729733833892,-0.7272680852305132,0.5840807260020958,0.39885376190344024,-0.7059548109652046,-0.2786885496723364,-0.2287967079719251,0.0,1.0,0.0,0.0,0.0,0.0,1.0,0.0,1
2312,-0.1385376661530117,-0.5736729733833892,-0.7272680852305132,-0.12995439135987974,0.39885376190344024,-0.6647377009182438,-0.4168973078916006,-0.46018636052682194,0.0,0.0,0.0,0.0,0.0,0.0,0.0,1.0,1
4642,-0.4139151930253514,-0.5736729733833892,-0.025969946692727428,0.5840807260020958,0.39885376190344024,-0.21134949040167608,-0.015001176243761008,0.15264436266183506,1.0,0.0,0.0,0.0,0.0,0.0,1.0,0.0,1
1652,-0.163863244801659,-0.5736729733833892,-0.7272680852305132,0.5840807260020958,0.39885376190344024,-0.7059548109652046,-0.4355026726569813,-0.4556386161907849,0.0,1.0,0.0,0.0,0.0,1.0,0.0,0.0,1
1041,-0.5204046743311094,-0.5736729733833892,0.8214319707070971,0.5840807260020958,0.39885376190344024,0.3862986052792542,0.6413203834870647,1.1020565213428308,0.0,1.0,0.0,1.0,0.0,0.0,1.0,0.0,0
2758,-0.736434911478607,-0.5736729733833892,1.3474055746104363,-0.8439895087218553,0.39885376190344024,1.591899074152855,3.377204005381279,3.1672961865772673,0.0,1.0,0.0,0.0,0.0,0.0,0.0,0.0,1
4973,-0.8986101530660292,0.15638712679268724,-0.4935020390512513,-0.8439895087218553,0.39885376190344024,-0.35560937556603855,0.050152051881307995,-0.04123630828872732,1.0,1.0,0.0,0.0,0.0,0.0,1.0,0.0,1
4792,-0.3557884131149019,-0.5736729733833892,-0.7272680852305132,0.5840807260020958,0.39885376190344024,-0.7059548109652046,-0.4041116576182117,-0.410229455224979,0.0,1.0,0.0,1.0,0.0,0.0,1.0,0.0,1
1841,-0.8734371381441809,-0.5736729733833892,-0.4935020390512513,-2.2720597434458063,0.39885376190344024,0.200821610067931,2.63257388477604,0.9158487592853753,0.0,1.0,0.0,1.0,0.0,0.0,1.0,0.0,1
3912,0.6415206689706853,-0.5736729733833892,-0.3473982601892126,-1.5580246260838309,-2.5071845761908427,0.03595316988008812,-0.2792346858542178,-0.42354060531607063,0.0,0.0,1.0,0.0,0.0,1.0,1.0,0.0,0
1625,0.7391614541220966,0.21325574359952373,1.2013017957483976,0.5840807260020958,0.39885376190344024,0.6542098205844988,-0.19336259964466634,-0.10536712805609691,0.0,0.0,0.0,0.0,0.0,0.0,1.0,0.0,1
1393,-0.20352981376941987,-0.5736729733833892,-0.17207372555476613,0.5840807260020958,0.39885376190344024,-0.31439226551907784,-0.20752270508370943,-0.12585064878265362,0.0,0.0,0.0,0.0,1.0,1.0,0.0,0.0,1
2762,0.49490692751676923,-0.5736729733833892,-0.7272680852305132,-2.2720597434458063,0.39885376190344024,-0.29378371049559754,-0.3558006863447341,-0.5251111433974787,1.0,1.0,0.0,0.0,1.0,1.0,0.0,1.0,1
2026,2.1261182944525348,1.786005347367814,-0.08441145823754291,-0.12995439135987974,0.39885376190344024,-0.12067184829836249,-0.4564968216379621,-0.5079224375448084,0.0,0.0,0.0,0.0,0.0,0.0,0.0,0.0,1
466,0.1856602532950337,0.6135517216424509,1.610392376562106,0.5840807260020958,0.39885376190344024,0.9427295909132237,-0.03332426020999416,0.1261388206083193,0.0,0.0,0.0,0.0,1.0,0.0,0.0,0.0,1
1805,-0.8287359661920505,-0.5736729733833892,-0.3473982601892126,-1.5580246260838309,0.39885376190344024,0.03595316988008812,1.5879879695105694,0.9269893793266699,0.0,1.0,0.0,0.0,0.0,1.0,0.0,0.0,0
3037,-0.18049269102275875,-0.5736729733833892,-0.7272680852305132,-1.5580246260838309,0.39885376190344024,-0.499869260730401,-0.3192827268290918,-0.4525066635455869,0.0,0.0,0.0,0.0,0.0,0.0,1.0,0.0,1
3945,0.517181231629435,0.39272423560031944,-0.4935020390512513,0.5840807260020958,-2.5071845761908427,-0.5410863707773618,-0.45720699893654015,-0.4870353468943196,0.0,0.0,1.0,0.0,0.0,0.0,0.0,0.0,1
1273,-0.45770098261668746,1.5293580182720257,-0.7272680852305132,0.5840807260020958,0.39885376190344024,-0.7059548109652046,-0.4798421201943533,-0.5197785335484348,0.0,1.0,0.0,0.0,0.0,0.0,0.0,1.0,1
3430,0.04911571780985692,-0.5736729733833892,-0.4935020390512513,0.5840807260020958,0.39885376190344024,-0.5410863707773618,-0.3853795737941745,-0.38313226806680234,0.0,1.0,1.0,0.0,0.0,0.0,0.0,1.0,1
825,1.358417621199563,-0.5736729733833892,0.7337697033898738,-0.8439895087218553,0.39885376190344024,0.9427295909132237,-0.17956553524541663,-0.26277067361865325,0.0,1.0,1.0,0.0,0.0,0.0,0.0,1.0,1
2913,0.33502014183133316,-0.07441083102726612,2.5454565612791535,0.5840807260020958,0.39885376190344024,1.6022033516645953,0.20889335546376314,0.47652247928578195,0.0,0.0,0.0,0.0,1.0,0.0,1.0,0.0,1
3224,-0.09902366091204994,-0.5736729733833892,-0.7272680852305132,2.012150960726047,0.39885376190344024,-0.7574761985239055,-0.46925828943187464,-0.4667929444687308,1.0,1.0,0.0,0.0,0.0,0.0,0.0,1.0,1
1686,-0.5228456939598947,-0.5736729733833892,0.5000036572106119,0.5840807260020958,0.39885376190344024,0.15960450002097037,0.43839956207395686,0.8085182515073062,1.0,1.0,0.0,1.0,0.0,0.0,0.0,1.0,1
885,2.2454231288094153,1.9207913547346667,3.655845280630648,-1.5580246260838309,0.39885376190344024,5.682697246313705,0.17935899864683136,-0.09184769236484984,1.0,1.0,0.0,1.0,0.0,0.0,0.0,1.0,1
4091,1.2961716206655385,-0.5736729733833892,0.26623761103134996,0.5840807260020958,0.39885376190344024,-0.005263940166872497,-0.36277433209100524,-0.35043230414711407,0.0,1.0,0.0,0.0,0.0,0.0,1.0,0.0,1
2991,0.1739128463315045,0.9447929507056478,-0.7272680852305132,-2.2720597434458063,0.39885376190344024,-0.29378371049559754,-0.3876797231351302,-0.5404828488707601,0.0,1.0,0.0,0.0,0.0,0.0,0.0,1.0,1
570,-0.27889629480816547,1.5725633959759209,-0.2305152370995816,0.5840807260020958,0.39885376190344024,-0.35560937556603855,-0.3867746844777774,-0.3851503871215255,0.0,1.0,0.0,0.0,1.0,0.0,0.0,1.0,1
2306,0.17833719440867785,0.22433404557488149,5.204545336568258,0.5840807260020958,0.39885376190344024,3.4775818588013068,0.801378683876565,1.3335913448368661,0.0,1.0,0.0,0.0,0.0,0.0,1.0,0.0,1
1534,-0.523455948867091,-0.5736729733833892,0.38312063412098096,-0.12995439135987974,0.39885376190344024,0.27501240815246025,0.5458521210237453,0.7003804378962559,0.0,1.0,1.0,0.0,0.0,0.0,0.0,0.0,1
1782,-0.8148526670533341,-0.020865704813036942,-0.7272680852305132,2.012150960726047,0.39885376190344024,-0.7574761985239055,-0.3852614621355531,-0.3047837221225749,0.0,1.0,0.0,0.0,1.0,0.0,0.0,1.0,1
239,0.44303526040508195,-0.5736729733833892,0.12013383216931127,0.5840807260020958,-2.5071845761908427,-0.10830671528427435,-0.2896108647011302,-0.24459655262967772,0.0,1.0,0.0,0.0,0.0,0.0,0.0,1.0,0
2454,0.2540088029010216,-0.5736729733833892,-0.7272680852305132,0.5840807260020958,0.39885376190344024,-0.7059548109652046,-0.47163827437488626,-0.507911132800331,0.0,0.0,0.0,0.0,1.0,0.0,0.0,1.0,1
4964,-0.5960762828234532,-0.5736729733833892,1.405847086155252,-0.8439895087218553,-2.5071845761908427,1.6537247392232959,2.202268485732112,2.0342153550017743,0.0,1.0,1.0,0.0,0.0,0.0,0.0,1.0,0
313,0.3975712698189561,-0.5736729733833892,1.405847086155252,-0.8439895087218553,0.39885376190344024,1.6537247392232959,0.30155297659825026,0.2012089698335808,0.0,1.0,0.0,0.0,0.0,1.0,1.0,0.0,1
3447,-0.6461171852135514,-0.5736729733833892,0.2077960994865345,0.5840807260020958,0.39885376190344024,-0.04648105021383322,0.49808532568863395,0.8948576210370446,0.0,1.0,0.0,0.0,0.0,0.0,1.0,0.0,1
887,-0.4773817033737688,-0.10579935329077977,-0.7272680852305132,-0.8439895087218553,0.39885376190344024,-0.6029120358478028,-0.352861450915139,-0.42989327477579387,0.0,0.0,0.0,0.0,1.0,0.0,0.0,1.0,1
2814,2.2083501431972388,-0.5736729733833892,3.1590924324997163,2.012150960726047,0.39885376190344024,1.29822716506826,-0.22375797289816088,0.006716789738859696,0.0,1.0,0.0,0.0,0.0,0.0,0.0,1.0,1
2548,0.6576924240113877,-0.5736729733833892,-0.7272680852305132,0.5840807260020958,0.39885376190344024,-0.7059548109652046,-0.4896526078731611,-0.5339700470630454,1.0,0.0,0.0,0.0,0.0,0.0,1.0,0.0,1
1114,-0.19422342643467597,-0.5736729733833892,-0.7272680852305132,2.012150960726047,0.39885376190344024,-0.7574761985239055,-0.46046238431266057,-0.4498278066883798,0.0,1.0,0.0,0.0,0.0,0.0,0.0,0.0,1
2988,-0.7362823477518079,1.6194615410049356,0.2954583668037577,0.5840807260020958,0.39885376190344024,0.01534461485660781,-0.18276645031123365,-0.09003910345716945,0.0,1.0,0.0,1.0,0.0,0.0,0.0,1.0,1
2897,1.9398379840308577,-0.5736729733833892,-0.7272680852305132,-0.8439895087218553,0.39885376190344024,-0.6029120358478028,-0.49805002517344055,-0.5699098013890832,0.0,0.0,0.0,0.0,0.0,0.0,1.0,0.0,1
3594,1.0134710349068428,-0.5736729733833892,-0.7272680852305132,0.5840807260020958,0.39885376190344024,-0.7059548109652046,-0.49965701080619085,-0.5484420717042254,0.0,0.0,0.0,0.0,0.0,1.0,0.0,1.0,1
550,-0.23633101503122209,0.6711588919143112,-0.7272680852305132,-2.2720597434458063,0.39885376190344024,-0.29378371049559754,-0.32426057801602054,-0.5099028653365043,0.0,1.0,1.0,0.0,0.0,0.0,0.0,0.0,1
4580,-0.15333634765252246,3.0692419928467545,1.4350678419276597,0.5840807260020958,0.39885376190344024,0.8190782607723417,-0.20312372609110205,-0.11948723731240327,0.0,1.0,1.0,0.0,0.0,0.0,0.0,1.0,1
3801,-0.8314821132744339,-0.5736729733833892,0.8214319707070971,0.5840807260020958,-2.5071845761908427,0.3862986052792542,2.415687456214328,3.6687948035674305,0.0,0.0,0.0,1.0,0.0,0.0,1.0,0.0,0
4405,0.4364750201527215,-0.5736729733833892,-0.1428529697823584,-0.12995439135987974,0.39885376190344024,-0.17013238035471537,-0.30838286886361654,-0.32937531945742493,0.0,0.0,0.0,0.0,0.0,1.0,0.0,0.0,1
2095,-0.3341243639094325,-0.5736729733833892,-0.7272680852305132,0.5840807260020958,0.39885376190344024,-0.7059548109652046,-0.4085098135424018,-0.41659167607281067,0.0,1.0,0.0,0.0,1.0,0.0,0.0,0.0,1
3325,0.05674390414981093,0.7546154334620063,-0.7272680852305132,0.5840807260020958,0.39885376190344024,-0.7059548109652046,-0.4878216372408717,-0.5313214280214945,1.0,0.0,0.0,0.0,1.0,0.0,0.0,0.0,1
588,0.41709942684923834,-0.5736729733833892,-0.7272680852305132,0.5840807260020958,0.39885376190344024,-0.7059548109652046,-0.4801179800875471,-0.5201775829668297,1.0,0.0,0.0,0.0,0.0,0.0,0.0,1.0,1
4625,1.0171325643500206,-0.5736729733833892,-0.522722794823659,0.5840807260020958,0.39885376190344024,-0.561694925800842,-0.4663866681442144,-0.5003143401396578,0.0,1.0,1.0,0.0,0.0,0.0,1.0,0.0,1
4021,-0.7999014218270243,0.7206419740709091,-0.7272680852305132,0.5840807260020958,0.39885376190344024,-0.7059548109652046,-0.4208719524655649,-0.4344743203756555,0.0,1.0,0.0,0.0,0.0,1.0,1.0,0.0,1
1566,-0.24884124062874668,-0.20439624087146385,0.4123413898933887,-2.2720597434458063,-2.5071845761908427,2.117417227251604,0.9795798090513721,0.11879399730544275,0.0,1.0,0.0,0.0,0.0,1.0,1.0,0.0,0
3575,-0.09658264128326464,-0.5736729733833892,-0.5519435505960668,-1.5580246260838309,0.39885376190344024,-0.2525666004486368,-0.2148827865732926,-0.37699598499567283,1.0,0.0,0.0,0.0,0.0,0.0,0.0,0.0,1
2594,0.4383057848743105,0.7136257161531826,-0.7272680852305132,0.5840807260020958,0.39885376190344024,-0.7059548109652046,-0.49862802725361255,-0.5469535795445265,0.0,0.0,0.0,0.0,0.0,0.0,0.0,0.0,0
741,-0.7704566225548019,-0.5736729733833892,-0.7272680852305132,0.5840807260020958,0.39885376190344024,-0.7059548109652046,-0.18359233021398025,-0.09123379287374067,0.0,1.0,0.0,0.0,0.0,0.0,0.0,0.0,1
4624,-0.042880209449988424,2.9747071493237014,2.808443363230823,0.5840807260020958,0.39885376190344024,1.7876803468759184,-0.026061299539679603,0.13664516931221743,1.0,0.0,1.0,0.0,0.0,0.0,0.0,1.0,1
435,-0.24426432882477428,-0.5736729733833892,2.4577942939619306,-1.5580246260838309,0.39885376190344024,3.9927957343883156,2.3846898590514045,1.5032301332373068,0.0,1.0,0.0,0.0,0.0,1.0,0.0,0.0,0
755,5.119571177977287,-0.5736729733833892,0.44156214566579643,0.5840807260020958,0.39885376190344024,0.11838738997400955,-0.46782551736168604,-0.5023957298507264,0.0,1.0,0.0,0.0,0.0,0.0,0.0,1.0,1
974,-0.5152175076199407,-0.5736729733833892,0.5292244129830197,-0.8439895087218553,0.39885376190344024,0.72633976316668,0.9378196180159756,0.8148099063144298,0.0,1.0,0.0,0.0,0.0,0.0,0.0,1.0,1
1395,-0.17072861250761762,2.3561686223662264,-0.4935020390512513,-0.12995439135987974,0.39885376190344024,-0.4668955726928325,-0.44558498121274814,-0.49476852716393016,0.0,0.0,0.0,0.0,0.0,0.0,1.0,0.0,1
3327,-0.5719712139891985,-0.09989092557058897,-0.4935020390512513,-0.12995439135987974,0.39885376190344024,-0.4668955726928325,-0.22837235872508146,-0.23292494638756792,0.0,0.0,1.0,0.0,0.0,0.0,0.0,0.0,1
768,-0.5858545131279148,0.30335926633243354,-0.7272680852305132,0.5840807260020958,0.39885376190344024,-0.7059548109652046,-0.4273268374683619,-0.44381173465632684,0.0,1.0,0.0,0.0,1.0,0.0,0.0,1.0,1
875,2.111167049226225,0.14937086887496065,1.2013017957483976,-0.8439895087218553,0.39885376190344024,1.4373349114767524,-0.22348613531382353,-0.3051266916439361,0.0,0.0,1.0,0.0,0.0,0.0,0.0,0.0,1
4128,-0.6235377536472876,1.6892548434496895,-0.37661901596162034,0.5840807260020958,0.39885376190344024,-0.4586521506834403,-0.3878083540436662,-0.38664565790665073,0.0,0.0,0.0,0.0,0.0,0.0,1.0,0.0,1
560,-0.09444674910807753,-0.5736729733833892,-0.6980473294581054,0.5840807260020958,-2.5071845761908427,-0.6853462559417242,-0.4333504604958948,-0.45252530022012777,1.0,1.0,0.0,0.0,0.0,0.0,0.0,1.0,0
1365,-0.37943579076875933,-0.5736729733833892,0.47078290143820417,0.5840807260020958,0.39885376190344024,0.13899594499748985,0.20950338114547662,0.4774049214221701,0.0,1.0,0.0,0.0,0.0,0.0,1.0,0.0,1
2924,-0.23297461304164233,-0.5736729733833892,-0.7272680852305132,-0.8439895087218553,0.39885376190344024,-0.6029120358478028,-0.36518284949968693,-0.44177574859743934,0.0,1.0,0.0,0.0,0.0,0.0,1.0,0.0,1
2240,-0.22382078943369751,-0.5736729733833892,-0.17207372555476613,0.5840807260020958,-2.5071845761908427,-0.31439226551907784,-0.19907202774877003,-0.11362619006736795,0.0,1.0,0.0,0.0,1.0,0.0,0.0,1.0,0
2156,-0.48455219853332554,-0.5736729733833892,-0.7272680852305132,0.5840807260020958,0.39885376190344024,-0.7059548109652046,-0.37088941320233987,-0.3621713009262895,1.0,0.0,0.0,0.0,0.0,0.0,0.0,0.0,1
1879,-0.6464223126671497,-0.5736729733833892,-0.7272680852305132,-2.2720597434458063,0.39885376190344024,-0.29378371049559754,0.19995651204182957,-0.2571314040965738,1.0,1.0,0.0,1.0,0.0,0.0,0.0,0.0,1
4786,0.3057279062859098,0.45808621725493026,0.32467912257616544,0.5840807260020958,-2.5071845761908427,0.03595316988008812,-0.2929265698494953,-0.24939293747455474,0.0,0.0,0.0,0.0,0.0,1.0,0.0,0.0,0
2278,0.23783704786031912,0.7871117859230558,-0.7272680852305132,0.5840807260020958,0.39885376190344024,-0.7059548109652046,-0.4941195441579173,-0.5404317632110569,0.0,1.0,1.0,0.0,0.0,0.0,1.0,0.0,1
2492,-0.5344405371966248,-0.15639026564491354,-0.522722794823659,0.5840807260020958,0.39885376190344024,-0.561694925800842,-0.30156738760492463,-0.26189244677197265,0.0,0.0,0.0,0.0,0.0,1.0,0.0,1.0,1
1426,2.844846011403001,0.40232543064562953,0.4123413898933887,0.5840807260020958,0.39885376190344024,0.09777883495052925,-0.4353840391022043,-0.4554670049772525,0.0,1.0,0.0,0.0,0.0,1.0,1.0,0.0,1
3862,-0.29430523121487256,1.0489289892740108,-0.4935020390512513,0.5840807260020958,0.39885376190344024,-0.5410863707773618,-0.42278864019017515,-0.43724693481008897,0.0,1.0,0.0,0.0,0.0,0.0,0.0,0.0,1
3777,-0.7593194704984689,-0.5736729733833892,-0.63960581791329,-0.12995439135987974,-2.5071845761908427,-0.5905469028337145,-0.002392581984197571,0.039487187157920066,1.0,1.0,1.0,0.0,0.0,0.0,0.0,1.0,0
4816,1.1164515504962218,0.003137282800238206,-0.5811643063684745,-2.2720597434458063,0.39885376190344024,0.01534461485660781,-0.36319776808936044,-0.5286779312740321,1.0,0.0,0.0,0.0,1.0,0.0,0.0,0.0,1
4200,-0.1286210239110715,0.010153540717964787,-0.7272680852305132,-1.5580246260838309,0.39885376190344024,-0.499869260730401,-0.37729156118791024,-0.494463454263967,0.0,0.0,0.0,0.0,1.0,0.0,0.0,1.0,1
1982,-0.5857019494011158,-0.5736729733833892,0.09091307639690353,0.5840807260020958,-2.5071845761908427,-0.12891527030775465,0.27269144633139664,0.5688105997540596,1.0,0.0,0.0,0.0,0.0,0.0,0.0,0.0,0
2232,-0.8848794176541119,-0.5736729733833892,-0.7272680852305132,0.5840807260020958,0.39885376190344024,-0.7059548109652046,0.08496089111467672,0.2972460457086521,0.0,0.0,0.0,1.0,0.0,0.0,0.0,0.0,1
1837,-0.22199002471210855,0.22691898270246497,-0.7272680852305132,-1.5580246260838309,0.39885376190344024,-0.499869260730401,-0.37672674226711744,-0.4940549304672828,0.0,0.0,0.0,0.0,0.0,0.0,0.0,1.0,1
465,-0.4116267371233652,0.8668755601456316,-0.7272680852305132,0.5840807260020958,0.39885376190344024,-0.7059548109652046,-0.467273837576591,-0.5015976888784284,0.0,1.0,0.0,0.0,0.0,0.0,1.0,0.0,1
4762,0.24363446947868417,-0.5736729733833892,1.055198016886359,0.5840807260020958,0.39885376190344024,0.551167045467097,-0.0051906089679526176,0.16683599131872467,0.0,0.0,0.0,1.0,0.0,0.0,0.0,1.0,1
1022,-0.30452700091041096,2.605799693544288,2.3409112708722994,0.5840807260020958,0.39885376190344024,1.4579434665002327,0.0027502511979977736,0.1783229660800456,1.0,1.0,0.0,0.0,0.0,1.0,1.0,0.0,1
3755,-0.8847268539273129,-0.14088064287941268,-0.7272680852305132,0.5840807260020958,0.39885376190344024,-0.7059548109652046,-0.2538926687697739,-0.1929278408517384,0.0,1.0,0.0,1.0,0.0,0.0,1.0,0.0,1
994,-0.7034811464900056,-0.36023102199149637,2.1363659804654453,0.5840807260020958,0.39885376190344024,1.31368358133587,1.9458474192345045,2.989140391594863,0.0,1.0,1.0,0.0,0.0,0.0,0.0,1.0,1
4394,0.42793145145197303,0.5156933875267906,0.9675357495691358,-0.12995439135987974,0.39885376190344024,0.7696177287159887,-0.13035614321760428,-0.11476921239433435,0.0,0.0,0.0,0.0,0.0,0.0,0.0,1.0,1
2956,0.5406760455564933,-0.5736729733833892,0.09091307639690353,0.5840807260020958,0.39885376190344024,-0.12891527030775465,-0.31173705169620625,-0.2766035325115972,1.0,1.0,0.0,0.0,0.0,0.0,1.0,0.0,1
2010,-0.8327026230888265,-0.5736729733833892,0.32467912257616544,2.012150960726047,0.39885376190344024,-0.20104521288993593,1.084805549037064,2.530614005896652,0.0,1.0,1.0,0.0,0.0,1.0,0.0,1.0,0
3365,2.537735229356453,0.9008490195367288,2.6915603401411925,0.5840807260020958,0.39885376190344024,1.7052461267819967,-0.2500713859745532,-0.18740010479956754,0.0,1.0,0.0,0.0,0.0,0.0,1.0,0.0,1
3486,1.510523656818246,-0.5736729733833892,1.8733791785137757,0.5840807260020958,0.39885376190344024,1.128206586124547,-0.1669137159612233,-0.06710708405739171,0.0,0.0,0.0,0.0,0.0,0.0,1.0,0.0,1
2849,-0.5527481844125144,-0.5736729733833892,-0.7272680852305132,-0.8439895087218553,-2.5071845761908427,-0.6029120358478028,-0.2455739314839392,-0.32642765500197435,0.0,1.0,0.0,0.0,0.0,1.0,0.0,0.0,0
2257,-0.504385483017206,-0.5736729733833892,-0.7272680852305132,0.5840807260020958,0.39885376190344024,-0.7059548109652046,-0.3643522645293203,-0.35271488685417596,0.0,0.0,0.0,0.0,0.0,0.0,0.0,0.0,1
3837,-0.023809743600103402,1.6050597484369704,1.17208103997599,0.5840807260020958,0.39885376190344024,0.6336012655610185,-0.16375132173033996,-0.06253247350433487,0.0,1.0,0.0,0.0,1.0,0.0,0.0,0.0,1
1968,-0.39835369289184525,2.8606006389775165,-0.7272680852305132,0.5840807260020958,0.39885376190344024,-0.7059548109652046,-0.4998196045982763,-0.5486772742826616,1.0,0.0,0.0,0.0,0.0,0.0,0.0,1.0,1
930,-0.5590032972112767,-0.09804454190802935,-0.7272680852305132,-1.5580246260838309,0.39885376190344024,-0.499869260730401,-0.2579910888223536,-0.4081754774933284,0.0,0.0,0.0,0.0,0.0,0.0,0.0,1.0,1
3639,0.041640095196702,2.373524628794287,-0.2305152370995816,2.012150960726047,0.39885376190344024,-0.49471712197453094,-0.4610617228311781,-0.4509837832940745,1.0,0.0,1.0,0.0,0.0,1.0,0.0,0.0,0
1146,-0.7278913427778585,-0.5736729733833892,0.32467912257616544,0.5840807260020958,0.39885376190344024,0.03595316988008812,0.8977745502731058,1.473034284424283,0.0,1.0,0.0,0.0,0.0,1.0,1.0,0.0,1
2571,-0.8046308973577958,-0.5736729733833892,-0.4935020390512513,-2.2720597434458063,0.39885376190344024,0.200821610067931,1.7025059166958794,0.4673806650495858,0.0,1.0,0.0,0.0,0.0,0.0,1.0,0.0,0
1352,0.11639632132825128,0.7272889552561238,-0.7272680852305132,0.5840807260020958,0.39885376190344024,-0.7059548109652046,-0.4895225866618913,-0.5337819628579239,0.0,0.0,0.0,0.0,1.0,1.0,1.0,0.0,1
984,-0.29216933903968545,0.7959744275033419,-0.7272680852305132,-0.8439895087218553,0.39885376190344024,-0.6029120358478028,-0.43546368667972807,-0.5095529739038641,0.0,1.0,0.0,0.0,0.0,0.0,0.0,0.0,1
4952,0.37072005390231794,-0.5736729733833892,0.5292244129830197,-0.8439895087218553,0.39885376190344024,0.72633976316668,0.005024209452399983,-0.08475656312094418,0.0,0.0,0.0,0.0,0.0,1.0,1.0,0.0,1
983,-0.31810517259552906,-0.5736729733833892,0.9675357495691358,0.5840807260020958,0.39885376190344024,0.4893413803966559,0.376049256577444,0.718324447482124,0.0,1.0,1.0,0.0,0.0,0.0,0.0,0.0,1
2133,0.1639962040895643,0.5020301484238494,-0.4935020390512513,2.012150960726047,0.39885376190344024,-0.6338248683830233,-0.4671132889400572,-0.4626557660442943,0.0,0.0,0.0,1.0,0.0,0.0,0.0,1.0,1
3066,2.012763445440818,-0.5736729733833892,1.0844187726587666,0.5840807260020958,0.39885376190344024,0.5717756004905774,-0.31620691108582727,-0.2830694771224082,0.0,1.0,0.0,0.0,0.0,0.0,0.0,1.0,1
40,0.313813783806261,-0.5736729733833892,-0.7272680852305132,0.5840807260020958,0.39885376190344024,-0.7059548109652046,-0.4749850148206882,-0.512752412237345,0.0,1.0,1.0,0.0,0.0,1.0,0.0,0.0,1
3401,0.14294240979129125,0.384969424217569,0.32467912257616544,-0.8439895087218553,-2.5071845761908427,0.5099499354201362,-0.11903705932554498,-0.2043984015387655,0.0,0.0,1.0,0.0,0.0,0.0,0.0,0.0,0
4717,0.8938610730963639,-0.5736729733833892,1.3181848188380287,0.5840807260020958,0.39885376190344024,0.7366440406784203,-0.1418880666105628,-0.030905841815481082,0.0,0.0,0.0,0.0,0.0,0.0,1.0,0.0,1
1226,-0.2633347946746593,2.591767177708835,0.38312063412098096,0.5840807260020958,0.39885376190344024,0.07717027992704895,-0.3216670091624101,-0.2909678669050393,0.0,1.0,0.0,0.0,0.0,0.0,1.0,0.0,1
2893,-0.14906456330214823,-0.5736729733833892,0.12013383216931127,-0.8439895087218553,0.39885376190344024,0.2935601076735926,0.09628888514000669,0.0032569941272519915,0.0,1.0,0.0,1.0,0.0,1.0,0.0,0.0,1
1484,-0.1423517593229887,-0.19294866216359416,0.5000036572106119,-0.8439895087218553,0.39885376190344024,0.6954269306314594,0.17740849515404908,0.0814868830314844,0.0,1.0,1.0,0.0,0.0,0.0,1.0,0.0,1
262,-0.9837407126199159,-0.5736729733833892,-0.4935020390512513,-1.5580246260838309,0.39885376190344024,-0.17013238035471537,5.737649685951403,3.928368222966795,1.0,1.0,1.0,0.0,0.0,0.0,1.0,0.0,1
2996,-0.11839925421553311,-0.5736729733833892,1.2305225515208054,-1.5580246260838309,0.39885376190344024,2.2616771124159665,1.0906958114339402,0.5673065270002143,1.0,1.0,0.0,1.0,0.0,1.0,1.0,0.0,0
1653,-0.4746355562913853,-0.5736729733833892,-0.1428529697823584,0.5840807260020958,0.39885376190344024,-0.29378371049559754,-0.027173017184101617,0.13503699686536497,1.0,1.0,0.0,0.0,0.0,0.0,0.0,0.0,1
529,-0.6761722393929702,0.23799728467782275,-0.7272680852305132,0.5840807260020958,0.39885376190344024,-0.7059548109652046,-0.40717615247549116,-0.4146624479167164,0.0,0.0,1.0,0.0,0.0,1.0,1.0,0.0,1
3615,0.3096945631826859,-0.5736729733833892,1.3181848188380287,-2.2720597434458063,0.39885376190344024,4.034012844435276,1.1956895665244667,0.22299964077016232,0.0,1.0,0.0,0.0,0.0,0.0,0.0,0.0,1
338,0.0034991634969319487,0.11392030255381581,1.1136395284311744,0.5840807260020958,0.39885376190344024,0.5923841555140577,-0.008369545800963914,0.16223745080730584,0.0,0.0,0.0,1.0,0.0,0.0,1.0,0.0,1
3641,-0.3919460163662839,-0.5736729733833892,-0.7272680852305132,0.5840807260020958,0.39885376190344024,-0.7059548109652046,-0.3961160036431492,-0.3986632176269886,0.0,0.0,0.0,1.0,0.0,1.0,1.0,0.0,1
1316,-0.7201105927111053,0.41857360687615425,-0.7272680852305132,-2.2720597434458063,0.39885376190344024,-0.29378371049559754,-0.14442087923397987,-0.4231862276834495,0.0,1.0,0.0,1.0,0.0,0.0,0.0,1.0,1
124,0.1592667285587928,0.29671228514721887,-0.4935020390512513,-0.12995439135987974,0.39885376190344024,-0.4668955726928325,-0.4115661282036396,-0.4537597764578542,0.0,1.0,1.0,0.0,0.0,0.0,0.0,0.0,1
1701,0.06910156602053642,-0.5736729733833892,-0.7272680852305132,-0.8439895087218553,0.39885376190344024,-0.6029120358478028,-0.4148148434728439,-0.4896397037365663,1.0,0.0,1.0,0.0,0.0,0.0,0.0,1.0,1
4693,0.10297071336993223,0.21620995745961913,-0.5519435505960668,0.5840807260020958,0.39885376190344024,-0.5823034808243225,-0.4406475099766737,-0.46308096062291804,1.0,1.0,0.0,0.0,1.0,1.0,0.0,1.0,0
2968,-0.8651986968970306,-0.5736729733833892,-0.7272680852305132,-0.8439895087218553,-2.5071845761908427,-0.6029120358478028,0.2942726009025878,0.19418794271382328,0.0,1.0,0.0,0.0,0.0,0.0,1.0,0.0,0
4870,7.74961726426663,-0.5736729733833892,4.53246795380288,-1.5580246260838309,0.39885376190344024,6.9192105477225265,-0.12362833447298374,-0.310993211604122,0.0,0.0,0.0,0.0,0.0,1.0,1.0,0.0,1
557,-0.5094200860015756,1.3930949039751253,-0.7272680852305132,0.5840807260020958,0.39885376190344024,-0.7059548109652046,-0.4744092430521181,-0.5119195206316969,0.0,0.0,0.0,0.0,0.0,0.0,0.0,0.0,1
4289,0.1772692483210843,-0.5736729733833892,1.3474055746104363,0.5840807260020958,0.39885376190344024,0.7572525957019005,0.10490324445282123,0.32609396705335425,0.0,1.0,0.0,0.0,1.0,0.0,0.0,0.0,1
1095,-0.33702307471861503,-0.5736729733833892,-0.7272680852305132,-1.5580246260838309,0.39885376190344024,-0.499869260730401,-0.26848165177831257,-0.41576312098463825,0.0,1.0,0.0,1.0,0.0,0.0,0.0,1.0,1
2134,-0.4749406837449835,0.7110407790255991,-0.4350605275064358,-0.12995439135987974,0.39885376190344024,-0.41743504063647957,-0.33269870253364675,-0.3586873588997214,0.0,0.0,0.0,1.0,0.0,0.0,0.0,1.0,1
3756,-0.22534642670168833,10.393476705488283,0.0032508090796803113,0.5840807260020958,0.39885376190344024,-0.19074093537819567,-0.48321500855586247,-0.5246576376595412,0.0,1.0,0.0,1.0,0.0,1.0,1.0,0.0,1
3516,-0.6430659106775699,2.630171957890075,-0.7272680852305132,2.012150960726047,0.39885376190344024,-0.7574761985239055,-0.5046635785055275,-0.5350810397979524,1.0,1.0,0.0,0.0,1.0,1.0,0.0,1.0,1
575,-0.9120357610243482,-0.5736729733833892,0.2954583668037577,-0.12995439135987974,0.39885376190344024,0.200821610067931,3.5926353131458817,4.373190110454733,0.0,1.0,1.0,0.0,0.0,0.0,0.0,1.0,1
3400,0.07108489446892446,-0.5736729733833892,0.17857534371412676,0.5840807260020958,0.39885376190344024,-0.06708960523731362,-0.18566062519096732,-0.09422571713674308,0.0,1.0,0.0,1.0,0.0,0.0,0.0,0.0,1
2739,0.4448660251266709,-0.5736729733833892,-0.11363221400995065,0.5840807260020958,0.39885376190344024,-0.2731751554721171,-0.34274178907634206,-0.32145391752330493,0.0,1.0,0.0,0.0,0.0,0.0,0.0,0.0,1
2599,-0.5339828460162276,-0.5736729733833892,-0.6688265736856978,0.5840807260020958,0.39885376190344024,-0.6647377009182438,-0.3148938851841109,-0.28117009908542306,0.0,1.0,0.0,0.0,0.0,0.0,0.0,0.0,1
294,-0.04226995454279211,-0.5736729733833892,0.5584451687554274,-0.12995439135987974,0.39885376190344024,0.4233940043215188,0.08928166589217607,0.14999786123392791,0.0,1.0,0.0,0.0,0.0,0.0,1.0,0.0,1
4278,-0.3298525795590582,-0.21584381957933355,1.7564961554241447,0.5840807260020958,-2.5071845761908427,1.0457723660306257,0.5380555950432461,0.9526772357493613,0.0,1.0,0.0,0.0,0.0,1.0,1.0,0.0,0
276,-0.16065940653887834,-0.2542485997605738,0.38312063412098096,-0.8439895087218553,0.39885376190344024,0.5717756004905774,0.15052413801650644,0.055560226434299115,0.0,1.0,1.0,0.0,0.0,1.0,0.0,0.0,1
719,-0.3234449030334969,0.8709376042032628,-0.7272680852305132,0.5840807260020958,-2.5071845761908427,-0.7059548109652046,-0.47275592974557284,-0.5095278945574493,1.0,1.0,0.0,0.0,0.0,0.0,1.0,0.0,0
689,0.029892688233172822,-0.5736729733833892,-0.7272680852305132,0.5840807260020958,0.39885376190344024,-0.7059548109652046,-0.4557679305706216,-0.4849536401706572,0.0,0.0,0.0,0.0,1.0,0.0,1.0,0.0,1
1475,0.2195294006444295,0.20106961142663018,-0.7272680852305132,0.5840807260020958,0.39885376190344024,-0.7059548109652046,-0.4853359247577794,-0.5277256819737784,0.0,1.0,0.0,0.0,0.0,1.0,0.0,1.0,1
2755,-0.5175059635219269,1.1283234867640748,-0.5811643063684745,2.012150960726047,0.39885376190344024,-0.6801941171858541,-0.4574160993479239,-0.44395227217038263,0.0,0.0,0.0,0.0,1.0,0.0,1.0,0.0,1
343,-0.5400853950881908,-0.5736729733833892,-0.7272680852305132,-2.2720597434458063,0.39885376190344024,-0.29378371049559754,0.04095095319789151,-0.3338020587099489,0.0,1.0,1.0,0.0,0.0,0.0,0.0,0.0,1
4135,-0.49019705642489153,-0.5736729733833892,-0.7272680852305132,-1.5580246260838309,0.39885376190344024,-0.499869260730401,-0.19076130243111933,-0.3595493309962197,0.0,0.0,1.0,0.0,0.0,0.0,0.0,0.0,1
694,0.16521671390395695,-0.5736729733833892,-0.7272680852305132,-0.8439895087218553,0.39885376190344024,-0.6029120358478028,-0.42538882471827305,-0.4998370084075598,0.0,0.0,1.0,0.0,0.0,0.0,1.0,0.0,1
715,0.7725729102910951,-0.5736729733833892,0.5584451687554274,-0.8439895087218553,0.39885376190344024,0.7572525957019005,-0.10934403765725784,-0.19505067405184648,0.0,1.0,0.0,0.0,0.0,0.0,1.0,0.0,1
1753,-0.8665717704382223,-0.5736729733833892,-0.25973599287198934,0.5840807260020958,0.39885376190344024,-0.37621793058951886,0.923051697731184,1.509599335164524,0.0,1.0,1.0,0.0,0.0,0.0,1.0,0.0,1
1244,-0.5937878269214669,-0.5736729733833892,0.7045489476174661,0.5840807260020958,0.39885376190344024,0.30386438518533276,0.7489751281486119,1.2577861663712362,0.0,0.0,1.0,0.0,0.0,0.0,1.0,0.0,1
4871,1.1860206099166024,1.295975123324489,1.3181848188380287,0.5840807260020958,0.39885376190344024,0.7366440406784203,-0.28586656502842983,-0.23918017771055292,0.0,1.0,0.0,0.0,0.0,0.0,1.0,0.0,1
2945,-0.7405541321021821,-0.5736729733833892,-0.7272680852305132,0.5840807260020958,0.39885376190344024,-0.7059548109652046,-0.2199352553125215,-0.14380621634363078,1.0,0.0,0.0,0.0,0.0,0.0,1.0,0.0,1
4617,-0.9623817908680447,-0.31813347448513685,-0.7272680852305132,0.5840807260020958,0.39885376190344024,-0.7059548109652046,-0.011999951053566736,0.1569858316327443,0.0,1.0,0.0,0.0,0.0,0.0,0.0,0.0,1
1976,0.8030856556509112,-0.04413013896128824,-0.7272680852305132,-1.5580246260838309,0.39885376190344024,-0.499869260730401,-0.45231014654149215,-0.548723104892349,0.0,0.0,1.0,0.0,0.0,1.0,0.0,1.0,1
340,-0.6514569156515193,-0.5736729733833892,1.6396131323345138,-0.8439895087218553,0.39885376190344024,1.9010273995050606,2.8971200479311316,2.704314243622563,0.0,0.0,0.0,0.0,0.0,0.0,0.0,1.0,1
905,-0.26165659367986943,-0.5736729733833892,1.1428602842035822,-0.8439895087218553,0.39885376190344024,1.375509246406311,0.8506526195946498,0.7307480549145616,1.0,1.0,0.0,0.0,0.0,0.0,1.0,0.0,1
3992,-0.8854896725613083,-0.5736729733833892,-0.63960581791329,-0.8439895087218553,0.39885376190344024,-0.5101735382421413,0.6905704131295948,0.5763684514483003,1.0,1.0,0.0,0.0,1.0,0.0,0.0,1.0,0
2266,-0.8590961478250674,-0.5736729733833892,-0.7272680852305132,0.5840807260020958,0.39885376190344024,-0.7059548109652046,-0.005222831100145254,0.1667893798923151,0.0,0.0,1.0,0.0,0.0,0.0,0.0,1.0,1
4398,0.7391614541220966,-0.01643438402289384,-0.4935020390512513,0.5840807260020958,0.39885376190344024,-0.5410863707773618,-0.4595831829659823,-0.4904726528541317,0.0,1.0,0.0,0.0,0.0,0.0,0.0,0.0,1
4105,-0.12907871509146873,-0.5736729733833892,-0.7272680852305132,0.5840807260020958,0.39885376190344024,-0.7059548109652046,-0.43977584921903323,-0.46182004619876244,1.0,1.0,1.0,0.0,0.0,0.0,1.0,0.0,1
4757,1.0494760744314258,1.1360782981468251,-0.17207372555476613,-1.5580246260838309,0.39885376190344024,0.2832558301618524,-0.34404554414389243,-0.47041718278215605,0.0,1.0,0.0,0.0,0.0,0.0,0.0,1.0,1
939,-0.5623596992008565,-0.5736729733833892,0.9675357495691358,-1.5580246260838309,-2.5071845761908427,1.89072312199332,2.2441747335038675,1.4015979632320035,0.0,0.0,0.0,0.0,0.0,0.0,0.0,1.0,1
3252,0.20991788585608742,2.530836516844367,1.961041445830999,0.5840807260020958,-2.5071845761908427,1.190032251194988,-0.15259732464716827,-0.046397485567935805,0.0,1.0,0.0,0.0,0.0,0.0,0.0,0.0,0
853,0.9013366957095188,-0.5736729733833892,-0.7272680852305132,2.012150960726047,-2.5071845761908427,-0.7574761985239055,-0.5095227929280746,-0.5444532693826827,1.0,1.0,0.0,0.0,0.0,0.0,1.0,0.0,0
3111,-0.4419869187563822,-0.5736729733833892,0.26623761103134996,0.5840807260020958,0.39885376190344024,-0.005263940166872497,0.1739324705519269,0.42594926754006807,0.0,1.0,0.0,0.0,0.0,1.0,1.0,0.0,1
26,-0.7413169507361775,1.132016254089194,-0.7272680852305132,-1.5580246260838309,0.39885376190344024,-0.499869260730401,-0.35199371338835633,-0.47616595669341016,0.0,0.0,0.0,0.0,0.0,0.0,1.0,0.0,1
83,-0.544509743165364,-0.5736729733833892,-0.7272680852305132,0.5840807260020958,0.39885376190344024,-0.7059548109652046,-0.3495264059435131,-0.33126831056004474,0.0,1.0,0.0,0.0,0.0,0.0,1.0,0.0,1
4379,-0.6369633616056066,0.07514624564006366,-0.7272680852305132,-2.2720597434458063,0.39885376190344024,-0.29378371049559754,-0.10914483420581783,-0.4061765238457702,0.0,1.0,0.0,0.0,0.0,0.0,1.0,0.0,1
4593,-0.9079165404007731,-0.5736729733833892,-0.7272680852305132,0.5840807260020958,0.39885376190344024,-0.7059548109652046,0.19534858023811047,0.45692907404840133,0.0,1.0,0.0,0.0,1.0,0.0,0.0,1.0,1
2848,-0.5788365816951571,-0.5736729733833892,-0.4935020390512513,0.5840807260020958,0.39885376190344024,-0.5410863707773618,-0.16471613721772937,-0.06392814235145751,0.0,1.0,1.0,0.0,0.0,1.0,0.0,0.0,1
1889,-0.2987295792920459,-0.5736729733833892,-0.4935020390512513,0.5840807260020958,0.39885376190344024,-0.5410863707773618,-0.30934225264108667,-0.2731392986969092,0.0,1.0,0.0,1.0,0.0,1.0,0.0,0.0,1
4007,-0.5869224592155083,-0.5736729733833892,-0.7272680852305132,2.012150960726047,-2.5071845761908427,-0.7574761985239055,-0.3850976383242648,-0.30446774628011875,0.0,0.0,0.0,0.0,0.0,1.0,1.0,0.0,0
3898,0.017229898908849167,-0.5736729733833892,-0.7272680852305132,-2.2720597434458063,0.39885376190344024,-0.29378371049559754,-0.269226326240503,-0.4833659810887804,0.0,0.0,1.0,0.0,0.0,0.0,0.0,0.0,1
2535,-0.44778434037474724,-0.06444035924944413,-0.7272680852305132,0.5840807260020958,0.39885376190344024,-0.7059548109652046,-0.4252496571106811,-0.44080695710770523,0.0,1.0,0.0,0.0,1.0,1.0,1.0,0.0,1
1657,1.1115695112386512,0.11392030255381581,-0.2305152370995816,0.5840807260020958,0.39885376190344024,-0.35560937556603855,-0.43873096262331795,-0.4603085492447057,0.0,1.0,0.0,0.0,0.0,1.0,1.0,0.0,1
4467,0.007465820393708034,-0.5736729733833892,-0.2889567486443971,0.5840807260020958,0.39885376190344024,-0.39682648561299927,-0.31342630516543313,-0.2790471483870773,0.0,0.0,0.0,1.0,0.0,1.0,1.0,0.0,1
2029,-0.5338302822894284,-0.5736729733833892,-0.7272680852305132,-0.12995439135987974,0.39885376190344024,-0.6647377009182438,-0.3149639782025582,-0.3373086578382876,0.0,1.0,0.0,0.0,0.0,1.0,0.0,0.0,1
2998,-0.06027247430508357,2.111707425443332,2.4577942939619306,-2.2720597434458063,0.39885376190344024,6.445213782182478,1.1276396098394303,0.19018673307443568,0.0,1.0,0.0,1.0,0.0,1.0,1.0,0.0,1
2203,-0.7733553333639843,-0.5736729733833892,-0.7272680852305132,0.5840807260020958,-2.5071845761908427,-0.7059548109652046,-0.17963571782357513,-0.0855102936911461,0.0,1.0,0.0,0.0,0.0,0.0,1.0,0.0,1
318,-0.06805322437183665,2.562225039107881,-0.7272680852305132,0.5840807260020958,0.39885376190344024,-0.7059548109652046,-0.5041633214941501,-0.5549607455075015,1.0,1.0,0.0,0.0,0.0,0.0,1.0,0.0,1
3012,-0.7721348235495917,-0.5736729733833892,-0.7272680852305132,2.012150960726047,-2.5071845761908427,-0.7574761985239055,-0.27283218310704666,-0.08793529283499658,1.0,0.0,0.0,1.0,0.0,1.0,1.0,0.0,0
4178,2.1589194957143367,-0.5736729733833892,0.26623761103134996,-0.8439895087218553,0.39885376190344024,0.4481242703496953,-0.34515517776940424,-0.4224615219363493,0.0,1.0,1.0,0.0,0.0,0.0,1.0,0.0,1
130,-0.8229385445736854,-0.5736729733833892,0.7922112149346893,0.5840807260020958,0.39885376190344024,0.3656900502557739,2.2538171533736984,3.4346387997492758,0.0,1.0,0.0,0.0,0.0,1.0,0.0,0.0,1
802,-0.2300759022324598,-0.5736729733833892,-0.7272680852305132,0.5840807260020958,0.39885376190344024,-0.7059548109652046,-0.42635418856746954,-0.44240473426308413,0.0,0.0,0.0,0.0,0.0,0.0,0.0,1.0,1
2750,2.01413651898201,-0.22950705868227478,2.3116905150998917,0.5840807260020958,0.39885376190344024,1.4373349114767524,-0.1977900848410888,-0.11177177561877574,0.0,1.0,0.0,0.0,0.0,0.0,0.0,0.0,1
1374,1.3928970234561553,0.6394010929182856,-0.7272680852305132,0.5840807260020958,-2.5071845761908427,-0.7059548109652046,-0.5139843377485563,-0.5691674892968737,0.0,1.0,0.0,0.0,0.0,0.0,1.0,0.0,0
3661,-0.6210967340185023,-0.5736729733833892,-0.7272680852305132,0.5840807260020958,0.39885376190344024,-0.7059548109652046,-0.31334107160543007,-0.2789238524553883,0.0,0.0,0.0,0.0,0.0,0.0,1.0,0.0,1
3956,-0.34373587869777456,1.1597120090275885,-0.7272680852305132,-1.5580246260838309,0.39885376190344024,-0.499869260730401,-0.40858482845751004,-0.5170973354690862,0.0,0.0,0.0,0.0,0.0,0.0,0.0,1.0,1
3167,-0.18903625972350724,-0.5736729733833892,1.6980546438793294,0.5840807260020958,0.39885376190344024,1.0045552559836646,0.5239685257791818,0.9322993666375058,0.0,1.0,0.0,0.0,0.0,0.0,1.0,0.0,1
1409,-0.42642541862287603,-0.5736729733833892,-0.7272680852305132,-0.12995439135987974,0.39885376190344024,-0.6647377009182438,-0.3556577429915664,-0.386363823074967,0.0,0.0,0.0,0.0,1.0,0.0,1.0,0.0,1
2890,-0.20032597550663916,-0.5736729733833892,-0.7272680852305132,-1.5580246260838309,0.39885376190344024,-0.499869260730401,-0.3138939823132239,-0.4486090774557069,0.0,1.0,0.0,0.0,0.0,1.0,1.0,0.0,1
1380,0.24988958227744645,3.575520393120604,-0.4350605275064358,-0.8439895087218553,0.39885376190344024,-0.29378371049559754,-0.44950451905730676,-0.5230936301869847,0.0,0.0,0.0,0.0,0.0,0.0,0.0,1.0,1
798,-0.27294630946300136,-0.5736729733833892,-0.7272680852305132,-0.8439895087218553,0.39885376190344024,-0.6029120358478028,-0.35568634872327254,-0.43261754134534275,1.0,0.0,1.0,0.0,0.0,0.0,0.0,1.0,1
4463,0.8610598718345617,1.6069061320995301,-0.7272680852305132,-0.8439895087218553,0.39885376190344024,-0.6029120358478028,-0.49491725953414306,-0.5668886341536538,0.0,1.0,0.0,0.0,0.0,0.0,0.0,1.0,1
1772,-0.5841763121331249,-0.5736729733833892,-0.4935020390512513,0.5840807260020958,0.39885376190344024,-0.5410863707773618,-0.1602321498874766,-0.057441760748422215,1.0,1.0,0.0,0.0,0.0,0.0,0.0,0.0,1
94,-0.49202782114648047,-0.5736729733833892,-0.7272680852305132,0.5840807260020958,-2.5071845761908427,-0.7059548109652046,-0.3684809900070169,-0.3586873588997214,0.0,1.0,0.0,1.0,0.0,1.0,0.0,0.0,0
3551,-0.825989819109667,-0.5736729733833892,-0.7272680852305132,-0.8439895087218553,0.39885376190344024,-0.6029120358478028,0.13998735677487814,0.04539879659263581,0.0,1.0,0.0,0.0,0.0,1.0,0.0,0.0,0
1040,1.8441805273278344,-0.5736729733833892,-0.4058397717340281,-2.2720597434458063,0.39885376190344024,0.3862986052792542,-0.3332807514861468,-0.5142522894051279,1.0,1.0,0.0,0.0,0.0,0.0,1.0,0.0,1
4627,-0.6227749350132922,-0.119462592393721,-0.4350605275064358,0.5840807260020958,0.39885376190344024,-0.499869260730401,-0.2232395658277722,-0.14858611810477834,0.0,1.0,0.0,0.0,0.0,0.0,0.0,1.0,1
845,0.07200027682971895,-0.5736729733833892,-0.7272680852305132,0.5840807260020958,0.39885376190344024,-0.7059548109652046,-0.4592377935121276,-0.4899730243685091,0.0,0.0,0.0,0.0,0.0,0.0,1.0,0.0,1
442,-0.896474260890842,-0.5736729733833892,1.9902622016034066,-1.5580246260838309,0.39885376190344024,3.333321973636944,13.532290566921704,9.566097713355786,0.0,0.0,1.0,0.0,0.0,0.0,1.0,0.0,0
4873,-0.13655433770462366,2.1737459165053354,0.47078290143820417,0.5840807260020958,0.39885376190344024,0.13899594499748985,-0.30215614602664503,-0.26274412442269074,0.0,1.0,0.0,0.0,0.0,1.0,0.0,0.0,1
1803,-0.816530868048124,0.5245560291070768,0.38312063412098096,-0.8439895087218553,0.39885376190344024,0.5717756004905774,0.49492190237092715,0.3876895209371751,1.0,1.0,1.0,0.0,0.0,0.0,1.0,0.0,1
4687,-0.6892927198976911,-0.5736729733833892,-0.7272680852305132,0.5840807260020958,0.39885376190344024,-0.7059548109652046,-0.26781411075752254,-0.21306611925137123,0.0,0.0,0.0,0.0,0.0,0.0,0.0,1.0,1
2880,-0.9147819081067317,-0.5736729733833892,0.8798734822519125,0.5840807260020958,0.39885376190344024,0.4275157153262148,4.545365274209481,6.749513369794422,0.0,0.0,0.0,0.0,0.0,0.0,0.0,0.0,1
4709,-0.31291800588436036,-0.5736729733833892,-0.7272680852305132,-0.8439895087218553,-2.5071845761908427,-0.6029120358478028,-0.34514553180691243,-0.42245221959165136,0.0,1.0,0.0,1.0,0.0,0.0,0.0,1.0,1
2839,-0.3795883544955584,2.5836430895935725,3.071430165182493,0.5840807260020958,0.39885376190344024,1.9731573420872415,0.15105403963817265,0.3928541175194444,1.0,1.0,1.0,0.0,0.0,1.0,1.0,0.0,1
4455,-0.09520956774207293,-0.030097623125835075,-0.4935020390512513,-0.12995439135987974,0.39885376190344024,-0.4668955726928325,-0.36632023287723137,-0.3992171485386509,1.0,1.0,0.0,0.0,0.0,0.0,0.0,1.0,1
421,2.0138313915284116,-0.5736729733833892,-0.6688265736856978,-2.2720597434458063,0.39885376190344024,-0.17013238035471537,-0.4318400943550976,-0.5617764727793914,0.0,1.0,0.0,0.0,0.0,0.0,0.0,1.0,1
1217,-0.10253262662842878,-0.5736729733833892,-0.20129448132717387,0.5840807260020958,0.39885376190344024,-0.33500082054255825,-0.2545996668862031,-0.1939505599715821,0.0,1.0,0.0,0.0,1.0,1.0,0.0,1.0,1
2767,0.03889394811431855,-0.5736729733833892,-0.4935020390512513,0.5840807260020958,0.39885376190344024,-0.5410863707773618,-0.3838444498810307,-0.38091161069754215,0.0,0.0,0.0,0.0,1.0,0.0,0.0,1.0,1
4433,-0.561444316840062,-0.5736729733833892,-0.7272680852305132,0.5840807260020958,0.39885376190344024,-0.7059548109652046,-0.3425228573533443,-0.3211372184347968,0.0,1.0,0.0,0.0,0.0,1.0,0.0,0.0,1
709,1.8733201991464588,0.7668015656348999,-0.7272680852305132,0.5840807260020958,0.39885376190344024,-0.7059548109652046,-0.5191208774691652,-0.5765978307080167,0.0,0.0,0.0,0.0,0.0,0.0,1.0,0.0,1
4528,-0.32130901085830976,4.248711876489844,-0.08441145823754291,0.5840807260020958,0.39885376190344024,-0.2525666004486368,-0.4316905246742247,-0.4501240942436394,0.0,0.0,0.0,0.0,1.0,0.0,0.0,1.0,1
631,1.5091505832770544,0.7553539869270302,1.6396131323345138,2.012150960726047,0.39885376190344024,0.4944935191525261,-0.33146371406992,-0.20102109669220564,0.0,0.0,0.0,1.0,0.0,0.0,1.0,0.0,1
3563,0.9098802644102673,0.4824584816007173,1.288964063065621,0.5840807260020958,0.39885376190344024,0.7160354856549399,-0.22287064505184376,-0.14805245001927453,0.0,1.0,0.0,1.0,0.0,0.0,1.0,0.0,1
363,-0.0058072238378119425,-0.19811853641876112,-0.4935020390512513,0.5840807260020958,0.39885376190344024,-0.5410863707773618,-0.3990347944230209,-0.40288543981970876,1.0,1.0,1.0,0.0,0.0,0.0,1.0,0.0,1
1086,0.6697449584285151,1.1235228892414197,-0.7272680852305132,0.5840807260020958,0.39885376190344024,-0.7059548109652046,-0.5067348541815906,-0.5586806361064068,0.0,1.0,0.0,0.0,0.0,0.0,0.0,1.0,1
2524,0.5277081287785714,-0.5736729733833892,0.938314993796728,0.5840807260020958,0.39885376190344024,0.4687328253731756,-0.12845758458893147,-0.011477769189750372,0.0,1.0,0.0,0.0,0.0,0.0,1.0,0.0,1
2772,-0.38889474183030226,2.4296546921360997,-0.7272680852305132,-1.5580246260838309,0.39885376190344024,-0.499869260730401,-0.4437680771183255,-0.5425447732114747,0.0,0.0,0.0,1.0,0.0,0.0,0.0,0.0,1
2016,-0.43313822260203555,-0.5736729733833892,-0.7272680852305132,-0.8439895087218553,0.39885376190344024,-0.6029120358478028,-0.3050724732937717,-0.3838066822796115,0.0,1.0,0.0,0.0,0.0,0.0,0.0,1.0,1
3682,-0.1748478331311928,0.5456048028602566,0.12013383216931127,0.5840807260020958,0.39885376190344024,-0.10830671528427435,-0.2594212988623163,-0.20092536668779665,1.0,0.0,0.0,0.0,0.0,1.0,0.0,1.0,1
1604,-0.5303213165730496,0.7597853077171732,-0.3181775044168048,-0.12995439135987974,0.39885376190344024,-0.31851397652377395,-0.2811981534330016,-0.296604925411182,0.0,1.0,0.0,0.0,1.0,0.0,0.0,1.0,1
959,0.03294396276915442,-0.5736729733833892,-0.7272680852305132,2.012150960726047,0.39885376190344024,-0.7574761985239055,-0.47886949951717384,-0.48533060501907216,0.0,1.0,0.0,0.0,0.0,1.0,0.0,1.0,0
4472,1.072970888358484,-0.5736729733833892,-0.7272680852305132,-0.12995439135987974,0.39885376190344024,-0.6647377009182438,-0.4917230529857361,-0.5503866481773253,0.0,1.0,0.0,0.0,0.0,1.0,0.0,1.0,1
2261,-0.0036713316626248195,1.0755169140148695,-0.7272680852305132,-0.12995439135987974,0.39885376190344024,-0.6647377009182438,-0.4789108883881478,-0.5349419515602163,0.0,1.0,0.0,0.0,0.0,0.0,1.0,0.0,1
3248,-0.1393004847870071,-0.5736729733833892,-0.20129448132717387,-1.5580246260838309,0.39885376190344024,0.2420387201148916,0.062100616988731254,-0.17665866010078293,1.0,1.0,0.0,0.0,0.0,0.0,0.0,0.0,1
2314,0.23753192040672094,0.7664322889023879,0.0032508090796803113,-0.12995439135987974,0.39885376190344024,-0.04648105021383322,-0.3225650585474789,-0.346471541986035,0.0,1.0,0.0,0.0,0.0,0.0,0.0,0.0,1
3157,-0.2215323335317113,0.30188215940238583,-0.11363221400995065,0.5840807260020958,0.39885376190344024,-0.2731751554721171,-0.28990567728834477,-0.24502301836234172,1.0,0.0,1.0,0.0,0.0,0.0,1.0,0.0,1
4898,0.24256652339109058,0.007937880322893236,-0.7272680852305132,0.5840807260020958,0.39885376190344024,-0.7059548109652046,-0.4830230283573,-0.5243799257178279,0.0,0.0,0.0,1.0,0.0,1.0,1.0,0.0,1
2505,-0.6525248617391128,-0.5736729733833892,-0.11363221400995065,-0.8439895087218553,-2.5071845761908427,0.04625744739182827,0.6292479892733471,0.5172305142123834,1.0,1.0,1.0,0.0,0.0,1.0,1.0,0.0,0
1166,1.2295012720543403,0.07625407583759942,0.7922112149346893,0.5840807260020958,-2.5071845761908427,0.3656900502557739,-0.30793826303223626,-0.2711083356947932,0.0,0.0,0.0,0.0,1.0,0.0,1.0,0.0,1
143,-0.17072861250761762,0.6538028854862507,0.6753281918450583,0.5840807260020958,-2.5071845761908427,0.2832558301618524,-0.13431941604593348,-0.019957292641180062,0.0,1.0,0.0,0.0,0.0,0.0,0.0,0.0,0
518,-0.22809257378407177,0.8953098685490499,2.5746773170515613,-0.12995439135987974,0.39885376190344024,2.129782360265692,0.47238083217932836,0.6118129083717281,0.0,1.0,1.0,0.0,0.0,0.0,0.0,0.0,1
708,-0.8981524618856319,-0.5736729733833892,-0.7272680852305132,0.5840807260020958,0.39885376190344024,-0.7059548109652046,0.14418020081166627,0.38291065906993815,0.0,0.0,0.0,0.0,0.0,0.0,1.0,0.0,1
1278,-0.1655414457964489,1.5747790563709925,0.8214319707070971,0.5840807260020958,0.39885376190344024,0.3862986052792542,-0.19692337195941834,-0.11051801862154881,0.0,1.0,0.0,0.0,0.0,0.0,1.0,0.0,1
2431,-0.7082106220207771,-0.16636073742273552,0.8214319707070971,0.5840807260020958,0.39885376190344024,0.3862986052792542,0.6877516437220966,1.1692223828880464,0.0,0.0,0.0,0.0,0.0,0.0,0.0,1.0,1
553,-0.1208402738443184,-0.5736729733833892,-0.7272680852305132,0.5840807260020958,0.39885376190344024,-0.7059548109652046,-0.4407405396606603,-0.46321553415899286,0.0,0.0,0.0,0.0,0.0,0.0,1.0,0.0,1
2152,-0.27737065754017465,1.196270405546269,-0.7272680852305132,0.5840807260020958,0.39885376190344024,-0.7059548109652046,-0.4817739030572134,-0.5225729840898481,0.0,0.0,0.0,0.0,0.0,0.0,1.0,0.0,1
1780,-0.7963924561106455,-0.5736729733833892,-0.7272680852305132,0.5840807260020958,0.39885376190344024,-0.7059548109652046,-0.1448416932984534,-0.03517845643267896,0.0,1.0,1.0,0.0,0.0,0.0,0.0,0.0,1
3765,-0.2793539859885627,-0.5736729733833892,1.405847086155252,-0.12995439135987974,0.39885376190344024,1.1405717191386353,0.7362607074265808,0.9299125226493635,1.0,1.0,0.0,0.0,0.0,0.0,0.0,1.0,0
4201,-0.7263657055098677,2.1737459165053354,0.7629904591622816,0.5840807260020958,0.39885376190344024,0.3450814952322936,-0.1346411976040306,-0.0204227707580684,0.0,1.0,0.0,1.0,0.0,0.0,1.0,0.0,1
888,0.16277569427517166,-0.5736729733833892,-0.7272680852305132,0.5840807260020958,0.39885376190344024,-0.7059548109652046,-0.46589160641936284,-0.4995982009028721,0.0,0.0,0.0,0.0,1.0,0.0,0.0,1.0,1
1390,0.04347085991829096,0.12426005106414972,-0.46428128327884355,-1.5580246260838309,0.39885376190344024,-0.12891527030775465,-0.2758553689798545,-0.421096403627898,0.0,1.0,0.0,1.0,0.0,0.0,1.0,0.0,1
2470,0.7292448118801563,-0.5736729733833892,-0.7272680852305132,0.5840807260020958,-2.5071845761908427,-0.7059548109652046,-0.49198789377742386,-0.5373481912038728,1.0,0.0,1.0,0.0,0.0,0.0,0.0,1.0,1
2593,-0.2544860985203126,-0.5736729733833892,-0.4935020390512513,-2.2720597434458063,0.39885376190344024,0.200821610067931,0.12652817219014742,-0.2925377063952716,0.0,1.0,1.0,0.0,0.0,0.0,1.0,0.0,1
28,-0.5760904346127736,-0.5736729733833892,-0.46428128327884355,0.5840807260020958,0.39885376190344024,-0.5204778157538814,-0.145848070133642,-0.03663424649378058,1.0,0.0,0.0,0.0,0.0,0.0,0.0,0.0,1
1057,0.8761636807876706,-0.5736729733833892,-0.7272680852305132,0.5840807260020958,-2.5071845761908427,-0.7059548109652046,-0.4962362070072492,-0.5434936547719683,1.0,1.0,1.0,0.0,0.0,0.0,0.0,1.0,1
1693,-0.7844924854203172,-0.5736729733833892,-0.7272680852305132,0.5840807260020958,-2.5071845761908427,-0.7059548109652046,-0.1635985375385265,-0.06231146115572117,0.0,0.0,0.0,0.0,1.0,0.0,1.0,0.0,0
