ApplicantIncome,CoapplicantIncome,LoanAmount,Loan_Amount_Term,Credit_History,Employment_Status,Marital_Status,Dependents,Education,Property_Area,Loan_Status
7313.0,1545.0,10.0,360,1.0,Salaried,Yes,1,Not Graduate,Semiurban,Y
4400.0,2034.0,10.0,360,1.0,Salaried,No,2,Graduate,Semiurban,Y
8252.0,0.0,10.0,360,1.0,Salaried,No,0,Graduate,Urban,Y
16621.0,6220.0,10.0,360,1.0,Salaried,Yes,0,Graduate,Semiurban,Y
4075.0,1321.0,69.0,360,0.0,Salaried,No,0,Graduate,Urban,N
4075.0,0.0,41.0,300,1.0,Self_Employed,Yes,0,Graduate,Urban,N
17385.0,0.0,,360,0.0,Salaried,Yes,0,Graduate,Semiurban,N
9081.0,0.0,63.0,180,1.0,Self_Employed,No,0,Graduate,Rural,Y
3376.0,0.0,54.0,240,1.0,Salaried,Yes,0,Not Graduate,Semiurban,N
7586.0,2704.0,10.0,360,1.0,Salaried,Yes,0,Not Graduate,Rural,Y
3392.0,3568.0,10.0,360,0.0,Self_Employed,Yes,0,Graduate,Semiurban,N
3386.0,0.0,10.0,120,1.0,Salaried,Yes,0,Graduate,Urban,Y
5964.0,0.0,10.0,360,1.0,Salaried,Yes,1,Graduate,Semiurban,Y
1064.0,0.0,10.0,360,1.0,Salaried,Yes,2,Graduate,Urban,Y
1237.0,2312.0,,360,1.0,Salaried,Yes,0,Not Graduate,Rural,Y
3134.0,0.0,23.0,360,0.0,Salaried,Yes,0,Graduate,Semiurban,Y
2186.0,4331.0,33.0,360,1.0,Salaried,Yes,3+,Not Graduate,Semiurban,Y
6320.0,0.0,25.0,240,0.0,Salaried,Yes,0,Graduate,Semiurban,N
2377.0,0.0,,180,1.0,Salaried,Yes,2,Graduate,Rural,Y
1588.0,0.0,10.0,240,0.0,Salaried,Yes,0,Graduate,Rural,N
15875.0,0.0,28.0,360,1.0,Self_Employed,Yes,0,Graduate,Urban,Y
4103.0,0.0,10.0,360,1.0,Salaried,No,1,Graduate,Urban,Y
5188.0,0.0,10.0,360,1.0,Salaried,Yes,3+,Not Graduate,Rural,Y
1572.0,0.0,72.0,360,1.0,Self_Employed,No,2,Graduate,Semiurban,Y
3180.0,3696.0,10.0,360,1.0,Self_Employed,No,1,Graduate,Semiurban,Y
5371.0,0.0,61.0,300,1.0,Salaried,Yes,0,Graduate,Urban,Y
1957.0,4619.0,10.0,180,1.0,Salaried,No,0,Graduate,Semiurban,Y
6638.0,0.0,,360,1.0,Salaried,No,0,Graduate,Urban,Y
3040.0,0.0,19.0,360,1.0,Self_Employed,No,0,Graduate,Rural,Y
3892.0,0.0,10.0,360,1.0,Salaried,Yes,3+,Graduate,Urban,Y
3037.0,2782.0,10.0,360,1.0,Salaried,Yes,0,Graduate,Semiurban,Y
21630.0,5316.0,50.0,360,0.0,Self_Employed,Yes,0,Graduate,Urban,N
4862.0,0.0,10.0,360,1.0,Salaried,Yes,0,Not Graduate,Semiurban,Y
2109.0,0.0,,180,1.0,Salaried,No,0,Graduate,Rural,Y
9490.0,0.0,110.0,360,,Salaried,No,0,Graduate,Urban,Y
1851.0,1939.0,95.0,300,1.0,Salaried,Yes,0,Graduate,Urban,Y
5809.0,0.0,10.0,180,1.0,Salaried,No,0,Graduate,Semiurban,Y
1025.0,0.0,30.0,180,1.0,Salaried,No,2,Graduate,Semiurban,Y
1698.0,9143.0,77.0,360,1.0,Salaried,Yes,1,Graduate,Rural,Y
5753.0,5565.0,54.0,360,1.0,Salaried,No,0,Graduate,Urban,Y
8873.0,0.0,10.0,360,1.0,Salaried,Yes,1,Not Graduate,Rural,Y
5637.0,0.0,10.0,360,1.0,Salaried,Yes,1,Graduate,Semiurban,Y
4480.0,0.0,10.0,300,0.0,Salaried,No,0,Graduate,Urban,N
3863.0,0.0,10.0,360,,Salaried,No,0,Not Graduate,Urban,N
1506.0,0.0,10.0,360,1.0,Salaried,No,2,Graduate,Rural,Y
2763.0,0.0,10.0,480,,Self_Employed,Yes,0,Graduate,Rural,Y
3400.0,1846.0,10.0,300,1.0,Self_Employed,No,0,Not Graduate,Urban,Y
11449.0,5223.0,19.0,480,1.0,Salaried,Yes,0,Graduate,Rural,Y
6470.0,0.0,10.0,180,1.0,Salaried,Yes,2,Not Graduate,Urban,Y
1199.0,0.0,14.0,360,1.0,Salaried,Yes,1,Not Graduate,Urban,Y
6369.0,0.0,10.0,360,1.0,Salaried,Yes,3+,Graduate,Semiurban,Y
3612.0,0.0,27.0,360,1.0,Salaried,Yes,0,Graduate,Rural,Y
2860.0,2674.0,62.0,120,0.0,Salaried,No,0,Not Graduate,Semiurban,N
8017.0,0.0,90.0,180,0.0,Self_Employed,Yes,1,Graduate,Rural,N
11213.0,2587.0,10.0,180,1.0,Salaried,No,0,Graduate,Rural,Y
10353.0,0.0,10.0,360,1.0,Salaried,Yes,0,Graduate,Urban,Y
2511.0,0.0,10.0,360,1.0,Salaried,Yes,0,Not Graduate,Urban,Y
3838.0,0.0,33.0,360,0.0,Salaried,Yes,0,Graduate,Urban,N
6406.0,0.0,10.0,360,,Salaried,No,2,Not Graduate,Rural,N
10726.0,1201.0,,180,1.0,Salaried,No,1,Graduate,Semiurban,Y
3350.0,0.0,15.0,240,1.0,Self_Employed,Yes,0,Not Graduate,Urban,Y
4236.0,3308.0,20.0,120,1.0,Salaried,Yes,1,Not Graduate,Semiurban,Y
2028.0,0.0,24.0,360,1.0,Salaried,No,1,Graduate,Semiurban,Y
1888.0,0.0,,360,1.0,Salaried,Yes,2,Not Graduate,Semiurban,Y
9415.0,0.0,34.0,480,1.0,Self_Employed,Yes,2,Graduate,Rural,Y
14545.0,0.0,35.0,360,0.0,Salaried,Yes,0,Not Graduate,Urban,N
4640.0,2602.0,17.0,120,1.0,Salaried,Yes,2,Not Graduate,Semiurban,Y
10969.0,0.0,45.0,240,1.0,Salaried,Yes,0,Graduate,Urban,Y
6564.0,3402.0,10.0,360,1.0,Salaried,Yes,0,Graduate,Rural,Y
2933.0,0.0,86.0,480,1.0,Salaried,Yes,0,Graduate,Semiurban,Y
6562.0,1444.0,,180,1.0,Salaried,Yes,0,Graduate,Semiurban,Y
16822.0,5523.0,10.0,180,0.0,Salaried,Yes,2,Graduate,Urban,Y
4776.0,0.0,,360,1.0,Salaried,No,1,Graduate,Semiurban,Y
17184.0,0.0,62.0,360,1.0,Salaried,Yes,1,Graduate,Rural,Y
604.0,2196.0,10.0,240,,Salaried,Yes,3+,Graduate,Semiurban,Y
9486.0,6312.0,29.0,360,1.0,Salaried,Yes,0,Not Graduate,Rural,Y
5269.0,0.0,55.0,180,1.0,Salaried,Yes,0,Graduate,Urban,N
3869.0,1853.0,60.0,360,1.0,Salaried,Yes,1,Graduate,Urban,Y
5289.0,2956.0,10.0,240,1.0,Self_Employed,Yes,2,Graduate,Semiurban,Y
1002.0,0.0,10.0,180,1.0,Self_Employed,No,3+,Graduate,Semiurban,Y
4123.0,4198.0,10.0,300,1.0,Salaried,No,0,Not Graduate,Urban,Y
6540.0,0.0,10.0,240,1.0,Self_Employed,No,2,Graduate,Semiurban,Y
16032.0,0.0,10.0,360,1.0,Self_Employed,Yes,2,Graduate,Semiurban,Y
3247.0,0.0,10.0,360,1.0,Salaried,Yes,0,Graduate,Semiurban,Y
2574.0,0.0,25.0,360,1.0,Self_Employed,Yes,1,Graduate,Urban,Y
3290.0,0.0,11.0,360,1.0,Salaried,No,0,Graduate,Rural,Y
10222.0,5125.0,65.0,300,1.0,Salaried,Yes,0,Graduate,Semiurban,Y
6393.0,2965.0,39.0,120,1.0,Salaried,No,2,Graduate,Semiurban,N
3217.0,0.0,41.0,480,1.0,Salaried,Yes,2,Graduate,Rural,Y
7410.0,3666.0,71.0,360,1.0,Salaried,Yes,1,Not Graduate,Urban,Y
5312.0,0.0,10.0,180,0.0,Salaried,Yes,2,Graduate,Semiurban,Y
10667.0,0.0,10.0,360,,Salaried,Yes,0,Graduate,Rural,Y
2803.0,2414.0,10.0,360,1.0,Self_Employed,Yes,0,Graduate,Semiurban,Y
3781.0,0.0,10.0,240,1.0,Salaried,Yes,0,Not Graduate,Semiurban,Y
3591.0,0.0,10.0,360,0.0,Salaried,Yes,2,Not Graduate,Rural,N
1524.0,0.0,50.0,360,1.0,Salaried,No,2,Graduate,Urban,Y
6229.0,0.0,116.0,240,0.0,Salaried,Yes,1,Not Graduate,Urban,N
6056.0,0.0,,180,1.0,Salaried,Yes,3+,Not Graduate,Semiurban,Y
4935.0,0.0,13.0,360,1.0,Salaried,Yes,1,Graduate,Semiurban,Y
4074.0,0.0,48.0,300,1.0,Salaried,No,1,Graduate,Urban,Y
1584.0,0.0,10.0,240,1.0,Salaried,Yes,1,Graduate,Urban,Y
3510.0,2358.0,18.0,360,,Salaried,No,2,Graduate,Rural,Y
3736.0,879.0,63.0,360,1.0,Self_Employed,Yes,0,Graduate,Semiurban,N
2587.0,0.0,10.0,240,1.0,Salaried,No,0,Graduate,Urban,Y
4320.0,2622.0,10.0,360,1.0,Salaried,Yes,0,Not Graduate,Rural,Y
6790.0,2750.0,18.0,360,0.0,Salaried,Yes,2,Not Graduate,Rural,N
22224.0,0.0,24.0,300,1.0,Salaried,No,3+,Graduate,Semiurban,Y
5651.0,6675.0,10.0,360,0.0,Salaried,No,0,Graduate,Rural,N
6039.0,0.0,117.0,360,1.0,Salaried,No,3+,Graduate,Semiurban,N
4631.0,0.0,10.0,240,1.0,Salaried,Yes,0,Graduate,Semiurban,Y
1059.0,0.0,10.0,360,1.0,Salaried,Yes,0,Not Graduate,Urban,Y
4812.0,0.0,10.0,360,1.0,Salaried,Yes,2,Graduate,Urban,Y
5157.0,4103.0,57.0,360,1.0,Salaried,Yes,0,Graduate,Urban,Y
35263.0,0.0,92.0,360,1.0,Salaried,Yes,0,Graduate,Urban,Y
4214.0,0.0,31.0,360,1.0,Salaried,Yes,0,Graduate,Semiurban,Y
6256.0,0.0,10.0,240,1.0,Self_Employed,Yes,0,Graduate,Semiurban,Y
4780.0,0.0,90.0,360,1.0,Salaried,No,1,Graduate,Urban,Y
1930.0,4951.0,43.0,360,1.0,Salaried,Yes,0,Graduate,Rural,Y
12262.0,0.0,77.0,360,1.0,Salaried,Yes,1,Not Graduate,Semiurban,Y
8969.0,2071.0,49.0,360,1.0,Salaried,Yes,1,Graduate,Semiurban,Y
9254.0,0.0,72.0,360,1.0,Salaried,Yes,0,Not Graduate,Rural,Y
2374.0,0.0,10.0,480,1.0,Salaried,Yes,1,Graduate,Rural,Y
15097.0,12559.0,34.0,180,,Salaried,Yes,3+,Not Graduate,Urban,N
1601.0,8778.0,,240,0.0,Salaried,No,0,Graduate,Semiurban,N
7860.0,2357.0,,300,1.0,Salaried,Yes,1,Graduate,Rural,Y
28349.0,0.0,26.0,240,1.0,Self_Employed,Yes,2,Graduate,Urban,Y
2225.0,0.0,20.0,360,1.0,Salaried,Yes,0,Graduate,Urban,Y
3124.0,917.0,10.0,120,1.0,Salaried,Yes,0,Not Graduate,Urban,Y
5323.0,0.0,10.0,240,1.0,Salaried,Yes,0,Graduate,Urban,Y
3285.0,9173.0,,240,0.0,Salaried,Yes,1,Graduate,Rural,N
1422.0,0.0,62.0,360,1.0,Salaried,Yes,0,Not Graduate,Rural,Y
5192.0,3684.0,42.0,360,0.0,Salaried,No,0,Graduate,Urban,Y
2101.0,0.0,10.0,360,0.0,Self_Employed,No,0,Not Graduate,Rural,N
7179.0,0.0,46.0,240,0.0,Salaried,Yes,0,Graduate,Urban,N
2355.0,0.0,10.0,360,1.0,Salaried,No,1,Not Graduate,Semiurban,Y
16983.0,0.0,49.0,120,1.0,Salaried,Yes,2,Graduate,Urban,Y
2626.0,0.0,78.0,300,1.0,Self_Employed,Yes,0,Graduate,Urban,N
3798.0,0.0,10.0,360,1.0,Salaried,Yes,0,Graduate,Urban,Y
9422.0,0.0,51.0,360,,Self_Employed,Yes,1,Not Graduate,Rural,Y
1836.0,0.0,10.0,180,1.0,Salaried,Yes,1,Graduate,Urban,Y
5896.0,0.0,76.0,360,1.0,Self_Employed,No,2,Graduate,Rural,Y
13985.0,7309.0,10.0,240,1.0,Salaried,No,0,Graduate,Urban,Y
1358.0,0.0,10.0,300,1.0,Salaried,No,1,Graduate,Semiurban,N
5697.0,3324.0,58.0,360,0.0,Salaried,Yes,0,Graduate,Rural,N
6051.0,0.0,37.0,300,1.0,Salaried,Yes,2,Not Graduate,Urban,Y
9186.0,0.0,10.0,360,1.0,Salaried,Yes,0,Graduate,Semiurban,Y
1827.0,0.0,10.0,360,1.0,Salaried,No,1,Graduate,Semiurban,Y
1709.0,2101.0,10.0,360,1.0,Self_Employed,No,0,Not Graduate,Urban,Y
7462.0,2348.0,10.0,360,0.0,Salaried,No,0,Graduate,Urban,Y
6233.0,0.0,10.0,360,1.0,Self_Employed,Yes,0,Graduate,Semiurban,Y
6005.0,0.0,14.0,360,1.0,Self_Employed,Yes,0,Graduate,Urban,Y
6484.0,7822.0,10.0,120,1.0,Salaried,Yes,0,Not Graduate,Urban,Y
2853.0,0.0,26.0,360,0.0,Salaried,No,0,Graduate,Semiurban,N
5918.0,0.0,83.0,300,1.0,Self_Employed,No,0,Graduate,Rural,Y
6213.0,0.0,10.0,180,1.0,Salaried,Yes,0,Graduate,Urban,Y
2775.0,4079.0,25.0,360,1.0,Salaried,Yes,1,Graduate,Semiurban,Y
21865.0,0.0,136.0,360,1.0,Salaried,No,2,Not Graduate,Rural,Y
7180.0,4001.0,10.0,480,,Salaried,Yes,0,Graduate,Urban,Y
1895.0,0.0,62.0,300,0.0,Self_Employed,No,0,Graduate,Semiurban,N
8310.0,4350.0,81.0,360,1.0,Salaried,Yes,0,Not Graduate,Urban,Y
2254.0,6270.0,60.0,360,,Self_Employed,Yes,0,Graduate,Rural,Y
9225.0,2377.0,83.0,300,,Self_Employed,No,0,Graduate,Urban,N
12418.0,3011.0,32.0,180,1.0,Salaried,Yes,0,Graduate,Urban,Y
2549.0,0.0,10.0,240,1.0,Salaried,Yes,2,Not Graduate,Semiurban,Y
10622.0,9220.0,114.0,360,1.0,Salaried,No,2,Graduate,Rural,Y
6838.0,4966.0,90.0,240,,Salaried,No,0,Graduate,Semiurban,Y
9487.0,0.0,85.0,300,1.0,Salaried,Yes,1,Graduate,Semiurban,Y
22414.0,7818.0,33.0,360,1.0,Salaried,Yes,0,Not Graduate,Rural,Y
4039.0,643.0,10.0,360,1.0,Salaried,Yes,0,Not Graduate,Rural,Y
2689.0,0.0,15.0,360,1.0,Self_Employed,Yes,2,Graduate,Semiurban,Y
2412.0,0.0,55.0,360,0.0,Salaried,No,0,Graduate,Rural,N
2559.0,0.0,55.0,360,,Salaried,Yes,1,Not Graduate,Rural,N
4621.0,0.0,10.0,240,0.0,Salaried,Yes,0,Not Graduate,Semiurban,Y
6457.0,0.0,28.0,240,1.0,Salaried,No,1,Not Graduate,Rural,Y
6132.0,4446.0,10.0,360,0.0,Salaried,Yes,0,Not Graduate,Rural,N
9526.0,0.0,79.0,360,1.0,Self_Employed,No,1,Graduate,Semiurban,Y
4966.0,0.0,10.0,240,1.0,Salaried,Yes,0,Graduate,Semiurban,Y
15722.0,0.0,94.0,360,1.0,Salaried,No,0,Not Graduate,Urban,Y
3977.0,0.0,10.0,360,1.0,Salaried,No,2,Not Graduate,Urban,Y
43310.0,12204.0,171.0,360,,Salaried,No,1,Not Graduate,Semiurban,Y
8107.0,0.0,26.0,360,1.0,Salaried,No,2,Graduate,Semiurban,Y
2476.0,0.0,10.0,360,1.0,Self_Employed,Yes,0,Graduate,Rural,Y
2087.0,0.0,40.0,360,1.0,Salaried,Yes,0,Graduate,Rural,N
7230.0,2055.0,10.0,360,0.0,Salaried,Yes,0,Not Graduate,Semiurban,N
4110.0,2604.0,51.0,360,0.0,Salaried,No,0,Graduate,Urban,N
8701.0,6218.0,22.0,360,1.0,Self_Employed,Yes,1,Not Graduate,Semiurban,Y
7177.0,0.0,10.0,360,1.0,Salaried,No,2,Graduate,Urban,Y
4637.0,5205.0,10.0,180,1.0,Salaried,Yes,3+,Graduate,Semiurban,Y
2496.0,2978.0,10.0,300,1.0,Salaried,No,0,Graduate,Semiurban,Y
1463.0,0.0,70.0,360,1.0,Salaried,Yes,0,Graduate,Semiurban,Y
3438.0,3548.0,66.0,240,1.0,Salaried,Yes,2,Graduate,Semiurban,Y
9751.0,0.0,,180,1.0,Self_Employed,Yes,2,Not Graduate,Urban,Y
5833.0,2208.0,92.0,240,1.0,Salaried,Yes,2,Graduate,Urban,N
1814.0,0.0,10.0,120,1.0,Salaried,Yes,1,Graduate,Semiurban,Y
5645.0,0.0,10.0,360,0.0,Self_Employed,Yes,2,Graduate,Semiurban,N
6689.0,0.0,10.0,240,1.0,Salaried,Yes,0,Not Graduate,Semiurban,Y
2423.0,0.0,10.0,180,1.0,Salaried,No,1,Graduate,Urban,Y
5558.0,3991.0,10.0,360,0.0,Self_Employed,Yes,0,Graduate,Rural,N
5149.0,4727.0,33.0,360,1.0,Salaried,Yes,1,Not Graduate,Rural,N
1970.0,3507.0,10.0,120,,Salaried,No,1,Graduate,Urban,Y
6544.0,0.0,17.0,240,1.0,Self_Employed,No,0,Graduate,Semiurban,Y
7697.0,0.0,125.0,360,1.0,Salaried,Yes,1,Not Graduate,Urban,Y
11689.0,0.0,10.0,300,1.0,Salaried,No,0,Graduate,Semiurban,Y
11419.0,0.0,29.0,360,1.0,Self_Employed,No,0,Graduate,Semiurban,Y
1632.0,3711.0,57.0,240,0.0,Self_Employed,No,0,Graduate,Semiurban,N
2321.0,0.0,19.0,240,1.0,Salaried,No,0,Not Graduate,Urban,N
7421.0,0.0,27.0,240,1.0,Salaried,Yes,0,Graduate,Rural,Y
7413.0,6862.0,25.0,180,,Salaried,Yes,0,Graduate,Urban,Y
7421.0,0.0,10.0,360,1.0,Salaried,No,0,Graduate,Rural,Y
107171.0,2776.0,242.0,480,1.0,Salaried,No,0,Graduate,Urban,Y
7760.0,0.0,,480,1.0,Salaried,Yes,0,Graduate,Urban,Y
12191.0,0.0,,360,0.0,Salaried,Yes,1,Graduate,Semiurban,N
10543.0,5752.0,78.0,360,1.0,Self_Employed,Yes,1,Graduate,Rural,Y
8276.0,0.0,10.0,360,1.0,Salaried,Yes,3+,Not Graduate,Semiurban,Y
3819.0,1239.0,63.0,360,1.0,Salaried,Yes,0,Graduate,Urban,Y
9020.0,0.0,10.0,240,1.0,Salaried,Yes,2,Graduate,Rural,Y
2648.0,0.0,10.0,300,1.0,Self_Employed,No,0,Graduate,Semiurban,Y
4067.0,3788.0,50.0,360,1.0,Salaried,Yes,0,Not Graduate,Urban,Y
3333.0,0.0,58.0,360,1.0,Salaried,No,0,Not Graduate,Semiurban,N
5247.0,0.0,10.0,360,1.0,Salaried,Yes,0,Not Graduate,Semiurban,Y
31311.0,4637.0,85.0,360,,Salaried,Yes,0,Graduate,Semiurban,Y
1103.0,1332.0,,360,1.0,Salaried,Yes,2,Not Graduate,Semiurban,Y
8510.0,0.0,10.0,360,1.0,Salaried,Yes,2,Graduate,Rural,Y
1353.0,0.0,69.0,480,1.0,Salaried,Yes,3+,Graduate,Rural,Y
3369.0,7189.0,13.0,240,0.0,Salaried,No,2,Graduate,Semiurban,N
11745.0,2052.0,10.0,360,1.0,Salaried,No,1,Graduate,Urban,Y
5174.0,1453.0,10.0,360,0.0,Salaried,No,0,Graduate,Semiurban,Y
2075.0,0.0,10.0,360,1.0,Salaried,Yes,2,Not Graduate,Rural,Y
2773.0,2789.0,10.0,360,1.0,Self_Employed,Yes,1,Not Graduate,Urban,Y
8465.0,2271.0,10.0,360,1.0,Salaried,Yes,0,Graduate,Semiurban,Y
2740.0,0.0,15.0,360,1.0,Salaried,Yes,1,Not Graduate,Rural,Y
5844.0,0.0,16.0,360,1.0,Salaried,Yes,0,Graduate,Semiurban,Y
5097.0,2644.0,83.0,120,1.0,Salaried,Yes,1,Graduate,Rural,Y
2918.0,0.0,27.0,360,,Salaried,No,2,Not Graduate,Semiurban,Y
27314.0,0.0,90.0,240,1.0,Self_Employed,Yes,1,Graduate,Semiurban,Y
8161.0,3921.0,84.0,360,1.0,Salaried,No,3+,Graduate,Urban,Y
973.0,2801.0,10.0,180,1.0,Salaried,Yes,2,Graduate,Rural,Y
5705.0,0.0,10.0,360,1.0,Salaried,Yes,0,Graduate,Urban,Y
2895.0,1544.0,72.0,360,0.0,Self_Employed,No,0,Graduate,Rural,N
9720.0,0.0,39.0,360,0.0,Salaried,Yes,0,Graduate,Urban,N
2607.0,0.0,10.0,360,1.0,Salaried,Yes,2,Graduate,Urban,Y
4484.0,3799.0,10.0,360,1.0,Self_Employed,Yes,0,Graduate,Semiurban,Y
7361.0,1472.0,10.0,240,1.0,Self_Employed,Yes,1,Graduate,Semiurban,Y
9824.0,0.0,72.0,300,1.0,Salaried,Yes,0,Graduate,Semiurban,Y
1881.0,0.0,,180,1.0,Salaried,Yes,1,Graduate,Semiurban,Y
3761.0,0.0,51.0,360,1.0,Salaried,Yes,0,Graduate,Semiurban,Y
3361.0,0.0,43.0,300,1.0,Salaried,No,0,Graduate,Rural,Y
2914.0,2163.0,45.0,360,,Self_Employed,Yes,0,Graduate,Rural,Y
20178.0,0.0,55.0,300,,Salaried,Yes,0,Graduate,Urban,Y
6795.0,0.0,10.0,360,1.0,Salaried,Yes,0,Graduate,Semiurban,Y
1792.0,0.0,64.0,360,1.0,Salaried,No,2,Graduate,Semiurban,Y
10242.0,2446.0,19.0,360,1.0,Salaried,Yes,0,Graduate,Semiurban,Y
26842.0,1360.0,58.0,240,1.0,Salaried,Yes,1,Graduate,Urban,Y
11226.0,0.0,10.0,300,1.0,Salaried,Yes,3+,Graduate,Semiurban,Y
1458.0,0.0,10.0,180,1.0,Salaried,No,1,Graduate,Rural,Y
3336.0,821.0,10.0,180,1.0,Salaried,Yes,0,Graduate,Urban,Y
13542.0,3544.0,10.0,360,1.0,Salaried,Yes,2,Graduate,Urban,Y
2790.0,0.0,46.0,240,1.0,Salaried,Yes,0,Not Graduate,Urban,N
7010.0,0.0,10.0,180,1.0,Salaried,Yes,0,Graduate,Rural,Y
9134.0,1561.0,19.0,360,1.0,Self_Employed,Yes,0,Graduate,Rural,Y
2341.0,6969.0,36.0,360,1.0,Salaried,No,0,Graduate,Urban,Y
4686.0,4329.0,10.0,180,1.0,Salaried,Yes,1,Graduate,Rural,Y
368.0,0.0,,180,1.0,Self_Employed,Yes,1,Graduate,Semiurban,Y
2166.0,0.0,17.0,180,0.0,Self_Employed,Yes,0,Graduate,Semiurban,N
4016.0,0.0,35.0,360,1.0,Salaried,No,0,Graduate,Semiurban,Y
1811.0,0.0,10.0,360,0.0,Salaried,Yes,0,Graduate,Semiurban,N
18141.0,1587.0,,360,1.0,Salaried,Yes,0,Graduate,Rural,Y
1565.0,0.0,,180,1.0,Salaried,No,0,Not Graduate,Semiurban,Y
3456.0,0.0,10.0,360,1.0,Salaried,Yes,0,Graduate,Urban,Y
5457.0,2612.0,32.0,360,,Salaried,Yes,1,Graduate,Urban,N
15569.0,5752.0,89.0,360,1.0,Salaried,Yes,1,Not Graduate,Rural,Y
1558.0,0.0,10.0,360,1.0,Salaried,No,0,Graduate,Urban,Y
12463.0,0.0,10.0,300,1.0,Salaried,No,3+,Graduate,Semiurban,Y
4955.0,3383.0,10.0,180,0.0,Salaried,No,0,Graduate,Semiurban,Y
2241.0,0.0,10.0,360,,Self_Employed,Yes,1,Graduate,Urban,Y
7113.0,0.0,83.0,240,0.0,Self_Employed,Yes,0,Graduate,Rural,N
5763.0,865.0,48.0,240,1.0,Salaried,Yes,1,Not Graduate,Rural,Y
3041.0,3022.0,10.0,360,1.0,Salaried,Yes,0,Not Graduate,Urban,Y
5197.0,2873.0,10.0,360,1.0,Salaried,Yes,1,Graduate,Urban,Y
3611.0,0.0,26.0,360,1.0,Salaried,No,0,Graduate,Rural,Y
5382.0,3128.0,10.0,240,1.0,Salaried,Yes,0,Graduate,Semiurban,Y
8347.0,2717.0,10.0,300,1.0,Salaried,Yes,2,Graduate,Semiurban,Y
17480.0,0.0,99.0,180,0.0,Salaried,Yes,2,Not Graduate,Semiurban,N
1826.0,0.0,10.0,360,1.0,Salaried,No,0,Graduate,Semiurban,Y
27077.0,4339.0,85.0,240,1.0,Self_Employed,Yes,0,Graduate,Urban,Y
1031.0,0.0,66.0,360,1.0,Salaried,Yes,0,Graduate,Semiurban,Y
4353.0,0.0,10.0,120,1.0,Self_Employed,Yes,0,Not Graduate,Urban,Y
7869.0,0.0,10.0,180,1.0,Salaried,No,0,Graduate,Semiurban,Y
6154.0,0.0,10.0,360,1.0,Salaried,No,0,Not Graduate,Semiurban,Y
2986.0,2848.0,10.0,480,,Salaried,Yes,2,Graduate,Rural,Y
4161.0,0.0,16.0,360,0.0,Salaried,Yes,0,Graduate,Rural,Y
3313.0,0.0,10.0,480,0.0,Salaried,Yes,2,Graduate,Rural,Y
3067.0,0.0,28.0,360,1.0,Salaried,Yes,2,Graduate,Semiurban,Y
9698.0,0.0,89.0,120,1.0,Salaried,No,1,Graduate,Urban,Y
6539.0,0.0,54.0,300,1.0,Salaried,Yes,0,Graduate,Semiurban,Y
2823.0,1490.0,30.0,360,1.0,Salaried,Yes,3+,Graduate,Semiurban,Y
10094.0,0.0,10.0,180,1.0,Salaried,Yes,1,Graduate,Semiurban,Y
6284.0,0.0,39.0,240,1.0,Salaried,Yes,0,Graduate,Urban,Y
9417.0,0.0,97.0,180,1.0,Salaried,No,2,Not Graduate,Rural,N
8133.0,9644.0,10.0,360,1.0,Salaried,Yes,0,Not Graduate,Urban,Y
2532.0,0.0,40.0,240,1.0,Salaried,No,1,Not Graduate,Semiurban,N
3140.0,0.0,10.0,180,1.0,Salaried,Yes,0,Graduate,Semiurban,Y
8936.0,3475.0,10.0,360,1.0,Salaried,Yes,2,Graduate,Semiurban,Y
8009.0,0.0,52.0,300,1.0,Salaried,No,2,Graduate,Semiurban,Y
4833.0,0.0,96.0,360,,Self_Employed,Yes,0,Graduate,Urban,Y
5398.0,0.0,,360,1.0,Salaried,No,1,Graduate,Rural,Y
13659.0,0.0,11.0,180,1.0,Self_Employed,No,2,Graduate,Rural,Y
3062.0,0.0,10.0,360,1.0,Salaried,No,0,Graduate,Semiurban,Y
7613.0,774.0,31.0,120,1.0,Salaried,Yes,3+,Not Graduate,Urban,Y
4181.0,0.0,50.0,360,1.0,Salaried,Yes,0,Graduate,Urban,Y
4129.0,0.0,10.0,360,1.0,Salaried,No,2,Not Graduate,Urban,Y
11837.0,0.0,12.0,480,1.0,Self_Employed,No,1,Graduate,Semiurban,Y
9512.0,0.0,161.0,360,1.0,Salaried,Yes,0,Graduate,Semiurban,Y
9422.0,0.0,83.0,240,1.0,Salaried,Yes,0,Not Graduate,Semiurban,Y
13966.0,2508.0,103.0,360,1.0,Salaried,No,0,Not Graduate,Semiurban,Y
4998.0,0.0,10.0,300,1.0,Salaried,Yes,2,Not Graduate,Rural,Y
8481.0,10416.0,10.0,360,1.0,Salaried,Yes,0,Not Graduate,Urban,Y
3834.0,2200.0,,240,1.0,Salaried,Yes,0,Not Graduate,Semiurban,Y
6370.0,8492.0,10.0,360,1.0,Self_Employed,Yes,0,Graduate,Semiurban,Y
4429.0,0.0,90.0,240,1.0,Salaried,Yes,0,Graduate,Rural,Y
5311.0,1479.0,90.0,360,1.0,Salaried,No,0,Graduate,Semiurban,N
7912.0,6144.0,10.0,360,1.0,Salaried,No,0,Graduate,Semiurban,Y
2554.0,1889.0,102.0,180,,Self_Employed,No,3+,Graduate,Rural,N
26210.0,807.0,76.0,360,1.0,Salaried,Yes,1,Graduate,Rural,Y
2198.0,0.0,135.0,360,1.0,Salaried,Yes,2,Graduate,Rural,N
1861.0,0.0,13.0,300,1.0,Salaried,Yes,1,Graduate,Urban,Y
12413.0,2156.0,67.0,120,1.0,Salaried,Yes,0,Not Graduate,Semiurban,N
9259.0,0.0,89.0,360,0.0,Salaried,Yes,2,Graduate,Rural,N
8097.0,0.0,82.0,300,1.0,Salaried,Yes,0,Not Graduate,Semiurban,Y
8125.0,0.0,48.0,360,1.0,Salaried,Yes,0,Not Graduate,Semiurban,Y
4867.0,1652.0,14.0,120,1.0,Self_Employed,Yes,0,Graduate,Urban,Y
2398.0,0.0,30.0,120,1.0,Salaried,Yes,0,Graduate,Semiurban,Y
5222.0,3423.0,10.0,360,1.0,Salaried,No,0,Graduate,Semiurban,Y
2859.0,510.0,19.0,480,1.0,Self_Employed,No,1,Graduate,Semiurban,Y
10722.0,4023.0,10.0,120,1.0,Salaried,No,3+,Graduate,Rural,Y
4369.0,0.0,10.0,360,,Self_Employed,No,1,Graduate,Urban,Y
2539.0,3023.0,17.0,240,1.0,Salaried,Yes,0,Not Graduate,Semiurban,Y
3801.0,5565.0,96.0,360,1.0,Salaried,No,1,Graduate,Rural,Y
6839.0,1862.0,73.0,360,1.0,Salaried,No,2,Graduate,Semiurban,Y
3131.0,0.0,10.0,180,1.0,Salaried,Yes,0,Not Graduate,Semiurban,Y
2546.0,0.0,91.0,240,1.0,Salaried,No,0,Graduate,Urban,Y
5973.0,3964.0,10.0,120,1.0,Salaried,Yes,0,Graduate,Semiurban,Y
5979.0,0.0,10.0,120,,Salaried,Yes,0,Graduate,Rural,Y
3276.0,0.0,10.0,120,1.0,Salaried,Yes,1,Graduate,Rural,Y
3372.0,0.0,10.0,360,,Salaried,No,1,Not Graduate,Semiurban,Y
5917.0,1813.0,50.0,240,1.0,Salaried,Yes,0,Graduate,Semiurban,Y
1543.0,0.0,10.0,360,,Self_Employed,Yes,1,Graduate,Urban,N
1594.0,1416.0,28.0,360,1.0,Self_Employed,Yes,1,Graduate,Semiurban,Y
2766.0,0.0,90.0,360,1.0,Salaried,Yes,1,Graduate,Urban,N
4143.0,5393.0,10.0,360,1.0,Self_Employed,No,0,Graduate,Rural,Y
6303.0,4333.0,53.0,120,0.0,Salaried,No,0,Not Graduate,Semiurban,N
15999.0,864.0,81.0,360,1.0,Salaried,No,0,Graduate,Semiurban,Y
9761.0,0.0,10.0,180,1.0,Self_Employed,Yes,2,Not Graduate,Urban,Y
4324.0,5745.0,97.0,360,1.0,Salaried,Yes,2,Not Graduate,Semiurban,Y
4841.0,0.0,10.0,240,,Salaried,Yes,0,Graduate,Semiurban,Y
2204.0,3870.0,,360,1.0,Salaried,Yes,0,Graduate,Urban,Y
4843.0,0.0,117.0,360,1.0,Salaried,Yes,2,Not Graduate,Semiurban,N
3901.0,0.0,36.0,360,1.0,Salaried,Yes,0,Not Graduate,Semiurban,Y
6362.0,0.0,64.0,240,1.0,Self_Employed,Yes,0,Graduate,Semiurban,Y
2536.0,0.0,72.0,240,1.0,Self_Employed,Yes,0,Graduate,Urban,N
7446.0,0.0,10.0,360,1.0,Salaried,Yes,0,Graduate,Rural,Y
16751.0,2806.0,129.0,120,1.0,Salaried,Yes,0,Graduate,Urban,N
4505.0,0.0,10.0,240,,Salaried,No,0,Graduate,Semiurban,Y
6778.0,1017.0,,360,1.0,Self_Employed,Yes,1,Graduate,Semiurban,Y
8537.0,0.0,11.0,360,1.0,Salaried,No,3+,Graduate,Semiurban,Y
3565.0,0.0,10.0,300,1.0,Salaried,No,0,Graduate,Semiurban,Y
5880.0,2154.0,60.0,360,1.0,Salaried,No,0,Not Graduate,Urban,Y
4965.0,1382.0,34.0,360,1.0,Salaried,Yes,0,Graduate,Rural,Y
5314.0,0.0,10.0,180,1.0,Salaried,Yes,0,Graduate,Urban,Y
2648.0,0.0,37.0,360,1.0,Salaried,Yes,1,Graduate,Urban,Y
5012.0,0.0,10.0,360,1.0,Salaried,No,0,Not Graduate,Semiurban,Y
7320.0,0.0,10.0,480,1.0,Salaried,No,0,Graduate,Rural,Y
15692.0,0.0,51.0,120,1.0,Self_Employed,Yes,1,Graduate,Urban,Y
10587.0,0.0,37.0,360,0.0,Salaried,Yes,2,Not Graduate,Semiurban,N
27517.0,1706.0,51.0,360,1.0,Salaried,Yes,0,Not Graduate,Semiurban,Y
2660.0,6324.0,12.0,120,1.0,Salaried,Yes,0,Graduate,Urban,Y
9876.0,0.0,56.0,360,1.0,Salaried,No,0,Graduate,Semiurban,Y
5691.0,0.0,10.0,180,,Salaried,Yes,0,Graduate,Semiurban,Y
28335.0,0.0,54.0,300,1.0,Salaried,Yes,0,Graduate,Semiurban,Y
2574.0,0.0,10.0,240,1.0,Salaried,Yes,2,Graduate,Urban,Y
2510.0,1994.0,55.0,300,1.0,Salaried,Yes,0,Graduate,Rural,N
3043.0,0.0,10.0,360,0.0,Salaried,Yes,2,Graduate,Urban,N
899.0,4258.0,27.0,300,1.0,Salaried,Yes,1,Graduate,Semiurban,Y
3227.0,2615.0,64.0,360,1.0,Salaried,Yes,0,Not Graduate,Rural,Y
2678.0,0.0,10.0,240,1.0,Salaried,No,0,Graduate,Urban,Y
5543.0,2569.0,10.0,360,1.0,Salaried,Yes,1,Graduate,Urban,Y
6460.0,0.0,11.0,360,1.0,Self_Employed,Yes,0,Not Graduate,Urban,Y
22047.0,0.0,87.0,240,1.0,Salaried,No,0,Not Graduate,Rural,Y
10513.0,0.0,20.0,360,1.0,Salaried,Yes,0,Graduate,Semiurban,Y
3098.0,3147.0,96.0,360,1.0,Salaried,Yes,1,Graduate,Rural,N
2395.0,7925.0,10.0,360,1.0,Self_Employed,Yes,0,Graduate,Semiurban,Y
7285.0,4070.0,89.0,300,1.0,Salaried,Yes,0,Graduate,Rural,Y
1709.0,0.0,42.0,360,1.0,Self_Employed,Yes,3+,Graduate,Semiurban,Y
21272.0,0.0,80.0,120,1.0,Salaried,Yes,1,Graduate,Rural,Y
12626.0,0.0,10.0,300,1.0,Self_Employed,Yes,1,Graduate,Semiurban,Y
3377.0,5038.0,92.0,360,1.0,Salaried,No,1,Graduate,Urban,Y
1248.0,0.0,10.0,120,,Salaried,Yes,0,Graduate,Urban,Y
14517.0,2363.0,31.0,360,1.0,Salaried,No,3+,Graduate,Urban,Y
4484.0,3742.0,18.0,360,1.0,Salaried,No,0,Graduate,Urban,Y
13230.0,0.0,62.0,360,1.0,Salaried,No,1,Graduate,Semiurban,Y
1373.0,0.0,34.0,180,1.0,Salaried,No,0,Graduate,Urban,Y
3043.0,3354.0,65.0,480,1.0,Salaried,Yes,2,Graduate,Semiurban,Y
4935.0,657.0,,360,1.0,Salaried,Yes,1,Graduate,Urban,Y
5103.0,0.0,23.0,300,1.0,Salaried,No,1,Graduate,Semiurban,Y
3429.0,4733.0,30.0,240,,Salaried,Yes,3+,Graduate,Rural,Y
8089.0,5031.0,10.0,360,1.0,Self_Employed,Yes,3+,Graduate,Semiurban,Y
2092.0,0.0,10.0,360,0.0,Salaried,Yes,0,Graduate,Urban,N
4386.0,0.0,54.0,360,1.0,Salaried,Yes,0,Graduate,Urban,Y
5411.0,0.0,56.0,360,0.0,Salaried,Yes,1,Graduate,Rural,N
7417.0,0.0,61.0,300,1.0,Salaried,Yes,3+,Graduate,Urban,Y
8684.0,0.0,10.0,300,1.0,Salaried,No,0,Graduate,Semiurban,Y
1999.0,3286.0,57.0,240,1.0,Salaried,Yes,0,Not Graduate,Rural,Y
1440.0,0.0,10.0,360,1.0,Salaried,No,1,Not Graduate,Urban,Y
13659.0,0.0,76.0,300,1.0,Salaried,Yes,0,Graduate,Semiurban,Y
6412.0,2378.0,10.0,240,1.0,Salaried,Yes,1,Graduate,Urban,Y
2701.0,0.0,88.0,300,0.0,Self_Employed,Yes,0,Not Graduate,Urban,N
16999.0,5900.0,10.0,360,1.0,Salaried,No,1,Graduate,Urban,Y
5391.0,3860.0,111.0,360,0.0,Salaried,No,3+,Not Graduate,Semiurban,N
12625.0,1039.0,10.0,300,1.0,Self_Employed,Yes,0,Not Graduate,Rural,Y
5188.0,0.0,10.0,360,1.0,Salaried,Yes,0,Not Graduate,Semiurban,Y
25555.0,0.0,70.0,180,1.0,Salaried,No,1,Graduate,Semiurban,Y
20016.0,0.0,12.0,120,1.0,Salaried,Yes,0,Graduate,Urban,Y
4027.0,0.0,10.0,180,1.0,Self_Employed,Yes,2,Graduate,Urban,Y
10692.0,1454.0,10.0,180,1.0,Salaried,Yes,0,Graduate,Semiurban,Y
8236.0,702.0,10.0,180,1.0,Self_Employed,No,1,Graduate,Rural,Y
14690.0,7011.0,47.0,360,1.0,Salaried,Yes,3+,Graduate,Urban,Y
2271.0,2253.0,10.0,360,1.0,Salaried,Yes,0,Graduate,Semiurban,Y
8509.0,3328.0,10.0,360,1.0,Salaried,Yes,3+,Graduate,Rural,Y
11461.0,0.0,10.0,360,,Salaried,No,0,Graduate,Semiurban,Y
1204.0,0.0,10.0,360,1.0,Salaried,Yes,1,Graduate,Semiurban,Y
1907.0,0.0,69.0,240,1.0,Salaried,No,0,Graduate,Semiurban,Y
962.0,1475.0,10.0,360,1.0,Salaried,No,0,Graduate,Urban,Y
3962.0,0.0,10.0,360,,Salaried,Yes,1,Graduate,Urban,Y
8726.0,3853.0,32.0,360,1.0,Salaried,Yes,0,Not Graduate,Urban,Y
16348.0,1708.0,18.0,240,1.0,Salaried,No,0,Graduate,Urban,Y
5215.0,0.0,119.0,180,,Salaried,Yes,0,Not Graduate,Rural,N
18086.0,0.0,33.0,360,,Salaried,Yes,1,Not Graduate,Semiurban,Y
1629.0,5249.0,25.0,360,1.0,Salaried,No,0,Graduate,Rural,Y
1258.0,0.0,49.0,240,1.0,Salaried,No,0,Graduate,Urban,Y
4701.0,8604.0,77.0,360,1.0,Salaried,Yes,1,Graduate,Rural,Y
6683.0,0.0,22.0,180,1.0,Salaried,Yes,0,Not Graduate,Urban,Y
4788.0,0.0,10.0,480,1.0,Salaried,Yes,0,Graduate,Urban,Y
940.0,0.0,103.0,180,1.0,Salaried,No,1,Graduate,Semiurban,N
4577.0,4872.0,26.0,180,1.0,Salaried,No,1,Graduate,Rural,Y
1731.0,4656.0,10.0,120,1.0,Salaried,Yes,0,Not Graduate,Semiurban,Y
8398.0,0.0,10.0,360,,Salaried,No,1,Not Graduate,Semiurban,Y
6590.0,0.0,10.0,180,0.0,Salaried,No,0,Graduate,Semiurban,N
2317.0,4665.0,65.0,360,0.0,Salaried,Yes,1,Graduate,Semiurban,Y
3258.0,0.0,10.0,360,1.0,Salaried,Yes,0,Graduate,Urban,Y
2106.0,0.0,10.0,240,1.0,Salaried,Yes,0,Graduate,Semiurban,Y
4674.0,0.0,10.0,360,1.0,Salaried,No,0,Not Graduate,Semiurban,Y
10552.0,0.0,,120,1.0,Salaried,Yes,2,Graduate,Semiurban,Y
2234.0,0.0,10.0,300,1.0,Salaried,No,0,Graduate,Urban,Y
7356.0,0.0,10.0,240,1.0,Salaried,Yes,3+,Not Graduate,Semiurban,Y
3216.0,0.0,10.0,240,1.0,Salaried,Yes,3+,Graduate,Semiurban,Y
2606.0,2211.0,10.0,360,1.0,Salaried,Yes,3+,Not Graduate,Semiurban,Y
4511.0,2270.0,10.0,180,1.0,Salaried,No,0,Graduate,Semiurban,Y
2147.0,7701.0,16.0,360,1.0,Salaried,Yes,1,Graduate,Semiurban,Y
3156.0,0.0,10.0,360,1.0,Salaried,Yes,0,Graduate,Semiurban,Y
1885.0,1580.0,26.0,360,1.0,Salaried,Yes,0,Not Graduate,Urban,Y
23666.0,0.0,10.0,360,0.0,Salaried,No,0,Graduate,Rural,N
5055.0,2246.0,20.0,360,1.0,Salaried,Yes,0,Graduate,Rural,Y
2808.0,1265.0,10.0,360,1.0,Salaried,Yes,1,Not Graduate,Urban,Y
5832.0,0.0,70.0,360,1.0,Salaried,Yes,3+,Not Graduate,Rural,Y
4492.0,10035.0,111.0,300,1.0,Salaried,Yes,0,Not Graduate,Semiurban,Y
4118.0,3901.0,10.0,360,1.0,Salaried,Yes,0,Graduate,Semiurban,Y
8033.0,3215.0,90.0,360,1.0,Salaried,No,3+,Graduate,Rural,Y
9009.0,0.0,10.0,360,0.0,Salaried,Yes,0,Not Graduate,Rural,N
3215.0,0.0,10.0,240,,Salaried,No,3+,Graduate,Urban,Y
3101.0,0.0,93.0,300,0.0,Salaried,Yes,2,Graduate,Semiurban,N
3944.0,0.0,31.0,300,1.0,Salaried,Yes,0,Graduate,Rural,Y
779.0,0.0,10.0,360,1.0,Salaried,Yes,1,Graduate,Semiurban,N
1462.0,5476.0,54.0,180,,Salaried,Yes,1,Graduate,Urban,N
14669.0,3030.0,46.0,360,1.0,Salaried,No,1,Graduate,Rural,Y
18324.0,0.0,44.0,360,0.0,Salaried,No,0,Graduate,Urban,N
4027.0,1942.0,10.0,180,1.0,Salaried,Yes,1,Graduate,Semiurban,Y
7795.0,746.0,11.0,360,1.0,Salaried,Yes,0,Not Graduate,Semiurban,Y
6304.0,0.0,52.0,360,1.0,Salaried,No,1,Graduate,Semiurban,Y
57705.0,0.0,114.0,180,1.0,Salaried,Yes,1,Graduate,Urban,Y
12036.0,1667.0,65.0,360,,Salaried,Yes,0,Not Graduate,Urban,Y
4437.0,2447.0,32.0,480,1.0,Salaried,Yes,2,Graduate,Urban,Y
2288.0,0.0,10.0,480,1.0,Salaried,Yes,0,Graduate,Semiurban,Y
1359.0,0.0,10.0,360,1.0,Salaried,No,0,Not Graduate,Semiurban,Y
5784.0,0.0,10.0,360,,Self_Employed,No,0,Graduate,Rural,Y
2684.0,0.0,10.0,240,1.0,Salaried,Yes,0,Graduate,Semiurban,Y
1575.0,0.0,21.0,480,1.0,Self_Employed,No,0,Not Graduate,Urban,Y
2930.0,0.0,10.0,240,1.0,Salaried,Yes,0,Graduate,Rural,Y
2069.0,0.0,10.0,360,1.0,Salaried,No,0,Graduate,Urban,Y
18953.0,871.0,113.0,120,1.0,Self_Employed,Yes,0,Not Graduate,Semiurban,Y
9950.0,0.0,,300,1.0,Salaried,Yes,0,Graduate,Semiurban,Y
4884.0,1509.0,,180,1.0,Salaried,No,0,Not Graduate,Urban,Y
16058.0,3152.0,41.0,360,0.0,Salaried,No,1,Graduate,Urban,N
5229.0,0.0,87.0,360,1.0,Salaried,No,0,Graduate,Rural,Y
2468.0,0.0,21.0,360,1.0,Salaried,Yes,2,Graduate,Urban,Y
16622.0,0.0,55.0,240,1.0,Salaried,No,0,Graduate,Semiurban,Y
7564.0,2025.0,10.0,360,1.0,Self_Employed,Yes,1,Graduate,Rural,Y
2144.0,0.0,57.0,120,1.0,Self_Employed,No,2,Graduate,Rural,N
4221.0,0.0,130.0,300,,Salaried,No,0,Not Graduate,Urban,Y
2439.0,0.0,10.0,360,1.0,Self_Employed,Yes,0,Not Graduate,Urban,Y
1626.0,3988.0,10.0,360,0.0,Self_Employed,Yes,1,Graduate,Semiurban,N
10311.0,1924.0,48.0,240,1.0,Salaried,No,0,Graduate,Urban,Y
22641.0,0.0,118.0,360,1.0,Salaried,Yes,0,Graduate,Semiurban,Y
1605.0,5138.0,10.0,360,1.0,Salaried,Yes,2,Not Graduate,Semiurban,Y
7711.0,0.0,10.0,360,1.0,Self_Employed,Yes,1,Graduate,Semiurban,Y
2920.0,0.0,10.0,180,1.0,Self_Employed,Yes,0,Not Graduate,Semiurban,Y
3329.0,3092.0,42.0,360,1.0,Salaried,Yes,2,Not Graduate,Rural,Y
3060.0,6197.0,10.0,240,1.0,Self_Employed,Yes,1,Graduate,Urban,Y
2462.0,2589.0,37.0,120,1.0,Self_Employed,Yes,0,Graduate,Semiurban,Y
5109.0,0.0,64.0,180,1.0,Salaried,Yes,0,Graduate,Urban,Y
2528.0,2897.0,20.0,480,0.0,Self_Employed,Yes,1,Not Graduate,Urban,Y
6102.0,0.0,10.0,240,0.0,Salaried,Yes,0,Graduate,Urban,N
4721.0,0.0,48.0,360,1.0,Salaried,No,1,Not Graduate,Semiurban,Y
4060.0,0.0,10.0,240,1.0,Salaried,Yes,0,Not Graduate,Rural,Y
2378.0,1243.0,10.0,360,1.0,Self_Employed,No,0,Graduate,Rural,Y
3098.0,8132.0,10.0,360,1.0,Salaried,No,0,Graduate,Urban,Y
8994.0,0.0,10.0,180,,Salaried,Yes,3+,Graduate,Semiurban,Y
7337.0,0.0,,360,1.0,Salaried,Yes,2,Graduate,Urban,Y
2248.0,0.0,98.0,300,1.0,Salaried,No,1,Graduate,Rural,Y
5321.0,3978.0,123.0,300,1.0,Salaried,Yes,1,Graduate,Rural,Y
8965.0,8985.0,11.0,360,1.0,Salaried,Yes,0,Not Graduate,Urban,Y
1293.0,0.0,10.0,360,1.0,Salaried,Yes,1,Not Graduate,Urban,Y
7591.0,2089.0,14.0,360,1.0,Salaried,Yes,0,Graduate,Urban,Y
2893.0,0.0,64.0,360,1.0,Salaried,Yes,1,Graduate,Urban,Y
7758.0,0.0,88.0,300,,Salaried,Yes,2,Graduate,Semiurban,N
2669.0,3605.0,10.0,360,0.0,Salaried,Yes,0,Not Graduate,Urban,N
1160.0,0.0,26.0,360,,Self_Employed,No,1,Graduate,Urban,N
1337.0,0.0,10.0,120,1.0,Salaried,No,1,Graduate,Semiurban,Y
5108.0,6191.0,117.0,120,1.0,Salaried,Yes,0,Graduate,Rural,Y
6050.0,0.0,,360,0.0,Self_Employed,Yes,1,Graduate,Semiurban,N
2384.0,2198.0,10.0,360,1.0,Salaried,No,1,Not Graduate,Semiurban,Y
8192.0,1112.0,10.0,240,,Salaried,Yes,2,Graduate,Urban,Y
1301.0,3614.0,10.0,240,,Salaried,Yes,0,Not Graduate,Semiurban,Y
4662.0,0.0,38.0,360,1.0,Self_Employed,No,0,Graduate,Urban,Y
1865.0,0.0,57.0,360,1.0,Salaried,No,3+,Graduate,Rural,Y
2918.0,0.0,10.0,240,1.0,Self_Employed,Yes,1,Not Graduate,Urban,Y
5105.0,6882.0,127.0,360,1.0,Salaried,Yes,1,Not Graduate,Urban,Y
2469.0,0.0,84.0,360,0.0,Salaried,Yes,0,Graduate,Urban,N
3613.0,3598.0,10.0,300,1.0,Salaried,Yes,0,Graduate,Rural,Y
10993.0,0.0,16.0,360,1.0,Salaried,Yes,3+,Graduate,Semiurban,Y
3098.0,0.0,93.0,180,0.0,Salaried,Yes,0,Not Graduate,Rural,N
9591.0,2202.0,94.0,360,1.0,Self_Employed,Yes,3+,Not Graduate,Semiurban,Y
1991.0,3923.0,10.0,240,1.0,Salaried,Yes,0,Graduate,Rural,Y
7509.0,0.0,60.0,120,1.0,Salaried,Yes,0,Graduate,Urban,N
15572.0,1278.0,169.0,300,0.0,Salaried,No,0,Graduate,Urban,N
680.0,0.0,10.0,240,,Salaried,No,0,Graduate,Semiurban,Y
2598.0,4959.0,10.0,360,1.0,Salaried,No,2,Graduate,Semiurban,Y
7798.0,3122.0,30.0,360,1.0,Self_Employed,Yes,3+,Not Graduate,Semiurban,Y
4178.0,0.0,24.0,180,1.0,Salaried,Yes,0,Not Graduate,Semiurban,Y
6614.0,0.0,10.0,120,0.0,Self_Employed,No,0,Graduate,Semiurban,N
3031.0,0.0,32.0,360,1.0,Salaried,Yes,1,Graduate,Rural,Y
5267.0,3371.0,10.0,120,1.0,Salaried,Yes,1,Graduate,Rural,Y
4339.0,1455.0,10.0,300,1.0,Salaried,Yes,0,Graduate,Urban,Y
12509.0,10869.0,104.0,360,1.0,Self_Employed,Yes,0,Not Graduate,Semiurban,Y
6024.0,0.0,10.0,360,1.0,Salaried,No,0,Graduate,Semiurban,Y
6439.0,0.0,64.0,360,1.0,Self_Employed,Yes,1,Graduate,Semiurban,Y
3535.0,0.0,10.0,360,1.0,Self_Employed,Yes,0,Graduate,Urban,Y
3327.0,0.0,10.0,240,1.0,Salaried,Yes,1,Graduate,Semiurban,Y
3477.0,5326.0,10.0,360,,Salaried,No,0,Graduate,Rural,Y
6738.0,0.0,34.0,240,1.0,Salaried,Yes,2,Not Graduate,Urban,Y
3509.0,0.0,73.0,240,1.0,Salaried,No,0,Not Graduate,Rural,Y
6197.0,0.0,11.0,360,0.0,Self_Employed,Yes,0,Graduate,Urban,N
25857.0,2503.0,67.0,360,,Self_Employed,No,1,Graduate,Semiurban,Y
9866.0,3447.0,52.0,180,1.0,Self_Employed,Yes,1,Graduate,Semiurban,Y
3786.0,0.0,10.0,180,1.0,Salaried,Yes,0,Graduate,Urban,Y
12848.0,10867.0,39.0,360,1.0,Salaried,No,3+,Graduate,Rural,Y
3546.0,6859.0,10.0,360,1.0,Salaried,No,1,Not Graduate,Rural,Y
962.0,2590.0,13.0,360,,Salaried,No,0,Graduate,Semiurban,Y
2194.0,0.0,10.0,360,1.0,Salaried,Yes,1,Graduate,Semiurban,Y
1100.0,6129.0,10.0,360,1.0,Salaried,Yes,1,Not Graduate,Semiurban,Y
3710.0,11941.0,28.0,360,1.0,Salaried,Yes,2,Not Graduate,Urban,Y
4988.0,5812.0,27.0,360,,Salaried,Yes,3+,Graduate,Urban,Y
18791.0,0.0,109.0,300,1.0,Salaried,Yes,1,Graduate,Rural,Y
6384.0,0.0,10.0,240,0.0,Salaried,Yes,0,Graduate,Semiurban,Y
4125.0,0.0,10.0,360,0.0,Salaried,No,2,Not Graduate,Urban,N
9543.0,0.0,10.0,240,1.0,Salaried,Yes,1,Graduate,Rural,Y
838.0,0.0,45.0,300,1.0,Salaried,Yes,1,Graduate,Urban,Y
5934.0,3371.0,51.0,360,1.0,Self_Employed,Yes,0,Graduate,Urban,Y
9106.0,2680.0,39.0,240,1.0,Salaried,Yes,3+,Graduate,Rural,Y
1506.0,5253.0,10.0,360,1.0,Self_Employed,No,0,Graduate,Semiurban,Y
12271.0,7063.0,86.0,180,1.0,Salaried,Yes,1,Not Graduate,Semiurban,Y
6443.0,1025.0,10.0,360,1.0,Salaried,No,0,Graduate,Urban,Y
3525.0,0.0,10.0,360,1.0,Salaried,No,2,Graduate,Rural,Y
8154.0,0.0,10.0,360,0.0,Salaried,No,0,Graduate,Urban,N
30229.0,0.0,52.0,300,,Salaried,No,2,Not Graduate,Urban,Y
5684.0,0.0,50.0,360,0.0,Salaried,Yes,0,Graduate,Urban,N
5994.0,6081.0,10.0,360,0.0,Salaried,Yes,1,Graduate,Semiurban,Y
3403.0,1209.0,75.0,480,1.0,Self_Employed,Yes,0,Graduate,Rural,Y
2490.0,0.0,11.0,360,1.0,Self_Employed,Yes,1,Not Graduate,Urban,Y
9550.0,0.0,10.0,360,1.0,Self_Employed,No,0,Graduate,Urban,Y
2478.0,1995.0,20.0,120,1.0,Self_Employed,No,0,Graduate,Semiurban,Y
5204.0,0.0,67.0,360,1.0,Salaried,Yes,0,Graduate,Rural,Y
3354.0,0.0,40.0,480,1.0,Salaried,Yes,3+,Graduate,Urban,Y
7210.0,0.0,74.0,360,1.0,Salaried,Yes,2,Graduate,Semiurban,Y
6418.0,0.0,10.0,360,0.0,Self_Employed,Yes,0,Graduate,Semiurban,N
11271.0,4769.0,10.0,360,1.0,Salaried,Yes,3+,Not Graduate,Rural,Y
3268.0,5025.0,10.0,240,1.0,Salaried,No,2,Graduate,Semiurban,Y
3960.0,0.0,91.0,360,1.0,Salaried,No,0,Not Graduate,Urban,N
2246.0,708.0,38.0,360,1.0,Salaried,Yes,1,Graduate,Semiurban,Y
3445.0,0.0,151.0,360,1.0,Salaried,Yes,0,Graduate,Urban,Y
6646.0,0.0,10.0,360,1.0,Salaried,Yes,0,Not Graduate,Semiurban,Y
9006.0,4399.0,10.0,360,1.0,Salaried,Yes,2,Graduate,Urban,Y
2350.0,0.0,10.0,360,1.0,Salaried,No,0,Not Graduate,Urban,Y
9855.0,0.0,82.0,240,0.0,Salaried,Yes,0,Not Graduate,Urban,N
14538.0,12160.0,31.0,360,1.0,Self_Employed,Yes,1,Not Graduate,Rural,Y
6841.0,0.0,14.0,480,,Salaried,No,3+,Graduate,Semiurban,Y
22058.0,0.0,67.0,360,1.0,Salaried,Yes,0,Graduate,Urban,Y
2646.0,0.0,11.0,360,1.0,Self_Employed,Yes,0,Graduate,Urban,Y
1816.0,2357.0,10.0,360,1.0,Salaried,No,1,Not Graduate,Urban,Y
1184.0,0.0,10.0,360,0.0,Salaried,No,2,Graduate,Urban,N
16266.0,0.0,27.0,300,1.0,Salaried,Yes,3+,Graduate,Semiurban,Y
8296.0,4446.0,40.0,300,,Salaried,Yes,0,Not Graduate,Rural,Y
4701.0,7891.0,77.0,360,,Self_Employed,Yes,1,Graduate,Rural,Y
6149.0,0.0,95.0,360,1.0,Salaried,Yes,0,Graduate,Rural,Y
1997.0,3205.0,10.0,360,,Salaried,Yes,2,Graduate,Semiurban,N
34773.0,0.0,87.0,360,1.0,Salaried,No,0,Graduate,Rural,Y
5450.0,0.0,10.0,300,1.0,Salaried,No,2,Graduate,Semiurban,Y
5364.0,0.0,27.0,360,1.0,Salaried,Yes,0,Graduate,Semiurban,Y
8783.0,2284.0,10.0,360,1.0,Self_Employed,Yes,2,Graduate,Rural,Y
7221.0,0.0,26.0,300,1.0,Self_Employed,Yes,0,Not Graduate,Rural,Y
5879.0,2013.0,72.0,360,1.0,Self_Employed,Yes,1,Not Graduate,Rural,Y
2611.0,0.0,10.0,360,0.0,Salaried,No,1,Not Graduate,Urban,N
7167.0,0.0,44.0,300,1.0,Salaried,Yes,0,Graduate,Urban,Y
22151.0,0.0,10.0,240,,Salaried,Yes,0,Not Graduate,Rural,Y
14419.0,0.0,72.0,300,0.0,Salaried,No,0,Graduate,Semiurban,N
17581.0,0.0,10.0,240,1.0,Salaried,Yes,0,Not Graduate,Rural,Y
3265.0,5050.0,84.0,360,1.0,Self_Employed,Yes,0,Not Graduate,Semiurban,Y
2227.0,0.0,,180,1.0,Self_Employed,Yes,0,Not Graduate,Rural,N
4444.0,0.0,35.0,360,1.0,Salaried,Yes,1,Graduate,Urban,Y
5139.0,8321.0,59.0,240,,Salaried,Yes,2,Not Graduate,Semiurban,Y
11794.0,1112.0,10.0,360,0.0,Salaried,No,0,Graduate,Rural,Y
1269.0,0.0,10.0,180,0.0,Salaried,Yes,0,Graduate,Semiurban,N
16708.0,3599.0,91.0,480,1.0,Salaried,No,2,Graduate,Semiurban,Y
4331.0,0.0,10.0,360,1.0,Salaried,Yes,0,Graduate,Rural,Y
3493.0,0.0,82.0,360,1.0,Salaried,No,0,Not Graduate,Urban,N
2187.0,3965.0,10.0,360,1.0,Salaried,No,0,Not Graduate,Urban,Y
1308.0,0.0,27.0,360,1.0,Salaried,Yes,0,Graduate,Semiurban,Y
9495.0,705.0,124.0,360,1.0,Salaried,Yes,0,Graduate,Urban,N
5212.0,0.0,10.0,180,0.0,Salaried,Yes,2,Graduate,Urban,Y
1751.0,0.0,10.0,360,1.0,Salaried,No,0,Not Graduate,Rural,Y
1744.0,0.0,55.0,240,1.0,Salaried,Yes,3+,Graduate,Semiurban,Y
3757.0,0.0,60.0,360,1.0,Salaried,Yes,2,Graduate,Rural,N
18680.0,0.0,39.0,480,1.0,Salaried,No,1,Not Graduate,Urban,Y
3993.0,0.0,,360,1.0,Salaried,Yes,0,Graduate,Semiurban,Y
1477.0,2173.0,,180,1.0,Salaried,Yes,0,Graduate,Urban,Y
4038.0,1509.0,88.0,300,1.0,Salaried,Yes,0,Graduate,Urban,N
3951.0,0.0,10.0,300,1.0,Salaried,Yes,0,Graduate,Rural,Y
568.0,0.0,10.0,180,0.0,Salaried,No,3+,Graduate,Urban,N
4706.0,0.0,10.0,180,1.0,Self_Employed,No,0,Graduate,Urban,Y
4086.0,0.0,47.0,300,0.0,Salaried,No,1,Graduate,Rural,N
8578.0,7245.0,33.0,480,1.0,Salaried,Yes,1,Graduate,Rural,Y
21572.0,0.0,10.0,360,1.0,Salaried,Yes,2,Graduate,Rural,Y
12104.0,0.0,10.0,360,0.0,Salaried,No,0,Graduate,Urban,Y
3964.0,5432.0,10.0,360,1.0,Salaried,Yes,1,Graduate,Urban,Y
2028.0,8667.0,10.0,360,0.0,Salaried,Yes,3+,Graduate,Semiurban,Y
38511.0,0.0,,480,1.0,Salaried,Yes,0,Graduate,Semiurban,Y
5153.0,4040.0,91.0,360,1.0,Salaried,Yes,0,Graduate,Urban,Y
4970.0,1098.0,52.0,180,1.0,Self_Employed,No,0,Not Graduate,Urban,Y
4821.0,4228.0,48.0,360,1.0,Salaried,Yes,0,Graduate,Semiurban,Y
5759.0,0.0,,480,,Salaried,No,0,Graduate,Semiurban,Y
4379.0,0.0,48.0,300,1.0,Self_Employed,No,0,Graduate,Urban,N
3106.0,0.0,20.0,360,1.0,Salaried,Yes,0,Graduate,Rural,Y
3173.0,0.0,101.0,180,1.0,Self_Employed,No,2,Graduate,Urban,Y
4788.0,2175.0,15.0,180,1.0,Salaried,Yes,0,Graduate,Rural,Y
3182.0,0.0,72.0,360,1.0,Salaried,Yes,2,Graduate,Rural,Y
2779.0,6068.0,61.0,300,1.0,Salaried,No,0,Graduate,Semiurban,Y
5352.0,1313.0,52.0,300,1.0,Salaried,Yes,1,Graduate,Semiurban,Y
4008.0,0.0,10.0,300,1.0,Salaried,Yes,0,Graduate,Urban,Y
16370.0,0.0,82.0,480,1.0,Salaried,Yes,1,Graduate,Rural,Y
589.0,3842.0,10.0,180,1.0,Salaried,Yes,0,Graduate,Urban,Y
11769.0,2086.0,18.0,360,1.0,Salaried,Yes,0,Not Graduate,Semiurban,Y
13318.0,0.0,10.0,300,1.0,Salaried,Yes,3+,Graduate,Semiurban,Y
936.0,5565.0,20.0,360,1.0,Salaried,Yes,2,Not Graduate,Urban,Y
3736.0,1263.0,16.0,480,1.0,Salaried,No,0,Not Graduate,Rural,Y
3651.0,1852.0,10.0,300,0.0,Salaried,Yes,3+,Graduate,Rural,N
1594.0,3393.0,10.0,180,0.0,Salaried,Yes,0,Graduate,Urban,N
2638.0,0.0,,180,0.0,Salaried,Yes,0,Not Graduate,Semiurban,N
2021.0,1629.0,,360,1.0,Salaried,No,2,Graduate,Semiurban,Y
19967.0,12433.0,114.0,180,0.0,Salaried,Yes,0,Graduate,Rural,N
10389.0,0.0,88.0,240,1.0,Salaried,No,0,Graduate,Urban,Y
13592.0,0.0,41.0,240,1.0,Salaried,No,0,Graduate,Rural,Y
8755.0,2419.0,10.0,300,,Salaried,Yes,0,Graduate,Urban,Y
1992.0,1836.0,10.0,180,1.0,Self_Employed,Yes,0,Not Graduate,Urban,Y
3230.0,2842.0,10.0,360,1.0,Salaried,Yes,0,Graduate,Semiurban,Y
7270.0,0.0,109.0,360,1.0,Salaried,No,3+,Not Graduate,Urban,Y
1849.0,0.0,59.0,360,1.0,Salaried,Yes,0,Graduate,Rural,Y
8694.0,0.0,10.0,360,1.0,Salaried,Yes,0,Graduate,Urban,Y
4055.0,0.0,12.0,360,0.0,Salaried,No,2,Graduate,Rural,N
3641.0,0.0,10.0,360,1.0,Salaried,No,0,Graduate,Rural,Y
8680.0,0.0,10.0,360,1.0,Salaried,No,0,Not Graduate,Rural,Y
7012.0,0.0,10.0,360,1.0,Salaried,No,3+,Graduate,Semiurban,Y
3682.0,3587.0,32.0,360,1.0,Salaried,Yes,3+,Graduate,Semiurban,Y
12425.0,0.0,,360,1.0,Self_Employed,Yes,0,Not Graduate,Semiurban,Y
2070.0,2561.0,36.0,300,0.0,Salaried,Yes,2,Graduate,Rural,N
8045.0,2429.0,13.0,300,1.0,Salaried,Yes,2,Graduate,Urban,Y
7899.0,0.0,10.0,240,,Salaried,No,1,Graduate,Semiurban,Y
3837.0,2921.0,68.0,360,1.0,Salaried,Yes,0,Graduate,Rural,Y
6380.0,0.0,,300,1.0,Salaried,No,0,Graduate,Semiurban,Y
1806.0,0.0,10.0,360,0.0,Salaried,No,0,Graduate,Semiurban,N
10293.0,0.0,25.0,360,,Salaried,Yes,1,Graduate,Semiurban,Y
4239.0,0.0,32.0,360,1.0,Salaried,Yes,2,Graduate,Rural,Y
3235.0,3412.0,10.0,180,1.0,Salaried,Yes,1,Graduate,Urban,Y
11375.0,0.0,81.0,360,0.0,Salaried,Yes,0,Graduate,Rural,Y
2798.0,0.0,10.0,360,1.0,Salaried,No,0,Graduate,Urban,Y
1593.0,0.0,10.0,300,1.0,Salaried,Yes,0,Graduate,Rural,Y
1415.0,0.0,34.0,360,1.0,Salaried,Yes,1,Graduate,Urban,Y
7981.0,821.0,10.0,360,1.0,Salaried,Yes,0,Not Graduate,Urban,Y
1765.0,0.0,10.0,240,1.0,Self_Employed,Yes,1,Not Graduate,Rural,Y
20007.0,3277.0,39.0,360,,Self_Employed,Yes,1,Graduate,Semiurban,Y
929.0,0.0,10.0,360,1.0,Salaried,No,0,Graduate,Semiurban,Y
19095.0,3630.0,10.0,360,1.0,Salaried,No,0,Graduate,Semiurban,Y
5819.0,0.0,49.0,360,0.0,Salaried,No,0,Graduate,Semiurban,Y
4549.0,3494.0,13.0,360,,Salaried,Yes,3+,Graduate,Urban,N
3178.0,1970.0,76.0,360,1.0,Salaried,Yes,0,Graduate,Urban,N
6764.0,0.0,10.0,480,1.0,Salaried,No,0,Graduate,Semiurban,Y
4769.0,0.0,10.0,240,1.0,Salaried,No,1,Graduate,Urban,Y
11880.0,0.0,54.0,240,1.0,Salaried,Yes,0,Graduate,Semiurban,Y
5385.0,0.0,10.0,240,1.0,Salaried,No,0,Not Graduate,Rural,Y
5543.0,0.0,,360,1.0,Self_Employed,No,1,Graduate,Semiurban,N
3674.0,0.0,31.0,240,0.0,Salaried,Yes,1,Graduate,Semiurban,N
4696.0,3912.0,10.0,360,0.0,Self_Employed,Yes,0,Graduate,Semiurban,N
6287.0,0.0,10.0,360,1.0,Salaried,Yes,0,Graduate,Urban,Y
1251.0,972.0,25.0,360,1.0,Salaried,No,1,Graduate,Rural,Y
1671.0,0.0,10.0,240,0.0,Salaried,Yes,1,Graduate,Semiurban,N
8907.0,0.0,10.0,300,1.0,Salaried,Yes,0,Graduate,Urban,Y
5635.0,0.0,31.0,180,1.0,Salaried,No,1,Graduate,Urban,Y
4242.0,0.0,115.0,240,1.0,Salaried,Yes,3+,Graduate,Semiurban,Y
4988.0,0.0,10.0,360,0.0,Salaried,Yes,0,Graduate,Semiurban,Y
6490.0,0.0,94.0,360,1.0,Salaried,Yes,0,Graduate,Urban,Y
3191.0,2257.0,10.0,300,1.0,Salaried,No,1,Not Graduate,Semiurban,Y
2637.0,0.0,17.0,360,1.0,Salaried,No,0,Graduate,Semiurban,Y
5748.0,5952.0,52.0,360,1.0,Salaried,No,2,Graduate,Urban,Y
2247.0,0.0,10.0,120,1.0,Self_Employed,Yes,2,Not Graduate,Semiurban,N
6813.0,1727.0,13.0,360,,Salaried,Yes,2,Graduate,Urban,Y
1259.0,5969.0,59.0,180,1.0,Self_Employed,No,0,Graduate,Urban,N
11196.0,798.0,117.0,360,1.0,Salaried,Yes,2,Graduate,Semiurban,Y
7173.0,0.0,33.0,360,1.0,Self_Employed,Yes,0,Not Graduate,Semiurban,Y
6032.0,0.0,10.0,300,1.0,Salaried,Yes,0,Graduate,Urban,Y
10788.0,3660.0,40.0,360,1.0,Self_Employed,Yes,0,Graduate,Rural,Y
18627.0,0.0,189.0,180,1.0,Salaried,Yes,3+,Graduate,Semiurban,Y
11064.0,2413.0,53.0,360,1.0,Self_Employed,Yes,0,Graduate,Semiurban,Y
1127.0,0.0,10.0,360,1.0,Salaried,No,2,Graduate,Rural,Y
1766.0,0.0,10.0,360,1.0,Salaried,Yes,0,Graduate,Rural,Y
2981.0,0.0,10.0,240,,Salaried,No,2,Not Graduate,Semiurban,Y
5018.0,0.0,34.0,240,1.0,Salaried,Yes,0,Not Graduate,Semiurban,Y
7436.0,3251.0,62.0,360,1.0,Salaried,Yes,0,Not Graduate,Urban,Y
2750.0,0.0,10.0,480,1.0,Salaried,Yes,3+,Graduate,Rural,Y
5707.0,0.0,13.0,360,1.0,Salaried,No,0,Graduate,Rural,Y
2686.0,0.0,10.0,300,0.0,Self_Employed,No,0,Graduate,Semiurban,N
3013.0,0.0,14.0,360,1.0,Salaried,Yes,2,Graduate,Urban,Y
1595.0,4075.0,39.0,360,1.0,Self_Employed,Yes,2,Graduate,Semiurban,Y
2348.0,0.0,10.0,240,1.0,Salaried,Yes,0,Not Graduate,Urban,Y
1667.0,0.0,88.0,360,,Self_Employed,No,1,Not Graduate,Urban,N
2251.0,4358.0,10.0,240,1.0,Self_Employed,No,1,Graduate,Rural,Y
11418.0,1692.0,40.0,300,1.0,Salaried,No,0,Not Graduate,Rural,Y
2300.0,8871.0,64.0,240,1.0,Salaried,Yes,0,Graduate,Urban,Y
40373.0,0.0,50.0,360,1.0,Salaried,Yes,0,Graduate,Urban,Y
7293.0,0.0,15.0,360,1.0,Salaried,No,0,Graduate,Urban,Y
5698.0,1404.0,10.0,360,1.0,Salaried,No,0,Not Graduate,Rural,Y
2473.0,1432.0,72.0,180,,Self_Employed,Yes,0,Graduate,Semiurban,N
8606.0,0.0,17.0,240,1.0,Self_Employed,Yes,0,Graduate,Semiurban,Y
3101.0,0.0,36.0,360,1.0,Salaried,No,0,Graduate,Semiurban,Y
5419.0,2364.0,42.0,360,1.0,Salaried,Yes,0,Not Graduate,Semiurban,Y
38104.0,4098.0,50.0,360,1.0,Salaried,Yes,0,Not Graduate,Urban,Y
4551.0,0.0,10.0,180,1.0,Salaried,Yes,2,Graduate,Urban,Y
12325.0,3573.0,101.0,360,1.0,Salaried,Yes,2,Graduate,Rural,Y
2800.0,1414.0,10.0,360,1.0,Self_Employed,Yes,0,Graduate,Semiurban,Y
4779.0,0.0,116.0,360,1.0,Salaried,No,0,Graduate,Urban,Y
20265.0,0.0,10.0,360,1.0,Salaried,Yes,1,Graduate,Semiurban,Y
2976.0,2375.0,10.0,360,1.0,Salaried,Yes,3+,Graduate,Urban,Y
20951.0,3521.0,46.0,360,1.0,Salaried,No,0,Graduate,Semiurban,Y
8658.0,3204.0,144.0,360,1.0,Salaried,No,0,Not Graduate,Urban,N
3134.0,3031.0,10.0,360,1.0,Salaried,No,0,Not Graduate,Rural,Y
8151.0,0.0,10.0,240,,Salaried,No,1,Graduate,Urban,Y
10700.0,0.0,46.0,360,1.0,Salaried,No,3+,Graduate,Semiurban,Y
8082.0,0.0,14.0,360,1.0,Self_Employed,No,2,Graduate,Rural,Y
1399.0,0.0,22.0,240,1.0,Self_Employed,No,1,Graduate,Semiurban,N
2747.0,0.0,10.0,360,1.0,Salaried,No,1,Graduate,Semiurban,Y
4032.0,3910.0,10.0,360,0.0,Salaried,No,0,Not Graduate,Urban,N
4631.0,0.0,10.0,360,1.0,Salaried,No,1,Graduate,Rural,Y
8075.0,0.0,10.0,360,1.0,Self_Employed,No,0,Graduate,Urban,Y
5666.0,0.0,16.0,360,1.0,Salaried,No,0,Graduate,Semiurban,Y
1689.0,1247.0,10.0,360,1.0,Self_Employed,No,0,Not Graduate,Rural,Y
6662.0,0.0,10.0,360,1.0,Salaried,Yes,1,Graduate,Urban,Y
8010.0,0.0,37.0,360,1.0,Salaried,No,2,Graduate,Urban,Y
7691.0,0.0,10.0,360,1.0,Self_Employed,Yes,1,Graduate,Urban,Y
11668.0,2106.0,20.0,360,,Salaried,Yes,0,Graduate,Urban,Y
9577.0,0.0,129.0,480,1.0,Self_Employed,No,0,Not Graduate,Semiurban,N
7096.0,0.0,10.0,180,1.0,Salaried,Yes,0,Graduate,Semiurban,Y
4646.0,0.0,76.0,360,1.0,Salaried,Yes,0,Graduate,Semiurban,Y
1301.0,0.0,10.0,180,1.0,Salaried,Yes,0,Graduate,Rural,N
6931.0,1073.0,10.0,360,1.0,Salaried,Yes,0,Graduate,Semiurban,Y
5803.0,3400.0,10.0,360,1.0,Salaried,Yes,1,Not Graduate,Semiurban,Y
6107.0,4450.0,,360,1.0,Salaried,Yes,1,Not Graduate,Urban,Y
1770.0,0.0,75.0,360,1.0,Salaried,No,0,Graduate,Urban,Y
2070.0,2745.0,10.0,180,1.0,Salaried,Yes,1,Graduate,Urban,Y
11413.0,0.0,14.0,180,1.0,Self_Employed,Yes,0,Graduate,Semiurban,Y
4762.0,0.0,61.0,360,1.0,Salaried,No,0,Not Graduate,Rural,Y
8478.0,6678.0,64.0,360,1.0,Salaried,Yes,2,Graduate,Rural,Y
5027.0,0.0,10.0,240,1.0,Self_Employed,No,1,Graduate,Urban,Y
5033.0,0.0,15.0,180,1.0,Salaried,Yes,0,Graduate,Urban,Y
10411.0,0.0,110.0,360,1.0,Salaried,Yes,2,Graduate,Urban,Y
3252.0,0.0,10.0,120,1.0,Self_Employed,Yes,1,Not Graduate,Urban,Y
5308.0,0.0,10.0,360,1.0,Salaried,No,0,Graduate,Urban,Y
3395.0,6202.0,35.0,360,1.0,Salaried,Yes,1,Graduate,Urban,Y
3472.0,0.0,10.0,360,1.0,Salaried,Yes,0,Not Graduate,Urban,Y
3838.0,2107.0,10.0,120,1.0,Salaried,Yes,1,Graduate,Urban,Y
5871.0,0.0,10.0,120,1.0,Self_Employed,Yes,1,Graduate,Urban,Y
3351.0,2027.0,67.0,360,1.0,Salaried,Yes,3+,Graduate,Semiurban,Y
13421.0,0.0,10.0,480,1.0,Salaried,Yes,0,Graduate,Semiurban,Y
2403.0,0.0,,300,1.0,Salaried,Yes,0,Graduate,Rural,Y
4232.0,0.0,10.0,300,1.0,Salaried,Yes,3+,Graduate,Semiurban,Y
3457.0,3743.0,10.0,180,0.0,Salaried,No,0,Graduate,Semiurban,N
15640.0,0.0,28.0,360,1.0,Salaried,Yes,2,Graduate,Urban,Y
5752.0,0.0,10.0,360,1.0,Self_Employed,No,0,Graduate,Urban,Y
11220.0,0.0,,180,1.0,Self_Employed,Yes,0,Graduate,Semiurban,Y
1497.0,3117.0,10.0,360,1.0,Salaried,Yes,0,Graduate,Urban,Y
6085.0,0.0,42.0,360,1.0,Salaried,Yes,2,Graduate,Rural,Y
10014.0,0.0,16.0,360,1.0,Salaried,No,0,Graduate,Semiurban,Y
5249.0,191.0,10.0,360,1.0,Salaried,Yes,0,Not Graduate,Semiurban,Y
11526.0,0.0,127.0,360,0.0,Self_Employed,Yes,0,Graduate,Semiurban,N
3249.0,0.0,,360,1.0,Salaried,No,0,Graduate,Semiurban,Y
15176.0,0.0,92.0,360,1.0,Salaried,No,0,Graduate,Semiurban,Y
30919.0,2413.0,107.0,360,,Salaried,Yes,0,Graduate,Semiurban,Y
3677.0,0.0,16.0,360,1.0,Self_Employed,Yes,0,Not Graduate,Semiurban,Y
3441.0,0.0,10.0,300,1.0,Salaried,Yes,0,Graduate,Urban,Y
15720.0,0.0,60.0,240,1.0,Salaried,Yes,1,Graduate,Urban,Y
17390.0,0.0,41.0,360,0.0,Salaried,Yes,0,Graduate,Semiurban,N
3235.0,0.0,17.0,240,1.0,Salaried,No,0,Not Graduate,Urban,Y
3512.0,0.0,18.0,360,1.0,Salaried,Yes,0,Graduate,Rural,Y
3923.0,6311.0,20.0,120,1.0,Salaried,Yes,0,Graduate,Urban,Y
1676.0,0.0,151.0,360,1.0,Salaried,Yes,2,Not Graduate,Urban,Y
2357.0,0.0,10.0,360,1.0,Salaried,Yes,3+,Graduate,Semiurban,Y
2201.0,1009.0,10.0,360,1.0,Self_Employed,Yes,0,Not Graduate,Rural,Y
2659.0,3438.0,49.0,300,1.0,Salaried,Yes,1,Graduate,Semiurban,Y
4780.0,0.0,10.0,480,1.0,Salaried,Yes,1,Graduate,Urban,Y
5928.0,0.0,10.0,240,0.0,Salaried,No,2,Graduate,Semiurban,Y
16990.0,997.0,10.0,240,1.0,Salaried,Yes,2,Graduate,Semiurban,Y
2211.0,0.0,29.0,180,1.0,Self_Employed,Yes,0,Graduate,Rural,N
10802.0,5302.0,78.0,360,1.0,Self_Employed,Yes,3+,Graduate,Rural,Y
4141.0,0.0,10.0,360,1.0,Salaried,No,3+,Graduate,Semiurban,Y
4724.0,0.0,50.0,360,1.0,Self_Employed,No,0,Graduate,Urban,Y
8433.0,0.0,10.0,360,1.0,Salaried,Yes,0,Graduate,Urban,Y
2002.0,1971.0,10.0,360,,Salaried,No,1,Graduate,Rural,Y
6674.0,0.0,10.0,360,,Salaried,Yes,0,Graduate,Urban,Y
5615.0,2875.0,10.0,360,1.0,Salaried,Yes,1,Graduate,Urban,Y
7288.0,0.0,10.0,360,1.0,Salaried,No,0,Graduate,Semiurban,Y
6194.0,0.0,10.0,360,1.0,Self_Employed,Yes,0,Graduate,Semiurban,Y
35040.0,0.0,99.0,240,1.0,Salaried,Yes,2,Not Graduate,Semiurban,Y
2951.0,5731.0,83.0,180,1.0,Self_Employed,Yes,3+,Graduate,Urban,Y
3214.0,0.0,10.0,180,1.0,Salaried,Yes,0,Graduate,Urban,Y
2985.0,0.0,42.0,300,1.0,Self_Employed,No,2,Not Graduate,Semiurban,N
3151.0,1464.0,47.0,360,1.0,Salaried,Yes,0,Graduate,Urban,Y
2952.0,0.0,66.0,360,,Salaried,Yes,1,Graduate,Semiurban,Y
12724.0,0.0,10.0,480,0.0,Self_Employed,Yes,0,Graduate,Semiurban,N
15312.0,0.0,10.0,300,1.0,Self_Employed,Yes,1,Not Graduate,Rural,Y
3113.0,0.0,12.0,360,1.0,Salaried,Yes,0,Not Graduate,Rural,Y
2525.0,0.0,10.0,360,,Salaried,Yes,2,Not Graduate,Rural,Y
7166.0,2583.0,10.0,240,0.0,Salaried,Yes,1,Graduate,Semiurban,Y
3160.0,0.0,10.0,360,1.0,Self_Employed,No,0,Graduate,Rural,Y
8155.0,0.0,,480,0.0,Salaried,Yes,1,Graduate,Semiurban,N
5781.0,3904.0,34.0,180,1.0,Salaried,Yes,3+,Graduate,Rural,Y
1462.0,0.0,38.0,360,1.0,Salaried,No,0,Graduate,Urban,Y
16950.0,0.0,10.0,180,1.0,Salaried,No,0,Graduate,Urban,Y
20675.0,0.0,87.0,300,1.0,Salaried,No,2,Graduate,Semiurban,Y
3010.0,3229.0,12.0,360,1.0,Salaried,Yes,1,Not Graduate,Rural,Y
3604.0,2985.0,65.0,360,,Salaried,Yes,3+,Graduate,Semiurban,Y
6178.0,0.0,10.0,360,1.0,Self_Employed,Yes,0,Not Graduate,Rural,Y
6423.0,6476.0,40.0,360,1.0,Salaried,Yes,2,Graduate,Urban,Y
8323.0,0.0,10.0,360,,Salaried,No,2,Graduate,Urban,Y
24543.0,3930.0,64.0,300,1.0,Salaried,Yes,2,Not Graduate,Rural,Y
4266.0,1695.0,10.0,360,1.0,Self_Employed,No,1,Graduate,Semiurban,Y
2595.0,0.0,10.0,360,1.0,Salaried,Yes,0,Not Graduate,Semiurban,Y
1630.0,2635.0,48.0,360,1.0,Salaried,Yes,0,Graduate,Rural,Y
2739.0,0.0,10.0,360,1.0,Self_Employed,Yes,0,Not Graduate,Rural,Y
4786.0,0.0,10.0,360,1.0,Salaried,Yes,0,Graduate,Urban,Y
20654.0,1958.0,76.0,240,1.0,Salaried,No,1,Graduate,Rural,Y
3248.0,4297.0,10.0,360,0.0,Salaried,Yes,1,Not Graduate,Urban,N
5878.0,0.0,60.0,360,1.0,Salaried,Yes,0,Graduate,Semiurban,Y
4851.0,1461.0,10.0,360,1.0,Salaried,No,1,Graduate,Urban,Y
12717.0,0.0,10.0,360,1.0,Salaried,No,0,Graduate,Urban,Y
37106.0,0.0,10.0,120,1.0,Salaried,No,0,Not Graduate,Semiurban,Y
3214.0,0.0,77.0,240,,Salaried,Yes,0,Graduate,Urban,N
3322.0,0.0,10.0,300,0.0,Salaried,No,2,Graduate,Urban,Y
11331.0,0.0,65.0,360,0.0,Self_Employed,No,2,Not Graduate,Semiurban,N
8480.0,0.0,10.0,360,1.0,Salaried,Yes,0,Not Graduate,Semiurban,Y
21534.0,6755.0,160.0,180,1.0,Self_Employed,Yes,2,Graduate,Urban,Y
7841.0,1482.0,138.0,360,0.0,Salaried,No,0,Not Graduate,Urban,N
3687.0,1267.0,10.0,240,1.0,Salaried,No,3+,Graduate,Urban,Y
7883.0,0.0,10.0,360,1.0,Salaried,No,3+,Graduate,Urban,Y
11932.0,0.0,62.0,240,1.0,Salaried,Yes,1,Graduate,Semiurban,Y
9475.0,0.0,38.0,360,1.0,Salaried,Yes,0,Graduate,Urban,Y
7375.0,1241.0,66.0,360,0.0,Salaried,Yes,0,Not Graduate,Rural,Y
11537.0,0.0,10.0,300,1.0,Salaried,Yes,0,Graduate,Urban,Y
12524.0,0.0,136.0,360,1.0,Salaried,No,1,Graduate,Urban,Y
14850.0,3597.0,54.0,240,1.0,Salaried,Yes,0,Graduate,Semiurban,Y
8258.0,0.0,10.0,300,1.0,Salaried,Yes,0,Graduate,Urban,Y
4300.0,1669.0,10.0,300,0.0,Salaried,Yes,0,Graduate,Urban,N
5527.0,0.0,10.0,240,1.0,Self_Employed,Yes,0,Not Graduate,Rural,Y
12903.0,1906.0,99.0,360,1.0,Salaried,Yes,0,Graduate,Semiurban,Y
2557.0,0.0,10.0,360,1.0,Self_Employed,Yes,0,Not Graduate,Urban,Y
6601.0,0.0,34.0,240,1.0,Salaried,No,1,Graduate,Semiurban,Y
3588.0,0.0,10.0,240,1.0,Salaried,No,0,Graduate,Urban,Y
5029.0,0.0,10.0,120,1.0,Self_Employed,Yes,1,Graduate,Semiurban,Y
13667.0,0.0,10.0,300,,Salaried,No,1,Graduate,Semiurban,N
5727.0,0.0,38.0,360,0.0,Salaried,No,0,Graduate,Rural,N
5101.0,0.0,74.0,240,1.0,Self_Employed,Yes,0,Graduate,Semiurban,Y
1656.0,4399.0,10.0,360,0.0,Salaried,No,1,Not Graduate,Rural,Y
8928.0,0.0,10.0,360,0.0,Salaried,Yes,3+,Not Graduate,Urban,N
8237.0,4554.0,,300,1.0,Salaried,Yes,0,Graduate,Semiurban,Y
27739.0,4150.0,16.0,360,1.0,Salaried,Yes,0,Graduate,Urban,N
3842.0,0.0,72.0,240,0.0,Salaried,Yes,2,Graduate,Rural,N
5857.0,0.0,10.0,300,1.0,Salaried,Yes,2,Graduate,Semiurban,Y
6000.0,3232.0,10.0,300,1.0,Salaried,Yes,3+,Not Graduate,Urban,Y
17361.0,0.0,59.0,240,1.0,Salaried,Yes,0,Graduate,Urban,Y
4554.0,0.0,10.0,240,1.0,Salaried,Yes,0,Not Graduate,Urban,Y
6144.0,0.0,10.0,300,,Self_Employed,Yes,2,Graduate,Rural,N
7993.0,3889.0,34.0,360,,Salaried,Yes,0,Graduate,Urban,Y
5706.0,0.0,10.0,360,0.0,Salaried,No,0,Graduate,Semiurban,N
3439.0,3106.0,95.0,360,1.0,Salaried,No,1,Graduate,Rural,N
5740.0,0.0,19.0,360,1.0,Salaried,Yes,1,Graduate,Semiurban,Y
11602.0,2383.0,10.0,360,1.0,Salaried,Yes,1,Not Graduate,Rural,Y
2162.0,7892.0,10.0,240,1.0,Self_Employed,Yes,0,Graduate,Urban,Y
5466.0,0.0,56.0,180,1.0,Self_Employed,No,3+,Graduate,Semiurban,Y
2807.0,0.0,33.0,300,1.0,Salaried,No,0,Graduate,Semiurban,Y
12785.0,11241.0,135.0,360,1.0,Salaried,Yes,0,Graduate,Urban,Y
1453.0,1150.0,10.0,180,1.0,Salaried,No,1,Graduate,Rural,Y
3143.0,0.0,21.0,180,1.0,Salaried,No,3+,Graduate,Semiurban,Y
6646.0,9886.0,60.0,240,1.0,Salaried,Yes,1,Not Graduate,Semiurban,Y
17196.0,0.0,56.0,300,1.0,Salaried,No,1,Graduate,Semiurban,Y
4663.0,2515.0,75.0,300,1.0,Salaried,Yes,0,Graduate,Rural,Y
3152.0,1288.0,10.0,180,1.0,Salaried,No,0,Graduate,Urban,Y
22135.0,4078.0,62.0,240,1.0,Salaried,Yes,1,Graduate,Urban,Y
1543.0,0.0,10.0,240,1.0,Salaried,Yes,0,Graduate,Rural,Y
846.0,1386.0,10.0,180,1.0,Salaried,No,3+,Not Graduate,Urban,Y
6988.0,2702.0,67.0,300,1.0,Salaried,Yes,0,Graduate,Rural,Y
3289.0,0.0,10.0,180,1.0,Salaried,No,0,Graduate,Semiurban,Y
2171.0,0.0,63.0,360,1.0,Salaried,Yes,0,Graduate,Rural,Y
8662.0,1362.0,10.0,300,1.0,Salaried,No,0,Graduate,Urban,Y
5973.0,0.0,10.0,300,0.0,Salaried,Yes,0,Graduate,Rural,N
3130.0,0.0,68.0,180,0.0,Salaried,No,0,Graduate,Urban,Y
1765.0,2312.0,28.0,240,1.0,Salaried,Yes,0,Not Graduate,Urban,Y
9877.0,2562.0,48.0,240,1.0,Self_Employed,Yes,2,Graduate,Urban,Y
8268.0,0.0,10.0,480,1.0,Salaried,Yes,0,Graduate,Urban,Y
4540.0,0.0,10.0,360,1.0,Self_Employed,No,1,Not Graduate,Rural,Y
21532.0,0.0,89.0,120,1.0,Salaried,Yes,0,Not Graduate,Semiurban,N
2088.0,2467.0,10.0,360,1.0,Salaried,Yes,1,Graduate,Semiurban,Y
1450.0,9219.0,10.0,240,1.0,Self_Employed,Yes,1,Graduate,Urban,Y
2826.0,0.0,55.0,180,1.0,Salaried,Yes,1,Graduate,Semiurban,Y
4739.0,5735.0,10.0,360,1.0,Salaried,No,0,Graduate,Urban,Y
5971.0,0.0,27.0,180,1.0,Self_Employed,Yes,1,Not Graduate,Urban,Y
4052.0,0.0,16.0,360,0.0,Salaried,No,0,Graduate,Semiurban,N
6514.0,2896.0,27.0,360,0.0,Salaried,Yes,1,Graduate,Rural,N
1806.0,0.0,10.0,360,,Self_Employed,Yes,0,Graduate,Semiurban,N
15600.0,0.0,10.0,480,1.0,Salaried,Yes,0,Graduate,Semiurban,Y
4602.0,0.0,10.0,360,1.0,Self_Employed,No,1,Not Graduate,Semiurban,Y
12014.0,15151.0,101.0,360,1.0,Salaried,Yes,0,Not Graduate,Urban,Y
6465.0,6268.0,10.0,300,1.0,Salaried,Yes,3+,Not Graduate,Rural,Y
7083.0,0.0,61.0,120,1.0,Salaried,Yes,0,Graduate,Rural,Y
7753.0,3473.0,21.0,360,0.0,Self_Employed,No,3+,Graduate,Semiurban,N
7032.0,0.0,10.0,480,,Salaried,Yes,0,Not Graduate,Urban,N
8219.0,1804.0,10.0,360,1.0,Self_Employed,No,0,Not Graduate,Semiurban,Y
14233.0,0.0,13.0,480,1.0,Salaried,Yes,0,Graduate,Urban,Y
5752.0,4713.0,77.0,180,1.0,Salaried,Yes,0,Graduate,Rural,Y
8666.0,0.0,10.0,240,1.0,Salaried,Yes,0,Graduate,Urban,Y
4574.0,7489.0,23.0,240,0.0,Salaried,Yes,0,Graduate,Urban,N
15554.0,0.0,119.0,360,1.0,Self_Employed,No,0,Graduate,Rural,Y
2861.0,2615.0,43.0,360,1.0,Self_Employed,Yes,0,Graduate,Semiurban,Y
20759.0,0.0,146.0,300,1.0,Self_Employed,Yes,0,Graduate,Rural,Y
4759.0,1450.0,77.0,360,1.0,Salaried,Yes,0,Graduate,Semiurban,N
1565.0,0.0,10.0,360,1.0,Self_Employed,Yes,1,Graduate,Urban,Y
5445.0,0.0,66.0,360,0.0,Salaried,No,0,Graduate,Urban,N
2850.0,6203.0,96.0,360,1.0,Salaried,No,3+,Graduate,Rural,Y
9629.0,0.0,92.0,180,1.0,Salaried,Yes,0,Graduate,Rural,Y
2916.0,2070.0,61.0,360,1.0,Salaried,Yes,1,Graduate,Urban,Y
3439.0,0.0,53.0,240,1.0,Salaried,Yes,0,Graduate,Urban,Y
1084.0,0.0,10.0,240,,Salaried,No,1,Graduate,Rural,Y
3423.0,4826.0,10.0,360,1.0,Salaried,No,0,Graduate,Rural,Y
707.0,4374.0,10.0,360,1.0,Salaried,No,3+,Graduate,Rural,Y
1384.0,1819.0,10.0,360,0.0,Salaried,Yes,2,Graduate,Semiurban,N
9030.0,0.0,94.0,360,,Salaried,Yes,1,Graduate,Rural,Y
9215.0,4721.0,27.0,360,1.0,Self_Employed,Yes,2,Not Graduate,Urban,Y
6908.0,0.0,82.0,240,0.0,Salaried,Yes,1,Graduate,Urban,N
2267.0,0.0,10.0,360,0.0,Salaried,Yes,0,Not Graduate,Urban,N
4731.0,0.0,68.0,360,1.0,Salaried,Yes,1,Graduate,Rural,Y
4901.0,3709.0,10.0,240,1.0,Salaried,Yes,0,Graduate,Rural,Y
1946.0,0.0,10.0,300,1.0,Salaried,Yes,1,Graduate,Urban,Y
16362.0,0.0,106.0,240,1.0,Salaried,Yes,0,Graduate,Semiurban,Y
9916.0,0.0,89.0,240,1.0,Self_Employed,Yes,0,Graduate,Urban,Y
4118.0,2004.0,,240,,Salaried,No,0,Graduate,Rural,Y
5022.0,10520.0,38.0,240,1.0,Salaried,Yes,0,Graduate,Semiurban,Y
5806.0,12277.0,46.0,360,1.0,Salaried,No,1,Not Graduate,Rural,Y
960.0,0.0,12.0,360,1.0,Self_Employed,Yes,0,Graduate,Urban,N
4033.0,2604.0,10.0,360,1.0,Self_Employed,No,3+,Not Graduate,Semiurban,Y
2848.0,0.0,10.0,300,1.0,Self_Employed,Yes,0,Graduate,Semiurban,Y
2205.0,578.0,108.0,360,1.0,Salaried,Yes,1,Graduate,Urban,Y
3925.0,0.0,147.0,180,1.0,Salaried,No,2,Graduate,Semiurban,Y
20705.0,0.0,117.0,360,1.0,Salaried,No,0,Graduate,Semiurban,Y
8206.0,0.0,52.0,240,,Salaried,Yes,2,Graduate,Urban,N
3112.0,5472.0,10.0,360,1.0,Salaried,Yes,0,Graduate,Semiurban,Y
7770.0,3495.0,10.0,300,1.0,Salaried,No,0,Graduate,Semiurban,Y
15055.0,1599.0,10.0,360,1.0,Salaried,Yes,0,Graduate,Urban,Y
10298.0,1522.0,10.0,360,1.0,Self_Employed,Yes,1,Graduate,Semiurban,Y
5155.0,0.0,125.0,360,1.0,Salaried,No,0,Not Graduate,Semiurban,N
2929.0,0.0,100.0,240,1.0,Self_Employed,No,0,Not Graduate,Urban,N
8592.0,0.0,61.0,240,1.0,Salaried,Yes,0,Graduate,Semiurban,Y
6733.0,1445.0,10.0,360,1.0,Salaried,No,0,Graduate,Rural,Y
10058.0,0.0,59.0,360,1.0,Salaried,Yes,1,Graduate,Rural,Y
8169.0,0.0,11.0,360,1.0,Salaried,Yes,0,Graduate,Urban,Y
11380.0,0.0,10.0,300,1.0,Self_Employed,No,0,Graduate,Semiurban,Y
3203.0,1722.0,20.0,480,0.0,Salaried,Yes,0,Graduate,Rural,N
14100.0,0.0,10.0,360,1.0,Salaried,Yes,0,Graduate,Semiurban,Y
5756.0,0.0,10.0,360,1.0,Self_Employed,No,2,Not Graduate,Semiurban,Y
25854.0,0.0,60.0,120,1.0,Salaried,Yes,1,Not Graduate,Urban,Y
2832.0,0.0,10.0,360,,Salaried,No,3+,Graduate,Urban,Y
19708.0,2120.0,46.0,360,0.0,Salaried,Yes,0,Graduate,Semiurban,N
5758.0,2960.0,12.0,360,0.0,Self_Employed,Yes,1,Not Graduate,Urban,N
2919.0,0.0,,240,1.0,Self_Employed,No,1,Graduate,Semiurban,Y
3337.0,0.0,85.0,300,1.0,Salaried,No,1,Graduate,Urban,Y
3804.0,1574.0,10.0,360,1.0,Salaried,No,3+,Not Graduate,Urban,Y
6900.0,0.0,10.0,360,,Salaried,No,0,Graduate,Semiurban,Y
7467.0,0.0,10.0,360,0.0,Salaried,Yes,0,Graduate,Rural,N
3106.0,0.0,10.0,360,1.0,Salaried,Yes,2,Not Graduate,Urban,Y
4820.0,8610.0,115.0,360,1.0,Self_Employed,Yes,0,Not Graduate,Semiurban,Y
27277.0,0.0,63.0,180,1.0,Salaried,Yes,0,Graduate,Urban,Y
19576.0,0.0,61.0,180,1.0,Self_Employed,Yes,0,Not Graduate,Urban,Y
6968.0,0.0,34.0,180,1.0,Salaried,Yes,0,Graduate,Rural,Y
5066.0,0.0,21.0,360,1.0,Salaried,No,0,Graduate,Semiurban,Y
5410.0,0.0,32.0,360,1.0,Salaried,Yes,3+,Graduate,Urban,Y
8029.0,0.0,10.0,180,1.0,Salaried,No,0,Not Graduate,Semiurban,Y
2168.0,2095.0,10.0,300,1.0,Salaried,Yes,1,Not Graduate,Urban,Y
4000.0,0.0,63.0,300,1.0,Salaried,Yes,0,Graduate,Rural,Y
1294.0,0.0,200.0,360,1.0,Salaried,No,0,Not Graduate,Urban,Y
6764.0,1293.0,10.0,360,1.0,Salaried,Yes,0,Not Graduate,Rural,Y
8248.0,0.0,46.0,360,1.0,Salaried,Yes,1,Graduate,Urban,Y
3339.0,0.0,10.0,120,1.0,Salaried,Yes,0,Not Graduate,Semiurban,Y
17313.0,0.0,140.0,360,,Salaried,Yes,1,Not Graduate,Rural,Y
1843.0,1500.0,10.0,240,1.0,Salaried,No,1,Graduate,Urban,Y
1523.0,0.0,35.0,360,1.0,Salaried,No,0,Graduate,Urban,Y
5881.0,8132.0,10.0,180,1.0,Self_Employed,Yes,0,Graduate,Semiurban,Y
11358.0,3408.0,29.0,180,1.0,Salaried,Yes,0,Graduate,Urban,Y
18904.0,0.0,21.0,120,1.0,Self_Employed,Yes,0,Graduate,Semiurban,Y
3405.0,0.0,63.0,360,,Salaried,Yes,2,Graduate,Semiurban,N
11649.0,0.0,10.0,360,0.0,Salaried,Yes,1,Not Graduate,Urban,N
4766.0,7411.0,46.0,180,0.0,Salaried,Yes,0,Graduate,Semiurban,N
4281.0,0.0,10.0,240,1.0,Salaried,Yes,2,Not Graduate,Urban,Y
9966.0,1819.0,53.0,360,,Salaried,Yes,0,Not Graduate,Rural,Y
8282.0,0.0,75.0,180,1.0,Self_Employed,Yes,0,Graduate,Urban,N
1393.0,0.0,10.0,240,0.0,Salaried,Yes,1,Graduate,Rural,N
16014.0,0.0,96.0,360,0.0,Salaried,No,0,Graduate,Urban,N
14825.0,2407.0,24.0,360,,Self_Employed,No,3+,Graduate,Semiurban,Y
2980.0,1962.0,60.0,240,,Salaried,Yes,0,Graduate,Urban,Y
6746.0,0.0,28.0,480,1.0,Salaried,Yes,0,Graduate,Urban,Y
7297.0,6891.0,10.0,300,1.0,Salaried,Yes,0,Graduate,Urban,Y
6054.0,0.0,10.0,300,1.0,Self_Employed,Yes,0,Graduate,Semiurban,Y
3165.0,0.0,46.0,180,0.0,Salaried,Yes,1,Not Graduate,Semiurban,N
2872.0,1725.0,73.0,360,1.0,Salaried,Yes,3+,Graduate,Semiurban,N
4815.0,0.0,10.0,240,1.0,Salaried,Yes,1,Graduate,Rural,Y
12559.0,0.0,10.0,360,0.0,Self_Employed,Yes,1,Graduate,Urban,Y
7592.0,5684.0,,240,1.0,Salaried,No,0,Graduate,Rural,Y
3654.0,5410.0,,300,1.0,Self_Employed,Yes,0,Not Graduate,Semiurban,Y
9112.0,1187.0,10.0,360,,Salaried,Yes,1,Graduate,Urban,Y
503.0,0.0,10.0,360,1.0,Self_Employed,No,2,Graduate,Urban,N
12320.0,0.0,10.0,240,1.0,Self_Employed,Yes,1,Graduate,Semiurban,Y
1222.0,3069.0,10.0,360,,Salaried,No,0,Graduate,Urban,Y
3678.0,1406.0,10.0,360,1.0,Self_Employed,No,1,Graduate,Rural,Y
2007.0,0.0,,180,1.0,Salaried,No,0,Graduate,Rural,Y
1745.0,0.0,,360,1.0,Salaried,Yes,0,Not Graduate,Urban,N
12440.0,0.0,10.0,240,1.0,Salaried,Yes,1,Graduate,Urban,Y
3381.0,8790.0,15.0,360,1.0,Self_Employed,Yes,0,Graduate,Urban,Y
6485.0,4550.0,136.0,360,1.0,Salaried,No,0,Not Graduate,Semiurban,Y
4734.0,0.0,10.0,240,1.0,Salaried,No,1,Graduate,Urban,Y
7199.0,0.0,41.0,180,1.0,Salaried,Yes,0,Graduate,Rural,Y
5226.0,5094.0,10.0,240,1.0,Salaried,No,0,Graduate,Rural,Y
1761.0,0.0,112.0,480,1.0,Salaried,Yes,1,Graduate,Rural,Y
10905.0,0.0,10.0,360,1.0,Salaried,Yes,0,Graduate,Semiurban,Y
3311.0,0.0,10.0,120,1.0,Salaried,Yes,1,Not Graduate,Urban,Y
1415.0,904.0,68.0,360,0.0,Salaried,Yes,0,Graduate,Semiurban,N
3489.0,0.0,10.0,240,0.0,Salaried,No,2,Not Graduate,Semiurban,Y
16328.0,0.0,31.0,360,1.0,Salaried,Yes,2,Graduate,Semiurban,Y
9703.0,0.0,10.0,360,1.0,Self_Employed,No,0,Graduate,Rural,Y
3719.0,4243.0,10.0,480,1.0,Self_Employed,No,0,Graduate,Semiurban,Y
3717.0,2041.0,27.0,240,1.0,Self_Employed,No,1,Graduate,Urban,Y
3800.0,747.0,35.0,360,1.0,Salaried,Yes,0,Not Graduate,Urban,Y
25884.0,0.0,12.0,360,1.0,Salaried,No,1,Graduate,Semiurban,Y
6671.0,2409.0,10.0,360,1.0,Salaried,Yes,0,Graduate,Semiurban,Y
6933.0,0.0,10.0,360,0.0,Salaried,No,1,Not Graduate,Semiurban,N
11206.0,4596.0,10.0,360,1.0,Salaried,Yes,0,Graduate,Urban,Y
5949.0,0.0,10.0,300,1.0,Salaried,Yes,0,Graduate,Rural,Y
3995.0,0.0,23.0,360,1.0,Salaried,No,3+,Graduate,Rural,Y
4200.0,2561.0,59.0,360,1.0,Salaried,No,0,Graduate,Urban,Y
4641.0,2486.0,66.0,360,0.0,Salaried,No,1,Not Graduate,Semiurban,N
4771.0,3252.0,10.0,360,1.0,Salaried,Yes,1,Not Graduate,Semiurban,Y
8796.0,0.0,10.0,300,,Self_Employed,Yes,0,Graduate,Semiurban,Y
5123.0,0.0,10.0,360,1.0,Salaried,Yes,1,Not Graduate,Semiurban,Y
8832.0,4087.0,43.0,120,1.0,Salaried,Yes,0,Not Graduate,Semiurban,Y
4607.0,0.0,10.0,180,1.0,Salaried,Yes,2,Graduate,Urban,Y
5234.0,4106.0,53.0,360,1.0,Self_Employed,Yes,1,Graduate,Semiurban,Y
994.0,4038.0,14.0,240,1.0,Salaried,No,0,Graduate,Urban,Y
10230.0,862.0,10.0,480,,Self_Employed,No,0,Graduate,Urban,Y
6485.0,0.0,10.0,360,1.0,Salaried,Yes,1,Graduate,Semiurban,Y
10921.0,1864.0,23.0,360,1.0,Salaried,Yes,1,Not Graduate,Urban,Y
484.0,1384.0,10.0,360,1.0,Salaried,Yes,1,Graduate,Urban,Y
26126.0,1376.0,10.0,360,1.0,Self_Employed,Yes,0,Graduate,Semiurban,Y
4395.0,4038.0,10.0,360,0.0,Salaried,No,2,Graduate,Rural,Y
11927.0,0.0,39.0,240,1.0,Salaried,Yes,0,Graduate,Semiurban,Y
2139.0,918.0,10.0,360,1.0,Salaried,Yes,1,Not Graduate,Urban,Y
8024.0,4166.0,10.0,300,0.0,Salaried,Yes,0,Graduate,Semiurban,Y
2116.0,0.0,10.0,240,0.0,Salaried,No,0,Graduate,Semiurban,Y
2984.0,3287.0,10.0,360,1.0,Salaried,No,1,Graduate,Urban,Y
22725.0,0.0,21.0,180,1.0,Salaried,No,0,Not Graduate,Urban,Y
4219.0,0.0,10.0,480,1.0,Self_Employed,Yes,2,Not Graduate,Urban,Y
5849.0,10375.0,43.0,360,1.0,Salaried,Yes,1,Not Graduate,Semiurban,Y
9858.0,0.0,10.0,480,1.0,Salaried,Yes,2,Graduate,Semiurban,Y
7307.0,2873.0,38.0,300,1.0,Salaried,Yes,0,Not Graduate,Semiurban,Y
5543.0,0.0,10.0,480,,Salaried,Yes,0,Graduate,Rural,Y
6581.0,0.0,22.0,180,1.0,Salaried,No,1,Graduate,Urban,Y
33615.0,3467.0,136.0,120,1.0,Salaried,Yes,0,Graduate,Rural,Y
4693.0,0.0,56.0,120,1.0,Salaried,Yes,0,Graduate,Semiurban,Y
5773.0,0.0,81.0,360,1.0,Salaried,No,1,Graduate,Urban,Y
11390.0,0.0,81.0,180,1.0,Salaried,Yes,1,Graduate,Rural,Y
11902.0,0.0,27.0,360,1.0,Salaried,Yes,0,Graduate,Semiurban,Y
12703.0,0.0,10.0,300,0.0,Salaried,Yes,2,Not Graduate,Urban,N
8193.0,5667.0,18.0,300,1.0,Self_Employed,No,0,Graduate,Urban,Y
1970.0,2399.0,10.0,360,1.0,Salaried,Yes,1,Not Graduate,Urban,Y
18156.0,0.0,58.0,240,1.0,Salaried,Yes,0,Graduate,Rural,Y
1964.0,1401.0,46.0,360,1.0,Salaried,No,0,Graduate,Urban,Y
6261.0,0.0,10.0,360,1.0,Salaried,Yes,1,Graduate,Rural,Y
2688.0,1440.0,11.0,360,,Salaried,No,2,Graduate,Urban,Y
4669.0,10873.0,10.0,300,0.0,Salaried,Yes,0,Not Graduate,Urban,N
6393.0,1194.0,26.0,480,0.0,Self_Employed,Yes,1,Graduate,Urban,N
6356.0,0.0,,360,1.0,Salaried,Yes,0,Graduate,Semiurban,Y
6888.0,0.0,10.0,480,,Self_Employed,Yes,2,Graduate,Urban,Y
17872.0,0.0,28.0,120,1.0,Salaried,Yes,1,Graduate,Semiurban,Y
7064.0,3371.0,42.0,360,1.0,Salaried,Yes,2,Graduate,Urban,Y
4043.0,0.0,10.0,360,1.0,Salaried,Yes,0,Not Graduate,Rural,Y
10628.0,1133.0,14.0,180,1.0,Self_Employed,Yes,0,Graduate,Rural,Y
12728.0,0.0,46.0,360,1.0,Salaried,Yes,0,Graduate,Urban,Y
1841.0,0.0,10.0,360,1.0,Salaried,No,0,Graduate,Rural,Y
7926.0,2193.0,,360,1.0,Salaried,Yes,0,Graduate,Rural,Y
8612.0,0.0,10.0,180,1.0,Salaried,Yes,0,Not Graduate,Semiurban,Y
3874.0,0.0,10.0,360,1.0,Self_Employed,Yes,2,Graduate,Semiurban,Y
14773.0,1500.0,10.0,180,,Salaried,Yes,0,Graduate,Semiurban,Y
4359.0,0.0,10.0,360,1.0,Salaried,No,2,Graduate,Rural,Y
5434.0,0.0,,120,0.0,Salaried,No,0,Graduate,Urban,N
4279.0,4775.0,51.0,180,,Salaried,No,3+,Graduate,Urban,Y
4976.0,3691.0,49.0,240,1.0,Salaried,Yes,3+,Graduate,Urban,Y
2045.0,0.0,46.0,360,1.0,Salaried,Yes,0,Not Graduate,Semiurban,Y
1553.0,0.0,10.0,480,1.0,Salaried,Yes,3+,Not Graduate,Urban,Y
17599.0,0.0,10.0,180,1.0,Salaried,Yes,2,Not Graduate,Urban,Y
2496.0,0.0,10.0,180,1.0,Salaried,No,0,Graduate,Semiurban,Y
2224.0,0.0,82.0,300,1.0,Salaried,No,3+,Graduate,Urban,Y
878.0,0.0,74.0,360,1.0,Salaried,Yes,0,Graduate,Urban,N
2948.0,0.0,14.0,360,,Salaried,Yes,0,Not Graduate,Semiurban,Y
1705.0,0.0,10.0,300,1.0,Salaried,Yes,1,Graduate,Rural,Y
18281.0,4421.0,141.0,360,1.0,Salaried,No,0,Graduate,Urban,Y
11024.0,2765.0,10.0,240,1.0,Salaried,Yes,0,Not Graduate,Urban,Y
2834.0,2825.0,30.0,360,1.0,Self_Employed,Yes,3+,Graduate,Urban,Y
29791.0,0.0,137.0,300,1.0,Salaried,No,3+,Graduate,Rural,Y
10780.0,0.0,10.0,360,1.0,Salaried,No,2,Not Graduate,Semiurban,Y
3790.0,10992.0,89.0,360,1.0,Salaried,Yes,0,Graduate,Urban,Y
665.0,1863.0,32.0,360,,Salaried,Yes,3+,Graduate,Semiurban,N
30723.0,0.0,98.0,360,1.0,Salaried,No,0,Graduate,Urban,Y
1617.0,2448.0,10.0,360,1.0,Salaried,Yes,3+,Graduate,Urban,Y
1318.0,0.0,10.0,180,1.0,Salaried,No,0,Graduate,Urban,N
11137.0,0.0,52.0,360,0.0,Salaried,Yes,2,Graduate,Urban,N
34607.0,0.0,10.0,360,1.0,Self_Employed,No,1,Not Graduate,Semiurban,Y
14875.0,1760.0,62.0,360,0.0,Salaried,No,3+,Graduate,Semiurban,Y
7717.0,1358.0,58.0,240,1.0,Salaried,No,2,Not Graduate,Semiurban,Y
7909.0,0.0,,360,1.0,Salaried,Yes,2,Graduate,Semiurban,Y
9728.0,0.0,10.0,360,1.0,Salaried,Yes,1,Graduate,Semiurban,Y
9019.0,0.0,89.0,240,1.0,Salaried,Yes,2,Graduate,Semiurban,Y
6155.0,967.0,107.0,360,1.0,Salaried,No,2,Graduate,Semiurban,Y
5342.0,0.0,36.0,360,1.0,Self_Employed,Yes,0,Graduate,Urban,Y
4675.0,0.0,10.0,360,1.0,Salaried,Yes,1,Not Graduate,Semiurban,Y
2689.0,0.0,10.0,360,,Salaried,Yes,0,Graduate,Rural,Y
3926.0,0.0,10.0,120,1.0,Self_Employed,No,2,Not Graduate,Semiurban,Y
1269.0,3349.0,29.0,360,1.0,Salaried,No,0,Graduate,Semiurban,Y
4543.0,1333.0,10.0,360,1.0,Salaried,No,3+,Not Graduate,Urban,Y
2229.0,0.0,17.0,300,0.0,Salaried,Yes,0,Graduate,Rural,N
2033.0,0.0,10.0,240,1.0,Salaried,No,0,Not Graduate,Rural,Y
5676.0,1638.0,28.0,180,1.0,Salaried,Yes,3+,Not Graduate,Rural,Y
14967.0,2461.0,29.0,180,1.0,Salaried,No,0,Not Graduate,Urban,Y
10246.0,0.0,10.0,360,,Salaried,Yes,0,Not Graduate,Rural,N
1399.0,2137.0,10.0,240,1.0,Salaried,Yes,2,Graduate,Urban,Y
2227.0,1293.0,102.0,120,0.0,Salaried,Yes,0,Graduate,Semiurban,N
10432.0,0.0,95.0,300,1.0,Salaried,Yes,0,Graduate,Semiurban,Y
2240.0,0.0,32.0,360,,Salaried,Yes,1,Graduate,Rural,N
4106.0,0.0,76.0,240,1.0,Salaried,Yes,3+,Graduate,Rural,Y
7632.0,2630.0,52.0,120,1.0,Salaried,Yes,0,Graduate,Rural,N
2265.0,0.0,,240,1.0,Self_Employed,Yes,0,Graduate,Rural,Y
5347.0,0.0,10.0,360,1.0,Salaried,Yes,0,Graduate,Semiurban,Y
1690.0,0.0,10.0,180,1.0,Salaried,No,0,Graduate,Rural,Y
3038.0,0.0,10.0,360,1.0,Self_Employed,No,0,Graduate,Urban,Y
6348.0,6520.0,10.0,180,1.0,Salaried,No,0,Graduate,Semiurban,Y
1374.0,1315.0,10.0,240,1.0,Salaried,No,1,Graduate,Urban,Y
6991.0,2684.0,45.0,300,1.0,Salaried,No,2,Graduate,Rural,Y
4838.0,886.0,22.0,180,,Self_Employed,No,0,Graduate,Rural,Y
7646.0,0.0,10.0,240,1.0,Salaried,No,0,Graduate,Urban,Y
5879.0,0.0,10.0,300,1.0,Salaried,Yes,1,Graduate,Semiurban,Y
14637.0,0.0,76.0,300,1.0,Self_Employed,Yes,0,Graduate,Urban,Y
5433.0,0.0,10.0,360,1.0,Salaried,Yes,1,Graduate,Urban,Y
3486.0,1112.0,24.0,180,1.0,Salaried,No,0,Graduate,Semiurban,Y
5420.0,0.0,10.0,360,1.0,Salaried,No,0,Graduate,Urban,Y
7590.0,6242.0,73.0,360,1.0,Self_Employed,Yes,0,Not Graduate,Urban,Y
5111.0,1383.0,10.0,360,1.0,Self_Employed,Yes,0,Graduate,Semiurban,Y
5077.0,1928.0,13.0,300,1.0,Salaried,Yes,2,Graduate,Urban,Y
2803.0,0.0,11.0,360,1.0,Salaried,No,3+,Graduate,Semiurban,Y
2892.0,0.0,17.0,240,1.0,Salaried,Yes,0,Graduate,Urban,Y
1600.0,1048.0,11.0,180,0.0,Salaried,Yes,1,Graduate,Rural,N
19924.0,2649.0,,120,1.0,Salaried,Yes,0,Graduate,Semiurban,Y
1817.0,0.0,115.0,360,1.0,Salaried,Yes,1,Not Graduate,Semiurban,Y
2823.0,2775.0,144.0,300,0.0,Salaried,No,1,Graduate,Urban,N
2766.0,0.0,10.0,360,1.0,Salaried,No,0,Graduate,Urban,Y
10056.0,0.0,10.0,240,1.0,Salaried,Yes,0,Not Graduate,Rural,Y
3882.0,0.0,43.0,360,,Salaried,Yes,0,Graduate,Semiurban,Y
13336.0,0.0,26.0,360,1.0,Salaried,Yes,0,Graduate,Semiurban,Y
2868.0,0.0,58.0,360,,Self_Employed,Yes,1,Graduate,Rural,Y
6144.0,0.0,28.0,360,1.0,Salaried,Yes,3+,Not Graduate,Urban,Y
2519.0,0.0,10.0,360,1.0,Salaried,Yes,2,Not Graduate,Semiurban,Y
27340.0,0.0,121.0,480,0.0,Salaried,No,0,Graduate,Urban,Y
1901.0,4666.0,75.0,300,1.0,Salaried,Yes,0,Graduate,Semiurban,N
6297.0,0.0,10.0,360,1.0,Self_Employed,No,0,Graduate,Urban,Y
8160.0,0.0,10.0,360,1.0,Self_Employed,Yes,1,Not Graduate,Urban,N
6843.0,0.0,11.0,300,1.0,Salaried,Yes,0,Graduate,Semiurban,Y
4238.0,0.0,10.0,360,0.0,Salaried,No,0,Not Graduate,Rural,N
4430.0,0.0,10.0,180,1.0,Salaried,No,1,Not Graduate,Rural,Y
5090.0,8572.0,48.0,360,1.0,Salaried,Yes,0,Graduate,Semiurban,Y
4369.0,0.0,60.0,180,1.0,Salaried,No,0,Not Graduate,Semiurban,Y
10626.0,0.0,121.0,240,1.0,Salaried,Yes,0,Graduate,Rural,Y
28808.0,0.0,92.0,240,1.0,Self_Employed,Yes,0,Graduate,Semiurban,Y
3146.0,0.0,10.0,360,1.0,Salaried,No,0,Graduate,Semiurban,Y
1643.0,4597.0,10.0,240,1.0,Salaried,Yes,0,Graduate,Urban,Y
4580.0,0.0,10.0,360,1.0,Salaried,Yes,0,Graduate,Rural,Y
38707.0,22923.0,208.0,360,0.0,Salaried,No,0,Graduate,Semiurban,N
2584.0,1219.0,28.0,360,1.0,Salaried,Yes,0,Graduate,Rural,Y
18239.0,0.0,132.0,240,1.0,Salaried,Yes,3+,Graduate,Rural,Y
18810.0,3511.0,25.0,240,1.0,Salaried,Yes,0,Not Graduate,Semiurban,Y
3156.0,0.0,27.0,360,1.0,Salaried,Yes,0,Not Graduate,Semiurban,Y
7748.0,1660.0,151.0,120,1.0,Salaried,Yes,1,Graduate,Semiurban,N
18083.0,2475.0,24.0,360,1.0,Salaried,No,0,Graduate,Urban,Y
3629.0,0.0,17.0,480,0.0,Salaried,Yes,1,Graduate,Semiurban,Y
4176.0,0.0,10.0,240,1.0,Salaried,Yes,0,Graduate,Rural,Y
3086.0,0.0,10.0,360,,Salaried,Yes,3+,Graduate,Rural,Y
2182.0,0.0,10.0,480,,Salaried,No,3+,Graduate,Semiurban,Y
2924.0,0.0,59.0,360,,Salaried,No,1,Graduate,Semiurban,Y
1846.0,6132.0,35.0,360,1.0,Salaried,Yes,1,Not Graduate,Urban,Y
5051.0,7362.0,10.0,360,1.0,Salaried,No,0,Graduate,Urban,Y
2655.0,3696.0,49.0,300,0.0,Self_Employed,Yes,3+,Graduate,Rural,Y
5926.0,0.0,25.0,360,1.0,Self_Employed,Yes,0,Not Graduate,Semiurban,Y
1416.0,0.0,49.0,360,1.0,Salaried,No,0,Graduate,Semiurban,N
6404.0,0.0,10.0,360,,Self_Employed,Yes,0,Graduate,Rural,Y
9574.0,0.0,36.0,300,1.0,Salaried,No,0,Not Graduate,Semiurban,Y
997.0,0.0,42.0,360,1.0,Salaried,Yes,1,Graduate,Semiurban,Y
6629.0,6889.0,10.0,300,,Salaried,No,0,Not Graduate,Semiurban,Y
13123.0,8615.0,10.0,240,0.0,Self_Employed,Yes,1,Not Graduate,Semiurban,N
1867.0,0.0,10.0,360,1.0,Salaried,No,0,Graduate,Rural,Y
18733.0,0.0,99.0,360,1.0,Salaried,No,2,Graduate,Semiurban,Y
6872.0,0.0,79.0,360,0.0,Salaried,Yes,1,Not Graduate,Rural,N
2796.0,2398.0,10.0,180,1.0,Salaried,Yes,1,Not Graduate,Rural,Y
4700.0,0.0,10.0,360,1.0,Salaried,No,1,Graduate,Rural,Y
7682.0,4763.0,10.0,240,1.0,Self_Employed,Yes,2,Graduate,Urban,Y
5223.0,2756.0,10.0,180,,Salaried,Yes,0,Graduate,Urban,Y
7563.0,0.0,44.0,360,1.0,Self_Employed,No,0,Not Graduate,Urban,Y
2353.0,1517.0,10.0,300,1.0,Salaried,Yes,1,Graduate,Rural,Y
5628.0,0.0,10.0,180,,Salaried,Yes,2,Graduate,Rural,Y
1586.0,438.0,60.0,300,,Salaried,No,0,Graduate,Urban,Y
4496.0,0.0,19.0,360,1.0,Self_Employed,Yes,0,Graduate,Urban,Y
2385.0,0.0,25.0,360,1.0,Salaried,No,0,Not Graduate,Rural,Y
2729.0,7490.0,10.0,300,1.0,Salaried,Yes,0,Not Graduate,Urban,Y
13212.0,0.0,10.0,240,1.0,Self_Employed,Yes,3+,Graduate,Rural,Y
11767.0,704.0,10.0,360,1.0,Salaried,Yes,0,Graduate,Semiurban,Y
8001.0,0.0,10.0,360,1.0,Salaried,No,1,Graduate,Rural,Y
2051.0,7275.0,39.0,360,1.0,Salaried,No,2,Graduate,Semiurban,Y
3816.0,5695.0,10.0,360,1.0,Salaried,Yes,0,Graduate,Urban,Y
12971.0,1875.0,116.0,360,1.0,Self_Employed,Yes,0,Graduate,Semiurban,Y
5505.0,3168.0,28.0,360,,Salaried,Yes,0,Graduate,Rural,Y
31428.0,0.0,176.0,360,1.0,Salaried,No,1,Graduate,Urban,Y
6732.0,1680.0,10.0,360,1.0,Self_Employed,Yes,0,Graduate,Semiurban,Y
5731.0,5818.0,63.0,360,1.0,Salaried,Yes,0,Graduate,Semiurban,Y
3838.0,0.0,15.0,360,0.0,Salaried,No,0,Graduate,Rural,Y
5469.0,1595.0,53.0,360,1.0,Salaried,No,0,Graduate,Urban,Y
4350.0,0.0,10.0,360,1.0,Salaried,Yes,0,Graduate,Semiurban,Y
8660.0,0.0,42.0,360,1.0,Salaried,No,0,Not Graduate,Urban,Y
10566.0,0.0,87.0,120,1.0,Self_Employed,No,0,Not Graduate,Semiurban,Y
2621.0,0.0,10.0,360,1.0,Self_Employed,No,1,Graduate,Semiurban,Y
1694.0,0.0,17.0,360,1.0,Salaried,Yes,0,Graduate,Urban,Y
1131.0,1039.0,10.0,240,1.0,Salaried,Yes,1,Graduate,Rural,Y
7379.0,0.0,45.0,360,1.0,Salaried,No,1,Graduate,Semiurban,Y
2033.0,0.0,103.0,360,1.0,Salaried,Yes,2,Not Graduate,Semiurban,Y
878.0,0.0,10.0,240,0.0,Salaried,Yes,0,Graduate,Semiurban,N
6707.0,0.0,10.0,360,1.0,Salaried,Yes,0,Graduate,Semiurban,Y
36113.0,0.0,96.0,360,1.0,Salaried,Yes,2,Not Graduate,Urban,Y
4891.0,0.0,10.0,360,1.0,Salaried,Yes,2,Graduate,Rural,Y
9612.0,0.0,23.0,120,0.0,Salaried,No,0,Graduate,Urban,N
5247.0,0.0,10.0,180,1.0,Salaried,Yes,0,Graduate,Semiurban,Y
4541.0,0.0,10.0,180,1.0,Salaried,Yes,2,Graduate,Urban,Y
10252.0,5215.0,31.0,240,1.0,Salaried,Yes,0,Not Graduate,Semiurban,Y
3896.0,0.0,10.0,240,,Salaried,Yes,2,Graduate,Rural,Y
6087.0,0.0,10.0,360,1.0,Self_Employed,Yes,3+,Graduate,Semiurban,Y
6357.0,5979.0,31.0,360,1.0,Salaried,No,0,Graduate,Urban,Y
2880.0,4314.0,92.0,360,0.0,Salaried,Yes,2,Graduate,Urban,N
10869.0,0.0,14.0,180,1.0,Salaried,Yes,0,Graduate,Rural,Y
4273.0,3085.0,10.0,360,1.0,Salaried,No,2,Not Graduate,Urban,Y
2685.0,1157.0,10.0,300,1.0,Self_Employed,Yes,0,Not Graduate,Rural,Y
7549.0,0.0,10.0,360,0.0,Salaried,No,0,Graduate,Urban,N
2395.0,2481.0,10.0,360,1.0,Self_Employed,Yes,1,Graduate,Semiurban,Y
5027.0,0.0,23.0,360,1.0,Salaried,No,0,Graduate,Semiurban,Y
4879.0,2913.0,10.0,120,1.0,Self_Employed,Yes,3+,Graduate,Urban,Y
11716.0,3066.0,10.0,360,1.0,Salaried,No,0,Graduate,Semiurban,Y
7185.0,0.0,22.0,360,1.0,Self_Employed,No,0,Graduate,Semiurban,Y
4817.0,0.0,10.0,360,1.0,Self_Employed,Yes,0,Not Graduate,Semiurban,Y
9454.0,2672.0,10.0,360,1.0,Salaried,Yes,2,Graduate,Semiurban,Y
14946.0,5088.0,97.0,360,1.0,Salaried,Yes,0,Not Graduate,Rural,Y
7679.0,0.0,10.0,180,1.0,Salaried,No,2,Graduate,Rural,Y
4956.0,2211.0,10.0,360,1.0,Salaried,Yes,0,Graduate,Urban,Y
1721.0,2732.0,10.0,240,1.0,Salaried,Yes,0,Not Graduate,Semiurban,Y
2096.0,2687.0,10.0,120,1.0,Salaried,Yes,2,Graduate,Urban,Y
3850.0,0.0,25.0,180,1.0,Salaried,No,0,Graduate,Urban,Y
3018.0,0.0,,480,,Salaried,Yes,0,Graduate,Semiurban,Y
4232.0,0.0,129.0,300,1.0,Self_Employed,Yes,3+,Graduate,Semiurban,Y
5143.0,0.0,70.0,360,1.0,Self_Employed,No,1,Not Graduate,Semiurban,N
7508.0,0.0,10.0,480,1.0,Salaried,No,1,Graduate,Semiurban,Y
4645.0,0.0,10.0,360,1.0,Salaried,Yes,2,Graduate,Urban,Y
7253.0,0.0,147.0,360,1.0,Salaried,Yes,0,Graduate,Semiurban,N
5175.0,3238.0,,360,1.0,Salaried,Yes,2,Graduate,Semiurban,Y
1012.0,0.0,33.0,240,,Salaried,Yes,1,Graduate,Urban,Y
2318.0,0.0,10.0,240,1.0,Salaried,Yes,1,Graduate,Rural,Y
4380.0,0.0,20.0,360,1.0,Salaried,Yes,0,Graduate,Urban,Y
1867.0,3797.0,10.0,360,0.0,Salaried,No,3+,Graduate,Semiurban,N
7942.0,2854.0,21.0,180,1.0,Salaried,No,2,Graduate,Rural,Y
16724.0,0.0,52.0,360,1.0,Salaried,No,0,Not Graduate,Semiurban,Y
13030.0,0.0,10.0,360,1.0,Salaried,Yes,1,Not Graduate,Urban,Y
4143.0,0.0,10.0,360,1.0,Salaried,No,0,Graduate,Urban,Y
16197.0,3714.0,130.0,360,1.0,Self_Employed,Yes,1,Graduate,Urban,Y
5535.0,0.0,10.0,360,1.0,Self_Employed,Yes,3+,Graduate,Rural,Y
3753.0,0.0,109.0,360,1.0,Salaried,Yes,0,Not Graduate,Urban,N
3009.0,0.0,10.0,360,,Salaried,Yes,3+,Not Graduate,Urban,Y
3858.0,0.0,10.0,480,1.0,Salaried,Yes,0,Graduate,Semiurban,Y
3603.0,0.0,10.0,180,0.0,Salaried,Yes,0,Graduate,Urban,Y
5633.0,0.0,10.0,360,1.0,Salaried,Yes,0,Graduate,Semiurban,Y
5588.0,0.0,10.0,360,1.0,Salaried,Yes,0,Graduate,Semiurban,Y
4927.0,0.0,24.0,360,1.0,Salaried,Yes,1,Graduate,Urban,Y
6971.0,3204.0,24.0,240,1.0,Salaried,No,2,Graduate,Semiurban,Y
12740.0,2465.0,10.0,240,1.0,Self_Employed,No,0,Graduate,Urban,Y
10505.0,0.0,10.0,240,0.0,Salaried,No,0,Graduate,Rural,Y
1498.0,0.0,,300,1.0,Salaried,No,1,Graduate,Urban,Y
637.0,0.0,10.0,360,1.0,Salaried,No,2,Graduate,Urban,Y
10378.0,0.0,10.0,360,1.0,Self_Employed,No,3+,Not Graduate,Semiurban,Y
1647.0,11330.0,46.0,240,1.0,Self_Employed,No,0,Graduate,Urban,Y
4106.0,0.0,24.0,300,1.0,Salaried,Yes,3+,Graduate,Semiurban,Y
1927.0,0.0,10.0,180,,Self_Employed,No,0,Graduate,Semiurban,Y
1163.0,1517.0,15.0,360,1.0,Salaried,Yes,0,Graduate,Urban,Y
7579.0,3523.0,10.0,360,1.0,Salaried,No,3+,Not Graduate,Semiurban,Y
9021.0,0.0,61.0,480,1.0,Salaried,No,0,Graduate,Urban,Y
3099.0,3012.0,10.0,300,1.0,Salaried,Yes,1,Graduate,Urban,Y
618.0,0.0,10.0,360,0.0,Salaried,Yes,2,Graduate,Semiurban,N
3175.0,2675.0,52.0,240,0.0,Salaried,Yes,0,Graduate,Rural,Y
6724.0,0.0,,180,1.0,Self_Employed,No,1,Graduate,Semiurban,Y
1505.0,0.0,,120,1.0,Self_Employed,No,1,Graduate,Urban,Y
5691.0,0.0,63.0,360,1.0,Salaried,Yes,0,Graduate,Rural,N
4855.0,0.0,10.0,300,1.0,Salaried,Yes,2,Graduate,Urban,Y
7812.0,0.0,10.0,360,0.0,Self_Employed,No,3+,Graduate,Urban,Y
5408.0,1886.0,90.0,360,0.0,Salaried,No,0,Graduate,Semiurban,N
2256.0,5658.0,88.0,240,1.0,Salaried,Yes,3+,Graduate,Semiurban,Y
12801.0,0.0,10.0,300,1.0,Salaried,No,0,Graduate,Urban,Y
4329.0,0.0,51.0,360,1.0,Salaried,Yes,0,Graduate,Semiurban,Y
4809.0,0.0,10.0,360,1.0,Salaried,Yes,1,Graduate,Semiurban,Y
2329.0,12611.0,102.0,360,1.0,Salaried,No,0,Graduate,Semiurban,Y
3447.0,3556.0,10.0,300,1.0,Salaried,No,3+,Graduate,Semiurban,Y
2422.0,4534.0,115.0,300,1.0,Salaried,Yes,2,Not Graduate,Semiurban,Y
4280.0,0.0,49.0,240,1.0,Salaried,Yes,2,Graduate,Semiurban,Y
19329.0,0.0,116.0,360,1.0,Salaried,Yes,1,Not Graduate,Urban,Y
1640.0,0.0,10.0,360,0.0,Salaried,No,2,Graduate,Urban,N
1352.0,0.0,23.0,480,1.0,Self_Employed,No,1,Not Graduate,Rural,N
15946.0,3285.0,10.0,360,0.0,Salaried,Yes,0,Graduate,Semiurban,N
4157.0,4225.0,57.0,360,0.0,Salaried,Yes,3+,Not Graduate,Rural,N
2878.0,4278.0,55.0,360,1.0,Salaried,Yes,0,Not Graduate,Rural,Y
11293.0,0.0,131.0,360,1.0,Self_Employed,No,0,Not Graduate,Rural,Y
3028.0,1733.0,40.0,360,1.0,Salaried,Yes,0,Not Graduate,Semiurban,Y
21180.0,0.0,107.0,240,1.0,Salaried,Yes,3+,Graduate,Semiurban,Y
8454.0,11236.0,20.0,240,1.0,Salaried,No,0,Graduate,Urban,Y
3326.0,0.0,39.0,300,0.0,Salaried,Yes,0,Not Graduate,Rural,N
27608.0,0.0,55.0,360,1.0,Salaried,Yes,0,Graduate,Semiurban,Y
3027.0,0.0,10.0,300,1.0,Salaried,Yes,0,Graduate,Urban,Y
8899.0,0.0,20.0,300,0.0,Salaried,No,0,Graduate,Urban,N
6244.0,0.0,10.0,480,1.0,Salaried,No,1,Graduate,Rural,Y
13924.0,2060.0,44.0,300,1.0,Salaried,Yes,0,Graduate,Urban,Y
17141.0,0.0,35.0,240,1.0,Salaried,Yes,1,Not Graduate,Urban,Y
5042.0,0.0,10.0,360,,Salaried,Yes,0,Not Graduate,Semiurban,Y
2690.0,734.0,61.0,360,1.0,Salaried,Yes,0,Graduate,Rural,Y
7101.0,1890.0,19.0,180,1.0,Salaried,Yes,2,Graduate,Semiurban,Y
2858.0,0.0,22.0,360,,Salaried,Yes,0,Graduate,Rural,Y
24605.0,0.0,10.0,120,1.0,Salaried,No,0,Graduate,Rural,Y
5482.0,0.0,29.0,360,1.0,Salaried,No,3+,Not Graduate,Rural,Y
3669.0,0.0,,240,,Salaried,No,0,Graduate,Semiurban,Y
5697.0,7934.0,,300,1.0,Salaried,No,0,Graduate,Semiurban,Y
1673.0,5150.0,114.0,360,1.0,Salaried,No,0,Graduate,Urban,Y
2259.0,0.0,10.0,360,1.0,Salaried,No,0,Graduate,Urban,Y
12840.0,3290.0,69.0,360,1.0,Salaried,Yes,0,Graduate,Semiurban,Y
2906.0,0.0,42.0,360,1.0,Self_Employed,Yes,2,Graduate,Urban,Y
2127.0,0.0,31.0,360,,Salaried,Yes,0,Not Graduate,Semiurban,Y
7550.0,1632.0,33.0,120,0.0,Salaried,Yes,0,Graduate,Urban,Y
12690.0,0.0,70.0,240,1.0,Salaried,No,2,Graduate,Urban,Y
8736.0,18050.0,77.0,360,1.0,Salaried,Yes,0,Not Graduate,Rural,Y
10903.0,0.0,10.0,360,1.0,Salaried,Yes,0,Not Graduate,Semiurban,Y
2683.0,740.0,26.0,480,0.0,Salaried,Yes,1,Not Graduate,Semiurban,N
1576.0,0.0,10.0,240,1.0,Salaried,Yes,0,Not Graduate,Semiurban,Y
16335.0,3248.0,10.0,240,1.0,Salaried,No,0,Graduate,Semiurban,Y
3797.0,0.0,42.0,300,1.0,Self_Employed,Yes,1,Not Graduate,Urban,N
4021.0,0.0,10.0,300,1.0,Salaried,No,3+,Graduate,Semiurban,Y
14222.0,3539.0,10.0,240,1.0,Salaried,No,0,Graduate,Semiurban,Y
7669.0,0.0,10.0,360,0.0,Salaried,No,2,Graduate,Urban,N
7078.0,1539.0,10.0,360,1.0,Salaried,Yes,0,Not Graduate,Urban,Y
27778.0,0.0,141.0,300,1.0,Salaried,No,0,Graduate,Semiurban,Y
2937.0,1464.0,21.0,180,1.0,Salaried,Yes,0,Graduate,Semiurban,Y
10324.0,0.0,99.0,360,1.0,Salaried,Yes,0,Graduate,Rural,Y
5144.0,1143.0,10.0,360,1.0,Salaried,Yes,0,Graduate,Rural,Y
6093.0,0.0,62.0,360,1.0,Self_Employed,Yes,3+,Graduate,Urban,Y
16694.0,1734.0,167.0,360,1.0,Salaried,Yes,3+,Graduate,Semiurban,Y
7378.0,0.0,29.0,360,0.0,Salaried,Yes,1,Graduate,Rural,N
7560.0,3757.0,71.0,360,1.0,Salaried,Yes,0,Not Graduate,Rural,Y
11591.0,0.0,54.0,360,1.0,Salaried,Yes,1,Graduate,Urban,Y
3670.0,0.0,10.0,360,,Salaried,Yes,2,Not Graduate,Urban,Y
2511.0,4459.0,47.0,240,1.0,Salaried,Yes,0,Graduate,Urban,Y
2131.0,0.0,18.0,300,1.0,Salaried,No,0,Graduate,Semiurban,Y
1019.0,5188.0,,360,,Salaried,Yes,0,Graduate,Urban,Y
25463.0,2643.0,49.0,360,1.0,Salaried,Yes,0,Not Graduate,Semiurban,Y
2033.0,0.0,38.0,360,1.0,Self_Employed,No,0,Graduate,Rural,Y
4117.0,0.0,10.0,240,1.0,Salaried,Yes,3+,Not Graduate,Rural,Y
3938.0,0.0,114.0,360,1.0,Salaried,Yes,0,Graduate,Urban,Y
6285.0,1564.0,23.0,360,1.0,Salaried,Yes,0,Graduate,Urban,Y
9439.0,3197.0,10.0,360,1.0,Salaried,No,3+,Graduate,Rural,Y
9783.0,2358.0,10.0,360,0.0,Salaried,No,0,Graduate,Semiurban,Y
3083.0,0.0,10.0,480,1.0,Salaried,Yes,2,Graduate,Rural,Y
4300.0,0.0,135.0,360,1.0,Salaried,Yes,0,Graduate,Urban,Y
6161.0,0.0,10.0,180,0.0,Salaried,Yes,0,Graduate,Rural,N
4028.0,10594.0,27.0,360,1.0,Salaried,Yes,0,Not Graduate,Semiurban,Y
17781.0,4471.0,17.0,240,1.0,Self_Employed,Yes,0,Graduate,Urban,Y
7279.0,521.0,43.0,360,1.0,Salaried,No,1,Graduate,Semiurban,Y
8848.0,6986.0,10.0,240,0.0,Self_Employed,Yes,0,Not Graduate,Rural,N
8352.0,6392.0,10.0,120,1.0,Salaried,Yes,0,Graduate,Semiurban,Y
12566.0,0.0,17.0,240,1.0,Salaried,Yes,2,Graduate,Urban,Y
5681.0,0.0,10.0,300,1.0,Salaried,No,0,Not Graduate,Semiurban,Y
1742.0,0.0,10.0,180,1.0,Salaried,Yes,1,Graduate,Rural,Y
6767.0,0.0,10.0,240,1.0,Salaried,No,0,Graduate,Urban,Y
2919.0,8510.0,95.0,360,1.0,Salaried,No,2,Graduate,Urban,Y
3220.0,0.0,10.0,360,1.0,Salaried,Yes,0,Not Graduate,Urban,Y
7856.0,805.0,10.0,360,0.0,Self_Employed,Yes,0,Not Graduate,Urban,N
13235.0,0.0,10.0,360,1.0,Salaried,Yes,0,Graduate,Urban,Y
4999.0,0.0,20.0,360,1.0,Salaried,No,2,Graduate,Semiurban,Y
6292.0,6897.0,10.0,360,1.0,Salaried,No,3+,Graduate,Semiurban,Y
19183.0,0.0,129.0,360,1.0,Salaried,Yes,0,Graduate,Semiurban,Y
5959.0,2219.0,71.0,360,1.0,Salaried,Yes,2,Graduate,Semiurban,Y
39393.0,0.0,155.0,360,0.0,Salaried,Yes,0,Not Graduate,Urban,N
7726.0,0.0,46.0,240,1.0,Self_Employed,Yes,0,Not Graduate,Semiurban,Y
1202.0,1763.0,10.0,360,,Salaried,No,2,Graduate,Semiurban,Y
8979.0,0.0,91.0,360,,Salaried,No,0,Not Graduate,Rural,N
6667.0,0.0,10.0,180,,Salaried,Yes,0,Graduate,Semiurban,Y
13791.0,0.0,10.0,180,0.0,Salaried,Yes,1,Not Graduate,Urban,N
8422.0,3376.0,38.0,240,0.0,Salaried,No,2,Graduate,Semiurban,Y
4399.0,0.0,77.0,360,1.0,Salaried,Yes,0,Graduate,Urban,Y
1846.0,2060.0,63.0,480,,Salaried,Yes,0,Graduate,Rural,Y
4158.0,2988.0,57.0,300,0.0,Salaried,Yes,0,Graduate,Semiurban,Y
2489.0,2601.0,10.0,240,1.0,Salaried,Yes,0,Not Graduate,Rural,Y
3089.0,7264.0,18.0,240,1.0,Salaried,No,0,Not Graduate,Semiurban,Y
7870.0,3471.0,54.0,360,1.0,Salaried,Yes,3+,Graduate,Urban,Y
18693.0,0.0,58.0,240,1.0,Salaried,Yes,0,Graduate,Semiurban,Y
6739.0,3001.0,72.0,360,1.0,Salaried,Yes,1,Graduate,Semiurban,Y
1888.0,6244.0,64.0,360,0.0,Self_Employed,No,3+,Graduate,Urban,N
7014.0,3937.0,56.0,360,0.0,Self_Employed,Yes,1,Graduate,Semiurban,N
12801.0,0.0,10.0,360,0.0,Salaried,No,0,Graduate,Rural,N
3017.0,0.0,11.0,360,1.0,Salaried,Yes,1,Not Graduate,Urban,Y
4415.0,1528.0,10.0,360,1.0,Salaried,Yes,3+,Graduate,Urban,Y
4973.0,4251.0,38.0,360,1.0,Salaried,Yes,0,Not Graduate,Rural,Y
2623.0,2898.0,10.0,360,,Salaried,No,0,Graduate,Urban,Y
8255.0,2098.0,10.0,360,1.0,Salaried,Yes,0,Not Graduate,Urban,Y
4462.0,6467.0,48.0,360,1.0,Salaried,Yes,0,Graduate,Semiurban,Y
6875.0,0.0,10.0,360,,Salaried,No,0,Graduate,Semiurban,Y
2416.0,2218.0,35.0,360,1.0,Salaried,Yes,1,Graduate,Rural,Y
3463.0,0.0,10.0,360,1.0,Self_Employed,No,1,Graduate,Semiurban,Y
8760.0,3718.0,113.0,120,1.0,Salaried,Yes,0,Graduate,Rural,Y
3647.0,0.0,56.0,180,1.0,Salaried,Yes,1,Graduate,Semiurban,Y
19566.0,0.0,49.0,360,1.0,Salaried,Yes,0,Not Graduate,Semiurban,Y
3570.0,0.0,10.0,180,1.0,Salaried,No,1,Graduate,Urban,Y
5883.0,1031.0,52.0,240,1.0,Salaried,Yes,1,Graduate,Semiurban,Y
10364.0,2334.0,40.0,240,0.0,Salaried,Yes,1,Not Graduate,Rural,Y
1580.0,0.0,16.0,360,1.0,Salaried,Yes,0,Not Graduate,Urban,Y
1202.0,0.0,55.0,360,,Salaried,Yes,1,Graduate,Urban,N
1450.0,0.0,75.0,240,1.0,Salaried,No,0,Graduate,Semiurban,Y
13495.0,0.0,10.0,240,1.0,Salaried,Yes,0,Graduate,Semiurban,Y
3161.0,0.0,10.0,360,1.0,Salaried,No,0,Graduate,Urban,Y
38046.0,1982.0,79.0,360,1.0,Salaried,No,0,Graduate,Rural,Y
3129.0,0.0,10.0,180,1.0,Salaried,No,0,Graduate,Semiurban,Y
5697.0,3422.0,15.0,180,1.0,Salaried,Yes,0,Graduate,Urban,Y
16877.0,5123.0,56.0,360,1.0,Salaried,Yes,0,Graduate,Rural,Y
24462.0,0.0,72.0,360,1.0,Salaried,Yes,1,Graduate,Urban,Y
25571.0,2349.0,53.0,360,1.0,Salaried,Yes,0,Graduate,Rural,Y
12922.0,0.0,98.0,360,1.0,Salaried,Yes,0,Not Graduate,Urban,N
11151.0,4101.0,31.0,360,1.0,Salaried,Yes,0,Not Graduate,Urban,Y
7895.0,0.0,34.0,240,1.0,Salaried,No,1,Graduate,Semiurban,Y
9161.0,0.0,71.0,180,1.0,Salaried,Yes,1,Graduate,Semiurban,Y
3162.0,0.0,10.0,360,1.0,Salaried,Yes,2,Graduate,Semiurban,Y
2554.0,1492.0,112.0,360,0.0,Self_Employed,No,2,Graduate,Urban,N
4902.0,0.0,10.0,360,1.0,Self_Employed,Yes,0,Graduate,Urban,Y
4289.0,0.0,112.0,480,1.0,Self_Employed,Yes,1,Graduate,Semiurban,N
3420.0,0.0,10.0,360,1.0,Self_Employed,Yes,0,Graduate,Rural,Y
8579.0,2206.0,59.0,360,1.0,Salaried,Yes,0,Not Graduate,Semiurban,Y
10554.0,0.0,10.0,180,1.0,Salaried,Yes,3+,Graduate,Urban,Y
5275.0,0.0,73.0,180,0.0,Self_Employed,Yes,0,Graduate,Semiurban,N
16027.0,0.0,32.0,360,,Salaried,Yes,1,Graduate,Semiurban,Y
1972.0,0.0,21.0,240,0.0,Salaried,Yes,3+,Not Graduate,Urban,N
4209.0,0.0,10.0,120,1.0,Self_Employed,Yes,0,Graduate,Semiurban,Y
2770.0,2471.0,63.0,360,1.0,Salaried,Yes,0,Graduate,Semiurban,Y
1104.0,1815.0,10.0,360,0.0,Salaried,Yes,0,Graduate,Urban,N
4600.0,1680.0,93.0,240,1.0,Self_Employed,Yes,0,Graduate,Semiurban,N
4459.0,0.0,10.0,360,1.0,Self_Employed,No,0,Graduate,Semiurban,Y
16494.0,0.0,10.0,120,0.0,Salaried,Yes,3+,Graduate,Rural,Y
8141.0,5794.0,96.0,240,0.0,Salaried,Yes,3+,Not Graduate,Semiurban,N
2166.0,0.0,10.0,360,1.0,Salaried,No,1,Graduate,Semiurban,Y
21661.0,0.0,36.0,360,0.0,Salaried,No,2,Not Graduate,Urban,Y
13054.0,0.0,19.0,120,1.0,Salaried,Yes,0,Graduate,Semiurban,Y
7830.0,1530.0,10.0,300,1.0,Salaried,No,1,Graduate,Urban,Y
4100.0,3843.0,10.0,240,1.0,Salaried,Yes,0,Graduate,Urban,Y
2281.0,1311.0,,480,0.0,Salaried,No,0,Graduate,Urban,N
3649.0,1487.0,62.0,360,1.0,Salaried,Yes,0,Graduate,Semiurban,Y
11743.0,6681.0,38.0,360,1.0,Self_Employed,Yes,1,Graduate,Semiurban,Y
22196.0,11276.0,91.0,180,1.0,Salaried,No,0,Not Graduate,Rural,Y
16892.0,0.0,10.0,360,1.0,Salaried,Yes,0,Graduate,Semiurban,Y
3324.0,6467.0,15.0,360,1.0,Salaried,Yes,1,Graduate,Semiurban,Y
2007.0,0.0,22.0,360,1.0,Salaried,No,1,Graduate,Urban,Y
5501.0,1169.0,10.0,240,1.0,Self_Employed,Yes,0,Not Graduate,Semiurban,Y
1194.0,4576.0,10.0,480,1.0,Self_Employed,No,0,Graduate,Urban,Y
6365.0,4440.0,10.0,360,1.0,Salaried,Yes,2,Graduate,Semiurban,Y
4367.0,3134.0,,240,1.0,Salaried,No,0,Graduate,Urban,Y
3385.0,0.0,48.0,300,1.0,Salaried,Yes,1,Graduate,Rural,Y
1372.0,5846.0,37.0,360,1.0,Self_Employed,Yes,0,Not Graduate,Semiurban,Y
7412.0,0.0,53.0,360,1.0,Salaried,Yes,1,Graduate,Semiurban,Y
3209.0,0.0,10.0,360,1.0,Salaried,No,1,Graduate,Urban,Y
1928.0,0.0,10.0,360,1.0,Salaried,Yes,2,Graduate,Semiurban,Y
494.0,0.0,10.0,240,1.0,Salaried,Yes,0,Not Graduate,Semiurban,Y
4808.0,0.0,54.0,180,,Salaried,Yes,0,Graduate,Urban,N
20288.0,1846.0,18.0,360,1.0,Salaried,Yes,2,Graduate,Urban,Y
18565.0,0.0,99.0,360,0.0,Salaried,Yes,0,Not Graduate,Urban,N
3410.0,2484.0,10.0,360,1.0,Salaried,No,2,Graduate,Semiurban,Y
3036.0,1052.0,10.0,240,,Salaried,Yes,2,Graduate,Urban,Y
7151.0,0.0,10.0,180,1.0,Salaried,Yes,0,Graduate,Urban,Y
2211.0,0.0,65.0,300,1.0,Salaried,No,3+,Graduate,Urban,N
6257.0,0.0,32.0,360,,Salaried,Yes,0,Graduate,Semiurban,Y
9071.0,8769.0,139.0,360,1.0,Salaried,No,1,Not Graduate,Urban,Y
13115.0,0.0,10.0,300,,Salaried,No,1,Graduate,Rural,Y
4536.0,5138.0,23.0,300,1.0,Salaried,Yes,0,Graduate,Urban,Y
4176.0,3141.0,19.0,180,1.0,Self_Employed,No,1,Graduate,Urban,Y
2435.0,3028.0,43.0,360,1.0,Salaried,Yes,2,Not Graduate,Semiurban,Y
2536.0,0.0,10.0,360,1.0,Salaried,No,1,Graduate,Rural,Y
4100.0,2266.0,93.0,480,1.0,Salaried,Yes,0,Graduate,Rural,Y
6594.0,0.0,19.0,360,0.0,Salaried,Yes,1,Not Graduate,Urban,N
10207.0,0.0,10.0,240,1.0,Salaried,No,0,Not Graduate,Urban,Y
2585.0,0.0,10.0,360,1.0,Salaried,No,0,Graduate,Semiurban,Y
16222.0,0.0,14.0,360,,Self_Employed,Yes,0,Graduate,Urban,Y
3956.0,0.0,149.0,180,1.0,Salaried,Yes,0,Graduate,Semiurban,Y
4831.0,0.0,66.0,360,1.0,Salaried,Yes,2,Graduate,Semiurban,Y
2703.0,0.0,10.0,360,1.0,Salaried,No,1,Graduate,Semiurban,Y
707.0,3347.0,10.0,360,1.0,Salaried,Yes,3+,Graduate,Rural,Y
9969.0,0.0,61.0,360,0.0,Salaried,No,0,Graduate,Urban,Y
8862.0,0.0,,360,1.0,Self_Employed,Yes,1,Graduate,Semiurban,Y
3924.0,7264.0,10.0,360,1.0,Salaried,Yes,0,Not Graduate,Semiurban,Y
5185.0,1000.0,49.0,120,0.0,Salaried,Yes,0,Not Graduate,Semiurban,N
7426.0,0.0,10.0,180,1.0,Self_Employed,No,2,Graduate,Semiurban,Y
1408.0,2235.0,10.0,240,0.0,Salaried,No,0,Graduate,Rural,Y
3219.0,0.0,52.0,360,1.0,Salaried,Yes,0,Not Graduate,Rural,N
9278.0,793.0,147.0,360,1.0,Self_Employed,No,0,Graduate,Semiurban,Y
1802.0,0.0,34.0,360,1.0,Self_Employed,No,2,Graduate,Semiurban,N
6216.0,3498.0,86.0,360,1.0,Salaried,No,1,Not Graduate,Semiurban,Y
1660.0,0.0,92.0,300,0.0,Salaried,No,0,Graduate,Rural,N
7138.0,0.0,10.0,360,1.0,Salaried,No,0,Graduate,Urban,Y
4777.0,0.0,10.0,360,1.0,Salaried,Yes,0,Not Graduate,Semiurban,Y
1350.0,0.0,37.0,300,1.0,Salaried,Yes,0,Graduate,Semiurban,N
12479.0,3046.0,19.0,300,1.0,Salaried,No,2,Graduate,Semiurban,Y
2731.0,8765.0,10.0,480,,Salaried,No,3+,Not Graduate,Urban,Y
2570.0,2062.0,10.0,360,1.0,Salaried,Yes,3+,Graduate,Semiurban,Y
5770.0,0.0,44.0,120,0.0,Salaried,No,2,Graduate,Semiurban,N
12319.0,5276.0,26.0,480,1.0,Salaried,No,2,Graduate,Urban,Y
2181.0,957.0,10.0,360,1.0,Salaried,Yes,2,Graduate,Semiurban,Y
5163.0,0.0,10.0,180,,Salaried,Yes,3+,Graduate,Semiurban,Y
6926.0,0.0,10.0,180,,Salaried,No,2,Graduate,Rural,Y
8557.0,0.0,10.0,300,1.0,Salaried,Yes,0,Graduate,Urban,Y
5660.0,834.0,10.0,360,1.0,Salaried,Yes,0,Not Graduate,Urban,Y
3664.0,11026.0,10.0,360,1.0,Self_Employed,Yes,1,Not Graduate,Urban,Y
2535.0,0.0,37.0,240,1.0,Salaried,No,1,Graduate,Rural,N
5265.0,3391.0,10.0,360,1.0,Salaried,Yes,1,Graduate,Rural,Y
2085.0,0.0,57.0,240,1.0,Salaried,No,1,Graduate,Semiurban,Y
475.0,0.0,10.0,180,1.0,Salaried,Yes,1,Graduate,Urban,N
6969.0,0.0,10.0,360,1.0,Salaried,Yes,0,Graduate,Semiurban,Y
10129.0,4080.0,56.0,300,,Salaried,Yes,0,Graduate,Semiurban,Y
742.0,0.0,10.0,360,1.0,Salaried,No,2,Not Graduate,Rural,Y
2191.0,0.0,20.0,360,0.0,Salaried,Yes,1,Graduate,Semiurban,N
8065.0,0.0,10.0,180,1.0,Salaried,Yes,0,Not Graduate,Rural,Y
25489.0,4909.0,78.0,120,1.0,Salaried,No,2,Graduate,Urban,Y
4997.0,1840.0,28.0,180,1.0,Salaried,No,0,Not Graduate,Semiurban,Y
2745.0,1111.0,10.0,360,1.0,Salaried,Yes,0,Not Graduate,Rural,Y
4246.0,0.0,10.0,360,1.0,Salaried,Yes,0,Graduate,Semiurban,Y
14763.0,0.0,44.0,360,1.0,Self_Employed,Yes,2,Graduate,Rural,Y
2931.0,6043.0,28.0,360,1.0,Salaried,Yes,1,Graduate,Rural,Y
2593.0,0.0,15.0,300,1.0,Salaried,Yes,0,Graduate,Semiurban,Y
3340.0,3611.0,24.0,300,,Salaried,Yes,3+,Graduate,Urban,Y
2292.0,0.0,10.0,300,1.0,Salaried,Yes,3+,Graduate,Semiurban,Y
5422.0,0.0,41.0,360,1.0,Salaried,Yes,1,Graduate,Semiurban,Y
18029.0,7743.0,93.0,240,1.0,Salaried,Yes,2,Graduate,Rural,Y
6364.0,2193.0,10.0,360,,Salaried,Yes,1,Graduate,Semiurban,Y
4016.0,4574.0,10.0,360,1.0,Self_Employed,No,1,Not Graduate,Rural,Y
3892.0,0.0,107.0,240,1.0,Self_Employed,Yes,0,Graduate,Rural,N
1407.0,0.0,10.0,360,1.0,Salaried,No,0,Graduate,Semiurban,Y
9962.0,0.0,73.0,480,1.0,Salaried,No,0,Graduate,Semiurban,Y
4618.0,1087.0,10.0,120,1.0,Self_Employed,Yes,2,Graduate,Semiurban,Y
4254.0,0.0,11.0,240,1.0,Self_Employed,Yes,0,Graduate,Semiurban,Y
63227.0,4720.0,170.0,360,1.0,Self_Employed,Yes,0,Graduate,Rural,Y
6242.0,0.0,141.0,360,1.0,Salaried,Yes,0,Graduate,Semiurban,Y
2693.0,9326.0,55.0,240,1.0,Self_Employed,Yes,0,Graduate,Rural,Y
3494.0,0.0,10.0,360,1.0,Salaried,No,0,Graduate,Semiurban,Y
12317.0,0.0,10.0,360,1.0,Salaried,Yes,2,Graduate,Semiurban,Y
5381.0,0.0,117.0,360,1.0,Salaried,Yes,3+,Graduate,Semiurban,Y
1555.0,0.0,10.0,300,1.0,Salaried,No,3+,Graduate,Semiurban,Y
10254.0,1368.0,63.0,360,1.0,Salaried,Yes,1,Graduate,Semiurban,Y
2880.0,4037.0,60.0,300,1.0,Self_Employed,Yes,3+,Graduate,Semiurban,Y
21996.0,0.0,17.0,240,0.0,Salaried,Yes,0,Graduate,Urban,N
11661.0,2131.0,76.0,360,1.0,Salaried,No,0,Graduate,Semiurban,Y
3436.0,3913.0,10.0,180,,Salaried,Yes,0,Graduate,Urban,N
13695.0,0.0,10.0,360,1.0,Salaried,Yes,2,Graduate,Semiurban,Y
5189.0,0.0,76.0,360,1.0,Self_Employed,Yes,0,Graduate,Rural,N
9723.0,21183.0,43.0,480,1.0,Salaried,Yes,1,Not Graduate,Rural,Y
7243.0,2120.0,53.0,360,1.0,Salaried,Yes,2,Graduate,Semiurban,Y
2497.0,631.0,28.0,360,1.0,Salaried,Yes,1,Graduate,Urban,Y
2937.0,0.0,37.0,120,1.0,Salaried,Yes,0,Graduate,Semiurban,Y
11203.0,0.0,10.0,360,1.0,Salaried,No,1,Graduate,Semiurban,Y
3760.0,0.0,10.0,360,1.0,Self_Employed,No,2,Graduate,Semiurban,Y
3558.0,0.0,10.0,360,1.0,Salaried,No,0,Not Graduate,Urban,Y
2289.0,3941.0,10.0,240,1.0,Salaried,Yes,1,Graduate,Urban,Y
6897.0,0.0,38.0,360,1.0,Self_Employed,Yes,2,Graduate,Semiurban,Y
25592.0,0.0,99.0,360,1.0,Salaried,Yes,3+,Not Graduate,Urban,Y
2092.0,2299.0,,180,1.0,Salaried,Yes,0,Not Graduate,Urban,Y
5011.0,0.0,10.0,360,1.0,Salaried,Yes,0,Graduate,Rural,Y
15211.0,0.0,67.0,360,0.0,Salaried,Yes,0,Graduate,Rural,N
4611.0,0.0,27.0,300,1.0,Salaried,Yes,1,Not Graduate,Urban,Y
7058.0,0.0,56.0,360,0.0,Salaried,Yes,2,Graduate,Urban,N
2101.0,4229.0,,480,1.0,Salaried,Yes,3+,Graduate,Semiurban,Y
6923.0,5536.0,135.0,120,0.0,Self_Employed,Yes,3+,Not Graduate,Urban,N
4231.0,0.0,56.0,360,1.0,Salaried,No,1,Not Graduate,Semiurban,N
10814.0,3832.0,98.0,360,0.0,Salaried,Yes,1,Graduate,Semiurban,N
12707.0,0.0,85.0,360,,Self_Employed,No,0,Graduate,Semiurban,Y
39013.0,0.0,68.0,360,1.0,Salaried,No,0,Graduate,Urban,Y
7814.0,0.0,10.0,360,1.0,Self_Employed,No,3+,Graduate,Urban,Y
6378.0,0.0,15.0,180,1.0,Salaried,No,1,Graduate,Rural,Y
5742.0,0.0,10.0,360,1.0,Salaried,Yes,0,Not Graduate,Rural,Y
3705.0,0.0,30.0,360,1.0,Self_Employed,Yes,0,Graduate,Rural,Y
6443.0,0.0,10.0,180,0.0,Salaried,No,0,Not Graduate,Semiurban,N
3880.0,2762.0,10.0,120,1.0,Salaried,Yes,1,Graduate,Semiurban,Y
5624.0,6596.0,75.0,360,1.0,Self_Employed,Yes,2,Not Graduate,Urban,Y
14102.0,1862.0,27.0,360,1.0,Salaried,Yes,0,Not Graduate,Semiurban,Y
2197.0,2586.0,10.0,360,1.0,Salaried,Yes,0,Graduate,Rural,Y
12233.0,6539.0,62.0,360,1.0,Salaried,No,1,Not Graduate,Urban,Y
14097.0,7849.0,10.0,360,1.0,Salaried,Yes,0,Not Graduate,Semiurban,Y
4472.0,0.0,10.0,480,0.0,Salaried,Yes,0,Not Graduate,Urban,N
900.0,0.0,10.0,360,1.0,Self_Employed,No,0,Graduate,Rural,Y
3022.0,3663.0,10.0,360,1.0,Self_Employed,Yes,0,Not Graduate,Semiurban,Y
13872.0,0.0,77.0,360,1.0,Salaried,No,1,Graduate,Rural,Y
4826.0,0.0,33.0,360,1.0,Salaried,No,3+,Graduate,Urban,Y
2210.0,7310.0,10.0,360,1.0,Salaried,No,0,Graduate,Rural,Y
3282.0,0.0,11.0,360,1.0,Salaried,No,1,Graduate,Urban,Y
9629.0,0.0,10.0,240,1.0,Self_Employed,No,0,Graduate,Urban,Y
7611.0,4079.0,35.0,240,1.0,Salaried,No,1,Graduate,Urban,Y
4060.0,0.0,153.0,240,1.0,Salaried,Yes,1,Not Graduate,Urban,N
3665.0,7684.0,122.0,360,1.0,Salaried,Yes,0,Graduate,Urban,Y
3592.0,0.0,10.0,360,1.0,Salaried,Yes,1,Graduate,Semiurban,Y
2350.0,2441.0,20.0,360,,Self_Employed,No,0,Not Graduate,Rural,Y
17895.0,0.0,10.0,360,1.0,Salaried,Yes,1,Graduate,Rural,Y
3798.0,0.0,10.0,360,1.0,Salaried,Yes,1,Graduate,Semiurban,Y
13013.0,0.0,32.0,300,1.0,Self_Employed,No,1,Graduate,Urban,Y
16598.0,10587.0,10.0,180,0.0,Salaried,No,3+,Graduate,Urban,Y
10923.0,0.0,58.0,360,1.0,Salaried,No,3+,Not Graduate,Semiurban,Y
3480.0,0.0,85.0,360,1.0,Salaried,Yes,2,Not Graduate,Rural,N
6788.0,0.0,,360,1.0,Salaried,Yes,2,Not Graduate,Semiurban,Y
4821.0,0.0,20.0,300,0.0,Salaried,Yes,0,Not Graduate,Semiurban,Y
2385.0,0.0,10.0,180,1.0,Salaried,Yes,0,Graduate,Urban,Y
6371.0,0.0,58.0,360,1.0,Salaried,Yes,0,Not Graduate,Semiurban,Y
1914.0,0.0,10.0,360,1.0,Salaried,No,0,Graduate,Semiurban,Y
12710.0,0.0,10.0,360,1.0,Salaried,Yes,0,Not Graduate,Semiurban,Y
3389.0,0.0,52.0,360,1.0,Self_Employed,Yes,2,Graduate,Urban,Y
5773.0,0.0,70.0,180,1.0,Self_Employed,No,0,Graduate,Urban,Y
6165.0,3610.0,10.0,360,1.0,Self_Employed,Yes,1,Graduate,Rural,Y
3995.0,0.0,10.0,240,1.0,Self_Employed,No,0,Graduate,Semiurban,Y
7859.0,0.0,10.0,240,1.0,Salaried,No,1,Graduate,Semiurban,Y
3361.0,2577.0,10.0,360,1.0,Salaried,Yes,2,Graduate,Urban,Y
9868.0,0.0,10.0,480,0.0,Salaried,No,0,Graduate,Semiurban,Y
1674.0,0.0,10.0,360,0.0,Salaried,No,3+,Graduate,Semiurban,N
5438.0,11784.0,85.0,360,1.0,Salaried,Yes,0,Graduate,Urban,Y
23182.0,0.0,61.0,300,1.0,Salaried,Yes,3+,Graduate,Semiurban,Y
2208.0,2312.0,33.0,120,0.0,Salaried,Yes,0,Not Graduate,Semiurban,N
2858.0,1023.0,10.0,240,1.0,Self_Employed,Yes,0,Not Graduate,Urban,Y
7414.0,0.0,10.0,360,1.0,Self_Employed,Yes,3+,Graduate,Urban,Y
5674.0,3514.0,28.0,240,0.0,Salaried,Yes,1,Not Graduate,Semiurban,N
6506.0,2273.0,28.0,360,1.0,Salaried,No,1,Graduate,Semiurban,Y
7269.0,0.0,10.0,240,,Self_Employed,No,1,Graduate,Urban,Y
8166.0,1644.0,14.0,360,1.0,Salaried,Yes,0,Graduate,Rural,Y
11941.0,0.0,115.0,360,0.0,Salaried,Yes,0,Graduate,Semiurban,N
6822.0,0.0,33.0,360,1.0,Self_Employed,No,0,Graduate,Rural,Y
4052.0,1603.0,115.0,300,1.0,Salaried,No,0,Graduate,Semiurban,Y
8417.0,4774.0,96.0,360,1.0,Salaried,Yes,3+,Graduate,Urban,Y
22469.0,0.0,108.0,360,1.0,Salaried,Yes,2,Not Graduate,Rural,Y
4420.0,0.0,,360,1.0,Salaried,Yes,0,Graduate,Urban,Y
2254.0,3539.0,43.0,360,1.0,Self_Employed,Yes,2,Not Graduate,Semiurban,Y
11916.0,0.0,,180,1.0,Self_Employed,No,0,Graduate,Urban,Y
4464.0,897.0,10.0,360,1.0,Self_Employed,Yes,0,Graduate,Semiurban,Y
864.0,0.0,77.0,360,1.0,Self_Employed,Yes,2,Not Graduate,Rural,N
9681.0,2965.0,14.0,360,1.0,Salaried,Yes,0,Not Graduate,Semiurban,Y
3203.0,5412.0,10.0,360,1.0,Salaried,No,0,Graduate,Semiurban,Y
4571.0,5656.0,10.0,240,1.0,Salaried,Yes,1,Graduate,Rural,Y
6410.0,0.0,10.0,180,1.0,Salaried,Yes,3+,Graduate,Urban,Y
5724.0,0.0,10.0,240,,Salaried,No,1,Graduate,Urban,Y
8669.0,0.0,10.0,480,1.0,Self_Employed,No,0,Graduate,Rural,Y
3469.0,2858.0,103.0,120,1.0,Salaried,Yes,0,Graduate,Semiurban,Y
7409.0,1618.0,10.0,360,,Salaried,Yes,1,Graduate,Semiurban,Y
3993.0,1565.0,97.0,360,1.0,Salaried,No,1,Graduate,Semiurban,N
8875.0,0.0,69.0,360,1.0,Salaried,Yes,2,Graduate,Urban,Y
8041.0,0.0,43.0,240,1.0,Salaried,Yes,3+,Not Graduate,Urban,Y
2325.0,0.0,42.0,240,1.0,Self_Employed,Yes,2,Not Graduate,Urban,Y
11717.0,3376.0,30.0,360,1.0,Salaried,Yes,1,Graduate,Urban,Y
3201.0,0.0,73.0,180,1.0,Salaried,Yes,0,Graduate,Semiurban,Y
9381.0,5236.0,61.0,180,1.0,Salaried,No,1,Graduate,Semiurban,Y
6593.0,0.0,10.0,180,1.0,Salaried,Yes,1,Graduate,Semiurban,Y
21387.0,3187.0,83.0,360,1.0,Salaried,No,0,Graduate,Urban,Y
4110.0,0.0,51.0,300,1.0,Salaried,Yes,0,Graduate,Urban,N
3717.0,5143.0,10.0,240,1.0,Self_Employed,No,0,Graduate,Semiurban,Y
4839.0,0.0,13.0,300,1.0,Salaried,No,2,Graduate,Semiurban,Y
3856.0,0.0,10.0,240,0.0,Salaried,No,0,Graduate,Urban,N
9320.0,0.0,10.0,360,1.0,Self_Employed,No,2,Graduate,Semiurban,Y
1349.0,0.0,10.0,240,1.0,Salaried,No,0,Graduate,Urban,Y
2116.0,0.0,10.0,360,1.0,Salaried,Yes,2,Not Graduate,Urban,Y
2092.0,0.0,36.0,180,1.0,Salaried,Yes,0,Graduate,Rural,N
10512.0,0.0,10.0,360,0.0,Salaried,Yes,2,Graduate,Urban,N
19312.0,5487.0,14.0,180,1.0,Self_Employed,No,0,Graduate,Rural,Y
4521.0,0.0,10.0,360,1.0,Salaried,Yes,0,Graduate,Rural,Y
4294.0,0.0,10.0,360,1.0,Salaried,Yes,0,Graduate,Semiurban,Y
5198.0,4814.0,10.0,360,1.0,Salaried,Yes,0,Graduate,Semiurban,Y
12450.0,0.0,61.0,360,1.0,Salaried,No,2,Graduate,Rural,Y
2340.0,7821.0,10.0,180,1.0,Salaried,No,2,Graduate,Rural,Y
5947.0,13415.0,109.0,240,1.0,Salaried,No,0,Not Graduate,Semiurban,Y
10723.0,4293.0,19.0,240,1.0,Self_Employed,Yes,0,Graduate,Urban,Y
7338.0,693.0,14.0,240,1.0,Salaried,Yes,2,Graduate,Urban,Y
5720.0,0.0,18.0,300,1.0,Salaried,Yes,1,Not Graduate,Urban,Y
10947.0,0.0,27.0,360,1.0,Salaried,Yes,0,Graduate,Urban,Y
565.0,0.0,10.0,120,,Salaried,Yes,0,Not Graduate,Urban,N
8453.0,0.0,10.0,300,1.0,Salaried,Yes,1,Graduate,Semiurban,Y
2912.0,4499.0,25.0,240,1.0,Salaried,No,0,Graduate,Semiurban,Y
1136.0,0.0,26.0,360,1.0,Salaried,Yes,1,Graduate,Semiurban,Y
7398.0,0.0,10.0,480,1.0,Salaried,Yes,1,Graduate,Urban,Y
14749.0,0.0,61.0,360,1.0,Salaried,No,0,Graduate,Urban,Y
4403.0,0.0,74.0,360,1.0,Salaried,Yes,1,Graduate,Semiurban,Y
10533.0,0.0,48.0,300,1.0,Self_Employed,Yes,2,Graduate,Semiurban,Y
17851.0,0.0,79.0,360,1.0,Salaried,Yes,0,Not Graduate,Semiurban,Y
14072.0,0.0,38.0,180,1.0,Self_Employed,Yes,0,Graduate,Semiurban,Y
18251.0,1095.0,10.0,480,,Salaried,No,1,Graduate,Rural,Y
8899.0,776.0,10.0,360,1.0,Self_Employed,Yes,0,Not Graduate,Semiurban,Y
5220.0,0.0,27.0,300,1.0,Salaried,No,2,Graduate,Semiurban,Y
1364.0,0.0,49.0,480,1.0,Salaried,No,3+,Graduate,Urban,Y
4037.0,0.0,150.0,360,1.0,Salaried,Yes,3+,Not Graduate,Rural,N
2503.0,0.0,57.0,360,1.0,Salaried,Yes,0,Graduate,Semiurban,Y
27910.0,8484.0,25.0,120,,Self_Employed,Yes,1,Not Graduate,Urban,Y
4270.0,3432.0,10.0,360,1.0,Salaried,Yes,2,Graduate,Rural,Y
5424.0,0.0,122.0,300,1.0,Self_Employed,Yes,0,Graduate,Semiurban,N
7640.0,0.0,10.0,300,1.0,Self_Employed,Yes,0,Not Graduate,Urban,Y
5089.0,3036.0,15.0,240,1.0,Salaried,Yes,0,Graduate,Rural,Y
19073.0,0.0,10.0,360,1.0,Salaried,No,2,Graduate,Semiurban,Y
2987.0,0.0,,360,1.0,Self_Employed,Yes,0,Graduate,Rural,Y
5743.0,0.0,38.0,240,1.0,Salaried,Yes,0,Graduate,Rural,Y
2714.0,0.0,10.0,360,1.0,Self_Employed,No,1,Graduate,Urban,Y
1710.0,1059.0,10.0,240,0.0,Salaried,Yes,1,Graduate,Semiurban,N
3013.0,0.0,21.0,180,1.0,Salaried,Yes,0,Graduate,Semiurban,Y
4771.0,0.0,14.0,360,0.0,Salaried,No,1,Graduate,Semiurban,N
3486.0,0.0,49.0,360,,Salaried,Yes,1,Graduate,Urban,N
2824.0,3773.0,40.0,480,1.0,Salaried,Yes,1,Graduate,Semiurban,Y
1596.0,0.0,10.0,360,1.0,Salaried,Yes,1,Graduate,Rural,Y
4599.0,2045.0,10.0,240,1.0,Salaried,Yes,0,Graduate,Rural,Y
1475.0,1497.0,10.0,480,1.0,Salaried,Yes,3+,Graduate,Urban,Y
9028.0,0.0,10.0,360,1.0,Salaried,Yes,0,Graduate,Urban,Y
5250.0,8568.0,16.0,240,1.0,Salaried,Yes,0,Graduate,Semiurban,Y
1531.0,0.0,10.0,360,1.0,Salaried,Yes,2,Not Graduate,Urban,Y
3838.0,2233.0,10.0,360,0.0,Salaried,No,2,Graduate,Semiurban,N
2693.0,0.0,39.0,360,1.0,Salaried,Yes,1,Not Graduate,Rural,Y
6344.0,5886.0,16.0,480,1.0,Salaried,Yes,0,Graduate,Urban,Y
14362.0,3296.0,10.0,180,1.0,Salaried,No,0,Graduate,Semiurban,Y
1096.0,1672.0,10.0,360,1.0,Self_Employed,Yes,0,Graduate,Semiurban,Y
5388.0,0.0,21.0,240,1.0,Salaried,Yes,0,Graduate,Urban,Y
4324.0,0.0,18.0,360,1.0,Salaried,Yes,1,Graduate,Urban,Y
8409.0,2833.0,44.0,360,1.0,Self_Employed,No,2,Graduate,Rural,Y
5829.0,0.0,57.0,240,1.0,Salaried,No,1,Graduate,Urban,Y
2693.0,0.0,71.0,300,1.0,Salaried,No,0,Graduate,Semiurban,Y
3808.0,0.0,19.0,480,,Salaried,No,0,Not Graduate,Urban,N
2600.0,2665.0,10.0,360,1.0,Salaried,Yes,1,Graduate,Semiurban,Y
11624.0,0.0,10.0,360,1.0,Self_Employed,Yes,1,Graduate,Urban,Y
4999.0,6436.0,,240,,Salaried,No,2,Not Graduate,Urban,N
22493.0,618.0,126.0,360,,Salaried,Yes,3+,Not Graduate,Urban,Y
4682.0,0.0,105.0,360,1.0,Salaried,Yes,2,Graduate,Urban,Y
2789.0,0.0,36.0,360,1.0,Salaried,Yes,0,Not Graduate,Rural,Y
1464.0,2974.0,48.0,240,1.0,Self_Employed,Yes,1,Graduate,Semiurban,Y
1162.0,2693.0,19.0,360,1.0,Salaried,Yes,0,Graduate,Rural,Y
1384.0,0.0,23.0,180,1.0,Salaried,Yes,0,Not Graduate,Rural,N
6086.0,0.0,10.0,120,1.0,Salaried,Yes,0,Graduate,Urban,Y
7383.0,1584.0,10.0,360,1.0,Salaried,Yes,0,Graduate,Rural,Y
1387.0,0.0,10.0,240,1.0,Salaried,Yes,0,Graduate,Semiurban,Y
10057.0,4038.0,63.0,180,1.0,Salaried,Yes,2,Graduate,Semiurban,Y
3339.0,2383.0,10.0,360,1.0,Salaried,Yes,0,Graduate,Rural,Y
5527.0,0.0,107.0,360,1.0,Self_Employed,Yes,2,Graduate,Urban,N
17850.0,8862.0,137.0,360,1.0,Salaried,No,3+,Graduate,Urban,Y
10072.0,5727.0,37.0,360,1.0,Salaried,Yes,3+,Graduate,Urban,Y
3965.0,0.0,10.0,360,1.0,Salaried,Yes,3+,Not Graduate,Rural,Y
2409.0,0.0,88.0,300,1.0,Salaried,Yes,1,Graduate,Urban,Y
879.0,5200.0,19.0,240,1.0,Salaried,Yes,0,Graduate,Rural,Y
2765.0,0.0,26.0,360,,Self_Employed,Yes,1,Graduate,Urban,Y
4151.0,0.0,15.0,240,1.0,Self_Employed,No,2,Graduate,Semiurban,Y
2231.0,8999.0,10.0,360,1.0,Self_Employed,Yes,2,Not Graduate,Semiurban,Y
4425.0,0.0,11.0,360,0.0,Self_Employed,No,3+,Not Graduate,Rural,N
5226.0,7662.0,10.0,240,1.0,Salaried,No,1,Graduate,Urban,Y
4106.0,0.0,10.0,360,1.0,Salaried,Yes,0,Graduate,Urban,Y
2922.0,0.0,27.0,360,,Salaried,Yes,3+,Graduate,Rural,N
5625.0,0.0,90.0,180,,Salaried,Yes,3+,Graduate,Rural,Y
6999.0,2404.0,42.0,180,1.0,Self_Employed,Yes,0,Graduate,Urban,Y
2054.0,0.0,10.0,360,1.0,Salaried,No,1,Not Graduate,Semiurban,Y
15195.0,0.0,10.0,180,1.0,Salaried,No,2,Graduate,Urban,Y
4542.0,1246.0,54.0,120,1.0,Self_Employed,Yes,0,Graduate,Semiurban,Y
4989.0,952.0,10.0,300,1.0,Salaried,Yes,2,Graduate,Rural,Y
8661.0,1774.0,52.0,360,1.0,Salaried,Yes,0,Graduate,Rural,Y
5923.0,0.0,25.0,360,1.0,Salaried,Yes,0,Graduate,Semiurban,Y
10536.0,0.0,56.0,360,1.0,Salaried,Yes,0,Graduate,Urban,Y
6184.0,5662.0,40.0,360,1.0,Salaried,No,1,Graduate,Semiurban,Y
3011.0,0.0,29.0,360,1.0,Salaried,Yes,0,Graduate,Rural,N
6563.0,0.0,12.0,480,1.0,Salaried,No,0,Graduate,Rural,Y
1968.0,0.0,10.0,360,,Salaried,Yes,3+,Graduate,Semiurban,Y
5361.0,2168.0,10.0,180,1.0,Salaried,No,0,Graduate,Urban,Y
4786.0,0.0,10.0,480,1.0,Salaried,No,0,Not Graduate,Urban,Y
4161.0,2105.0,10.0,120,1.0,Salaried,No,2,Not Graduate,Rural,Y
4434.0,3097.0,96.0,360,1.0,Salaried,Yes,0,Graduate,Semiurban,Y
1091.0,0.0,,120,,Salaried,Yes,2,Graduate,Semiurban,Y
3169.0,5416.0,38.0,360,1.0,Salaried,Yes,0,Graduate,Urban,Y
5294.0,2454.0,10.0,360,,Salaried,Yes,2,Graduate,Urban,N
5585.0,786.0,60.0,300,1.0,Salaried,No,0,Graduate,Rural,Y
2160.0,2126.0,10.0,240,1.0,Salaried,Yes,3+,Graduate,Rural,Y
13529.0,3074.0,133.0,240,1.0,Salaried,Yes,0,Graduate,Semiurban,Y
2458.0,0.0,10.0,360,1.0,Salaried,No,0,Not Graduate,Semiurban,Y
10674.0,2003.0,10.0,240,1.0,Salaried,Yes,3+,Graduate,Rural,Y
6917.0,4267.0,10.0,360,0.0,Self_Employed,Yes,1,Graduate,Urban,Y
2931.0,3652.0,,300,1.0,Salaried,Yes,2,Not Graduate,Rural,Y
20338.0,0.0,11.0,300,1.0,Self_Employed,Yes,0,Graduate,Urban,Y
1891.0,0.0,10.0,360,0.0,Salaried,No,0,Graduate,Rural,Y
10253.0,1877.0,10.0,360,,Salaried,No,0,Not Graduate,Semiurban,Y
10943.0,0.0,10.0,180,1.0,Salaried,Yes,0,Graduate,Semiurban,Y
2874.0,2956.0,68.0,360,1.0,Salaried,Yes,0,Graduate,Semiurban,Y
14973.0,1904.0,,360,1.0,Salaried,Yes,3+,Graduate,Urban,Y
4024.0,4254.0,42.0,240,1.0,Self_Employed,Yes,0,Graduate,Urban,Y
6192.0,1809.0,16.0,240,1.0,Salaried,Yes,0,Graduate,Semiurban,Y
6053.0,3493.0,136.0,360,1.0,Salaried,No,0,Graduate,Semiurban,Y
4414.0,0.0,55.0,240,0.0,Salaried,Yes,2,Graduate,Urban,N
9402.0,3465.0,10.0,120,1.0,Salaried,Yes,0,Graduate,Semiurban,Y
9272.0,0.0,10.0,360,1.0,Salaried,Yes,0,Graduate,Urban,Y
1213.0,2351.0,85.0,240,1.0,Self_Employed,Yes,2,Graduate,Semiurban,Y
13953.0,3188.0,10.0,240,0.0,Salaried,Yes,0,Graduate,Rural,N
1300.0,0.0,12.0,480,1.0,Self_Employed,Yes,0,Graduate,Urban,Y
11227.0,0.0,31.0,240,1.0,Self_Employed,Yes,0,Not Graduate,Urban,Y
12105.0,9836.0,36.0,360,1.0,Salaried,Yes,0,Graduate,Semiurban,Y
2053.0,0.0,20.0,240,1.0,Salaried,Yes,0,Not Graduate,Semiurban,Y
3538.0,2850.0,19.0,360,1.0,Self_Employed,No,0,Not Graduate,Semiurban,Y
2029.0,991.0,33.0,360,1.0,Salaried,Yes,0,Graduate,Urban,Y
4138.0,3868.0,19.0,180,1.0,Salaried,Yes,0,Graduate,Semiurban,Y
3841.0,1366.0,34.0,360,1.0,Salaried,Yes,0,Graduate,Semiurban,Y
9170.0,2453.0,29.0,360,1.0,Salaried,Yes,0,Graduate,Urban,Y
14020.0,2297.0,19.0,240,1.0,Self_Employed,Yes,0,Not Graduate,Semiurban,Y
15011.0,0.0,44.0,360,0.0,Salaried,No,0,Graduate,Rural,N
3135.0,2024.0,10.0,360,1.0,Salaried,No,0,Graduate,Urban,Y
4157.0,0.0,10.0,360,1.0,Salaried,Yes,3+,Not Graduate,Semiurban,Y
1278.0,8145.0,13.0,360,1.0,Salaried,Yes,1,Graduate,Urban,Y
2579.0,0.0,10.0,120,1.0,Self_Employed,Yes,2,Graduate,Rural,Y
10635.0,0.0,37.0,240,1.0,Salaried,Yes,2,Graduate,Urban,Y
17898.0,2501.0,91.0,360,1.0,Self_Employed,Yes,1,Graduate,Urban,Y
1831.0,9431.0,10.0,360,0.0,Salaried,No,1,Graduate,Rural,N
3060.0,0.0,13.0,300,1.0,Salaried,Yes,1,Graduate,Semiurban,Y
4812.0,0.0,20.0,360,1.0,Salaried,No,1,Not Graduate,Semiurban,Y
6150.0,1845.0,10.0,120,1.0,Self_Employed,Yes,3+,Graduate,Rural,Y
2572.0,2030.0,12.0,360,1.0,Salaried,Yes,0,Not Graduate,Semiurban,Y
6900.0,0.0,59.0,360,1.0,Salaried,Yes,0,Graduate,Semiurban,Y
3364.0,1217.0,16.0,360,1.0,Self_Employed,No,0,Graduate,Semiurban,Y
4858.0,0.0,18.0,360,1.0,Salaried,Yes,2,Not Graduate,Rural,Y
7609.0,1668.0,10.0,180,1.0,Salaried,Yes,0,Graduate,Urban,Y
4940.0,4510.0,129.0,240,0.0,Salaried,No,3+,Graduate,Rural,N
3466.0,0.0,10.0,480,1.0,Self_Employed,No,0,Graduate,Semiurban,Y
4502.0,0.0,,240,1.0,Salaried,No,0,Graduate,Semiurban,Y
4579.0,7252.0,57.0,360,1.0,Self_Employed,Yes,0,Graduate,Urban,Y
3656.0,0.0,10.0,360,0.0,Salaried,No,1,Graduate,Urban,N
3996.0,0.0,10.0,360,1.0,Salaried,No,2,Graduate,Semiurban,Y
17658.0,0.0,34.0,240,0.0,Salaried,No,0,Graduate,Rural,Y
7698.0,1628.0,123.0,240,1.0,Self_Employed,No,1,Graduate,Semiurban,Y
3880.0,0.0,26.0,360,1.0,Salaried,No,0,Not Graduate,Semiurban,Y
8583.0,0.0,53.0,240,1.0,Salaried,Yes,1,Graduate,Rural,Y
3763.0,0.0,14.0,360,1.0,Salaried,Yes,0,Graduate,Rural,Y
12563.0,0.0,44.0,360,1.0,Salaried,No,2,Graduate,Semiurban,Y
6606.0,1739.0,80.0,300,0.0,Self_Employed,Yes,2,Graduate,Urban,N
4510.0,0.0,10.0,300,1.0,Salaried,Yes,0,Not Graduate,Semiurban,Y
7032.0,0.0,10.0,360,,Salaried,No,0,Graduate,Rural,Y
1399.0,5981.0,64.0,360,1.0,Salaried,Yes,2,Graduate,Semiurban,Y
1995.0,0.0,29.0,360,1.0,Self_Employed,Yes,0,Graduate,Urban,Y
1891.0,2685.0,19.0,360,1.0,Salaried,Yes,0,Graduate,Semiurban,Y
5510.0,0.0,36.0,360,1.0,Salaried,Yes,0,Not Graduate,Semiurban,Y
19654.0,2955.0,10.0,480,1.0,Salaried,No,0,Not Graduate,Rural,Y
29291.0,0.0,84.0,180,1.0,Salaried,No,1,Graduate,Semiurban,Y
8188.0,0.0,19.0,360,0.0,Salaried,No,0,Graduate,Rural,Y
7337.0,0.0,10.0,300,1.0,Salaried,No,3+,Graduate,Urban,Y
1163.0,0.0,62.0,360,0.0,Salaried,Yes,1,Not Graduate,Rural,N
3184.0,0.0,10.0,360,1.0,Salaried,Yes,1,Graduate,Semiurban,Y
2617.0,1812.0,131.0,240,1.0,Salaried,No,0,Graduate,Rural,N
2991.0,0.0,48.0,360,1.0,Salaried,No,0,Graduate,Rural,Y
4296.0,0.0,10.0,360,1.0,Salaried,Yes,1,Graduate,Semiurban,Y
3369.0,0.0,10.0,180,1.0,Self_Employed,No,1,Graduate,Semiurban,Y
1009.0,4828.0,10.0,360,1.0,Salaried,No,0,Graduate,Rural,Y
8940.0,0.0,39.0,180,1.0,Self_Employed,Yes,0,Graduate,Semiurban,Y
2084.0,0.0,10.0,360,1.0,Salaried,Yes,0,Not Graduate,Semiurban,Y
5951.0,0.0,14.0,240,1.0,Self_Employed,Yes,1,Graduate,Rural,Y
25829.0,4755.0,80.0,360,,Salaried,Yes,1,Graduate,Semiurban,Y
2355.0,5935.0,10.0,180,0.0,Salaried,No,1,Graduate,Rural,N
649.0,0.0,10.0,240,1.0,Salaried,No,3+,Graduate,Semiurban,Y
3910.0,1604.0,52.0,360,1.0,Salaried,Yes,1,Graduate,Semiurban,Y
11858.0,0.0,10.0,360,1.0,Self_Employed,No,0,Not Graduate,Urban,Y
23545.0,1790.0,94.0,120,1.0,Salaried,No,1,Graduate,Urban,Y
1838.0,0.0,46.0,360,0.0,Salaried,Yes,1,Graduate,Rural,N
7313.0,3533.0,10.0,120,0.0,Salaried,Yes,0,Graduate,Semiurban,N
3387.0,0.0,14.0,360,0.0,Salaried,No,0,Graduate,Semiurban,N
4515.0,0.0,67.0,360,0.0,Salaried,No,1,Graduate,Rural,N
40761.0,1658.0,80.0,360,0.0,Salaried,Yes,1,Graduate,Semiurban,N
1477.0,1650.0,10.0,240,1.0,Salaried,Yes,2,Graduate,Urban,Y
6021.0,7488.0,10.0,360,0.0,Salaried,Yes,2,Graduate,Semiurban,Y
7145.0,0.0,67.0,360,1.0,Salaried,No,0,Not Graduate,Semiurban,Y
11715.0,0.0,77.0,240,1.0,Self_Employed,Yes,1,Graduate,Rural,Y
5316.0,0.0,,240,1.0,Salaried,Yes,1,Graduate,Semiurban,Y
6288.0,0.0,68.0,180,,Salaried,No,0,Graduate,Semiurban,Y
3593.0,0.0,46.0,180,1.0,Salaried,Yes,0,Graduate,Semiurban,N
6095.0,2356.0,99.0,120,1.0,Salaried,Yes,0,Graduate,Rural,N
3735.0,3598.0,32.0,240,1.0,Salaried,No,0,Not Graduate,Semiurban,Y
8081.0,1035.0,25.0,360,1.0,Salaried,Yes,2,Graduate,Semiurban,Y
3657.0,0.0,68.0,300,1.0,Salaried,Yes,0,Graduate,Semiurban,Y
6645.0,0.0,54.0,300,1.0,Salaried,Yes,0,Not Graduate,Urban,Y
4801.0,2294.0,,180,1.0,Self_Employed,Yes,0,Graduate,Rural,N
12099.0,0.0,69.0,360,0.0,Salaried,Yes,1,Graduate,Semiurban,N
4717.0,0.0,22.0,300,1.0,Salaried,Yes,0,Graduate,Semiurban,Y
1190.0,0.0,10.0,360,0.0,Salaried,Yes,0,Not Graduate,Urban,N
13488.0,4377.0,10.0,360,1.0,Self_Employed,Yes,0,Graduate,Urban,Y
2381.0,2814.0,10.0,360,1.0,Salaried,Yes,0,Graduate,Semiurban,Y
2913.0,0.0,10.0,240,1.0,Salaried,Yes,0,Graduate,Semiurban,Y
3052.0,0.0,55.0,360,1.0,Self_Employed,Yes,2,Graduate,Semiurban,Y
14758.0,0.0,39.0,240,0.0,Salaried,Yes,0,Graduate,Rural,N
890.0,2038.0,57.0,360,1.0,Salaried,Yes,0,Graduate,Rural,Y
60488.0,1830.0,95.0,360,0.0,Self_Employed,Yes,0,Graduate,Semiurban,Y
11440.0,0.0,17.0,360,,Salaried,Yes,2,Graduate,Urban,Y
5876.0,0.0,18.0,480,1.0,Salaried,Yes,0,Graduate,Rural,Y
4704.0,0.0,33.0,360,1.0,Salaried,No,3+,Graduate,Semiurban,Y
6176.0,0.0,22.0,300,1.0,Self_Employed,Yes,2,Graduate,Urban,Y
7457.0,1702.0,21.0,180,0.0,Salaried,Yes,0,Not Graduate,Urban,N
8235.0,0.0,10.0,360,1.0,Salaried,Yes,1,Not Graduate,Urban,Y
7665.0,0.0,10.0,360,1.0,Salaried,Yes,0,Graduate,Urban,Y
5280.0,2061.0,124.0,360,1.0,Salaried,Yes,1,Graduate,Rural,Y
4197.0,0.0,68.0,360,1.0,Salaried,Yes,1,Graduate,Semiurban,Y
4355.0,2441.0,10.0,300,1.0,Salaried,No,1,Graduate,Urban,Y
4205.0,9300.0,10.0,360,1.0,Self_Employed,No,0,Graduate,Urban,Y
12173.0,1149.0,33.0,360,1.0,Salaried,Yes,1,Not Graduate,Urban,Y
7902.0,9746.0,93.0,360,0.0,Salaried,Yes,1,Graduate,Semiurban,N
468.0,2485.0,10.0,360,1.0,Salaried,Yes,0,Not Graduate,Semiurban,Y
8306.0,0.0,62.0,360,1.0,Salaried,No,3+,Graduate,Urban,Y
5743.0,0.0,21.0,360,1.0,Salaried,Yes,0,Not Graduate,Rural,Y
4842.0,0.0,10.0,360,1.0,Salaried,Yes,3+,Not Graduate,Rural,Y
3602.0,2096.0,46.0,120,1.0,Salaried,Yes,1,Graduate,Rural,Y
12080.0,1434.0,10.0,180,1.0,Salaried,No,1,Not Graduate,Urban,Y
10488.0,0.0,10.0,360,1.0,Salaried,Yes,2,Graduate,Semiurban,Y
2648.0,2242.0,47.0,360,1.0,Self_Employed,Yes,2,Graduate,Semiurban,Y
6807.0,10889.0,27.0,300,1.0,Salaried,Yes,0,Not Graduate,Semiurban,Y
2259.0,0.0,101.0,360,1.0,Self_Employed,Yes,1,Graduate,Urban,N
1630.0,0.0,39.0,360,1.0,Self_Employed,Yes,0,Not Graduate,Rural,Y
2977.0,0.0,38.0,360,0.0,Self_Employed,No,0,Graduate,Rural,N
9798.0,0.0,28.0,360,1.0,Self_Employed,No,3+,Graduate,Urban,Y
10535.0,4821.0,92.0,240,1.0,Salaried,No,0,Graduate,Rural,Y
7409.0,0.0,,360,1.0,Salaried,Yes,0,Graduate,Semiurban,Y
8779.0,521.0,46.0,180,0.0,Salaried,No,1,Graduate,Urban,N
7427.0,0.0,10.0,360,0.0,Salaried,No,0,Graduate,Urban,N
2942.0,1364.0,56.0,180,1.0,Salaried,Yes,0,Not Graduate,Urban,Y
6943.0,0.0,28.0,360,1.0,Salaried,Yes,1,Graduate,Urban,Y
9324.0,4825.0,135.0,360,1.0,Salaried,No,1,Graduate,Urban,Y
8986.0,0.0,143.0,360,1.0,Salaried,Yes,0,Not Graduate,Semiurban,Y
12723.0,0.0,66.0,360,1.0,Self_Employed,Yes,0,Not Graduate,Semiurban,Y
8661.0,0.0,15.0,180,1.0,Salaried,Yes,3+,Graduate,Urban,Y
6510.0,0.0,,360,1.0,Salaried,Yes,3+,Graduate,Semiurban,Y
11569.0,0.0,81.0,300,,Self_Employed,No,1,Not Graduate,Urban,Y
4812.0,0.0,26.0,300,1.0,Salaried,Yes,0,Graduate,Semiurban,Y
2427.0,0.0,33.0,480,1.0,Salaried,Yes,0,Not Graduate,Urban,Y
4314.0,0.0,98.0,360,1.0,Self_Employed,Yes,2,Graduate,Semiurban,Y
2708.0,0.0,10.0,360,1.0,Salaried,No,0,Not Graduate,Urban,Y
2864.0,0.0,10.0,360,1.0,Salaried,No,3+,Graduate,Semiurban,Y
4378.0,0.0,10.0,360,1.0,Self_Employed,Yes,0,Graduate,Rural,Y
2607.0,0.0,48.0,360,1.0,Salaried,Yes,2,Graduate,Semiurban,Y
3842.0,0.0,37.0,360,0.0,Salaried,Yes,0,Graduate,Semiurban,Y
1080.0,0.0,10.0,480,1.0,Salaried,Yes,0,Graduate,Urban,Y
5829.0,0.0,58.0,360,1.0,Salaried,Yes,1,Graduate,Semiurban,Y
4920.0,3808.0,10.0,360,,Salaried,No,2,Graduate,Rural,Y
2556.0,0.0,10.0,360,1.0,Salaried,Yes,1,Graduate,Urban,Y
8328.0,0.0,15.0,300,1.0,Salaried,Yes,0,Graduate,Semiurban,Y
10405.0,0.0,10.0,360,1.0,Salaried,No,2,Graduate,Semiurban,Y
1358.0,0.0,46.0,480,1.0,Salaried,Yes,1,Not Graduate,Urban,N
2670.0,3656.0,29.0,120,1.0,Salaried,Yes,0,Graduate,Rural,Y
2656.0,0.0,94.0,300,1.0,Salaried,Yes,0,Graduate,Semiurban,Y
2317.0,0.0,10.0,360,1.0,Salaried,Yes,1,Graduate,Urban,Y
9543.0,0.0,23.0,120,1.0,Salaried,No,0,Graduate,Urban,Y
4209.0,1453.0,72.0,360,1.0,Self_Employed,No,2,Graduate,Semiurban,N
3977.0,0.0,10.0,240,1.0,Salaried,Yes,0,Graduate,Urban,Y
989.0,0.0,76.0,240,1.0,Salaried,Yes,1,Graduate,Semiurban,Y
8171.0,3883.0,40.0,360,1.0,Salaried,Yes,0,Graduate,Urban,Y
1824.0,2624.0,10.0,240,1.0,Salaried,No,0,Graduate,Urban,Y
5156.0,10738.0,103.0,360,1.0,Salaried,No,0,Not Graduate,Urban,Y
6136.0,0.0,55.0,360,1.0,Salaried,Yes,0,Not Graduate,Rural,Y
14596.0,1513.0,90.0,360,1.0,Salaried,No,0,Graduate,Urban,Y
1725.0,3547.0,,360,1.0,Salaried,Yes,0,Graduate,Urban,Y
439.0,0.0,10.0,180,1.0,Salaried,Yes,0,Not Graduate,Semiurban,Y
5693.0,1975.0,10.0,180,1.0,Self_Employed,Yes,0,Graduate,Urban,Y
20752.0,6390.0,32.0,300,1.0,Salaried,No,0,Graduate,Rural,Y
13242.0,0.0,116.0,120,1.0,Salaried,Yes,0,Graduate,Semiurban,N
5812.0,0.0,10.0,360,1.0,Salaried,No,3+,Graduate,Urban,Y
3317.0,0.0,10.0,300,1.0,Salaried,Yes,0,Not Graduate,Rural,Y
9374.0,0.0,60.0,360,,Salaried,No,0,Not Graduate,Urban,Y
2256.0,0.0,33.0,240,1.0,Salaried,Yes,0,Graduate,Rural,Y
7195.0,0.0,10.0,360,0.0,Salaried,Yes,0,Graduate,Semiurban,N
7364.0,3417.0,10.0,300,1.0,Self_Employed,Yes,1,Graduate,Semiurban,Y
11478.0,9563.0,10.0,240,1.0,Self_Employed,No,0,Not Graduate,Semiurban,N
44700.0,0.0,,360,1.0,Salaried,No,0,Graduate,Rural,Y
6727.0,4616.0,10.0,360,0.0,Salaried,Yes,1,Graduate,Semiurban,Y
3271.0,0.0,10.0,360,1.0,Self_Employed,Yes,3+,Graduate,Semiurban,Y
4815.0,0.0,10.0,360,1.0,Salaried,No,2,Graduate,Semiurban,Y
1194.0,5142.0,10.0,360,1.0,Salaried,Yes,0,Not Graduate,Urban,Y
2819.0,1966.0,65.0,360,1.0,Salaried,No,1,Not Graduate,Semiurban,Y
3542.0,2218.0,78.0,180,,Self_Employed,No,0,Graduate,Urban,Y
3232.0,0.0,39.0,180,1.0,Salaried,Yes,1,Graduate,Urban,Y
5552.0,0.0,10.0,360,1.0,Salaried,Yes,0,Graduate,Semiurban,Y
2545.0,0.0,71.0,240,0.0,Salaried,No,0,Not Graduate,Semiurban,N
12050.0,6805.0,65.0,300,0.0,Salaried,Yes,1,Graduate,Urban,Y
4916.0,0.0,10.0,180,0.0,Salaried,Yes,1,Graduate,Urban,N
4878.0,0.0,10.0,240,0.0,Self_Employed,Yes,1,Graduate,Urban,N
3781.0,1307.0,59.0,360,1.0,Salaried,No,0,Graduate,Urban,Y
5564.0,0.0,10.0,240,0.0,Self_Employed,No,1,Not Graduate,Semiurban,Y
9510.0,0.0,33.0,360,1.0,Salaried,Yes,2,Graduate,Urban,Y
2456.0,5058.0,24.0,240,0.0,Salaried,Yes,0,Graduate,Rural,N
2903.0,0.0,81.0,360,1.0,Salaried,Yes,0,Not Graduate,Urban,N
3855.0,2570.0,10.0,360,1.0,Salaried,No,2,Not Graduate,Urban,Y
1675.0,0.0,10.0,300,1.0,Salaried,Yes,0,Graduate,Rural,Y
2552.0,1780.0,90.0,360,1.0,Salaried,Yes,1,Graduate,Semiurban,N
3358.0,0.0,10.0,240,0.0,Self_Employed,Yes,0,Not Graduate,Urban,N
9892.0,0.0,62.0,360,1.0,Salaried,Yes,3+,Graduate,Rural,Y
6064.0,0.0,10.0,360,1.0,Self_Employed,Yes,3+,Graduate,Urban,Y
5738.0,0.0,10.0,480,,Self_Employed,Yes,0,Graduate,Rural,Y
9708.0,0.0,19.0,240,,Salaried,Yes,0,Graduate,Urban,Y
4403.0,0.0,44.0,180,1.0,Salaried,Yes,0,Graduate,Rural,Y
6717.0,0.0,83.0,240,1.0,Self_Employed,No,0,Graduate,Urban,N
4525.0,0.0,86.0,180,1.0,Salaried,No,0,Graduate,Rural,Y
6077.0,0.0,10.0,240,1.0,Salaried,Yes,2,Not Graduate,Semiurban,Y
3083.0,0.0,10.0,300,0.0,Salaried,No,2,Graduate,Urban,Y
699.0,0.0,10.0,360,1.0,Salaried,No,2,Graduate,Rural,Y
4414.0,0.0,10.0,360,1.0,Salaried,Yes,0,Graduate,Semiurban,Y
15340.0,0.0,25.0,240,0.0,Salaried,Yes,2,Graduate,Semiurban,N
10311.0,956.0,10.0,480,0.0,Salaried,No,0,Not Graduate,Semiurban,Y
10639.0,5086.0,,360,0.0,Salaried,Yes,0,Not Graduate,Semiurban,N
13212.0,5686.0,,360,1.0,Salaried,No,0,Graduate,Urban,Y
5276.0,0.0,10.0,360,1.0,Salaried,Yes,2,Graduate,Rural,Y
5755.0,9124.0,10.0,360,1.0,Salaried,No,0,Not Graduate,Semiurban,Y
2999.0,0.0,70.0,360,1.0,Self_Employed,Yes,3+,Graduate,Urban,N
3817.0,0.0,10.0,360,1.0,Salaried,Yes,1,Graduate,Urban,Y
8043.0,3849.0,52.0,360,1.0,Self_Employed,No,0,Not Graduate,Semiurban,Y
12876.0,0.0,12.0,360,1.0,Self_Employed,No,0,Graduate,Rural,Y
4396.0,1954.0,59.0,300,0.0,Salaried,Yes,0,Graduate,Semiurban,N
3428.0,4454.0,49.0,120,0.0,Salaried,Yes,1,Not Graduate,Urban,N
4917.0,0.0,23.0,360,1.0,Self_Employed,Yes,1,Graduate,Urban,Y
7950.0,0.0,10.0,360,1.0,Salaried,Yes,0,Not Graduate,Semiurban,Y
1548.0,0.0,10.0,360,1.0,Salaried,Yes,0,Graduate,Urban,Y
783.0,1496.0,18.0,180,1.0,Salaried,Yes,2,Not Graduate,Semiurban,N
3164.0,0.0,35.0,360,1.0,Salaried,Yes,0,Graduate,Semiurban,Y
1851.0,4036.0,10.0,240,0.0,Salaried,No,1,Graduate,Urban,N
3273.0,3343.0,10.0,360,1.0,Salaried,Yes,1,Graduate,Semiurban,Y
4367.0,1772.0,34.0,180,1.0,Salaried,Yes,0,Graduate,Semiurban,Y
3420.0,2092.0,35.0,360,1.0,Salaried,No,3+,Graduate,Semiurban,Y
15709.0,1349.0,10.0,180,1.0,Salaried,No,1,Graduate,Semiurban,Y
6383.0,2547.0,10.0,120,1.0,Salaried,Yes,0,Graduate,Rural,Y
6250.0,0.0,10.0,240,1.0,Salaried,Yes,2,Graduate,Semiurban,Y
8085.0,2972.0,91.0,300,0.0,Salaried,No,3+,Graduate,Urban,N
1976.0,5440.0,10.0,360,1.0,Self_Employed,Yes,2,Graduate,Rural,Y
11286.0,8257.0,84.0,180,0.0,Salaried,No,0,Not Graduate,Semiurban,N
4626.0,0.0,10.0,360,1.0,Salaried,Yes,3+,Graduate,Rural,Y
8403.0,2616.0,100.0,240,0.0,Salaried,No,0,Graduate,Rural,N
2085.0,0.0,10.0,360,1.0,Self_Employed,No,0,Graduate,Semiurban,Y
1418.0,0.0,10.0,120,1.0,Salaried,Yes,0,Graduate,Rural,Y
9455.0,925.0,10.0,300,1.0,Salaried,Yes,0,Not Graduate,Semiurban,Y
6642.0,0.0,10.0,360,1.0,Salaried,Yes,3+,Graduate,Urban,Y
2388.0,2982.0,42.0,360,1.0,Salaried,Yes,2,Graduate,Urban,Y
2451.0,0.0,10.0,360,0.0,Salaried,Yes,2,Graduate,Semiurban,N
12093.0,0.0,,360,1.0,Salaried,Yes,0,Not Graduate,Semiurban,Y
1898.0,1656.0,57.0,180,0.0,Salaried,Yes,3+,Not Graduate,Rural,N
18291.0,1857.0,89.0,360,1.0,Salaried,Yes,0,Graduate,Semiurban,Y
2391.0,0.0,10.0,360,1.0,Salaried,Yes,0,Graduate,Semiurban,Y
8190.0,0.0,10.0,360,1.0,Self_Employed,No,1,Not Graduate,Rural,N
3779.0,1304.0,34.0,300,0.0,Salaried,Yes,0,Not Graduate,Semiurban,N
7963.0,0.0,75.0,360,1.0,Salaried,No,0,Graduate,Urban,Y
3180.0,0.0,10.0,360,1.0,Self_Employed,No,3+,Graduate,Rural,Y
4315.0,0.0,10.0,360,0.0,Salaried,No,1,Not Graduate,Semiurban,Y
5078.0,7257.0,10.0,360,1.0,Salaried,No,3+,Graduate,Rural,Y
2204.0,0.0,31.0,360,1.0,Salaried,Yes,1,Graduate,Semiurban,Y
8890.0,0.0,90.0,360,1.0,Salaried,Yes,0,Graduate,Urban,Y
3260.0,4094.0,10.0,300,1.0,Salaried,Yes,0,Graduate,Urban,Y
4093.0,0.0,10.0,360,1.0,Salaried,Yes,3+,Graduate,Urban,Y
2218.0,0.0,122.0,360,,Salaried,Yes,0,Graduate,Urban,N
633.0,0.0,10.0,360,0.0,Salaried,No,1,Graduate,Rural,N
4218.0,960.0,19.0,240,1.0,Salaried,Yes,0,Not Graduate,Semiurban,Y
33863.0,0.0,51.0,480,1.0,Salaried,Yes,1,Not Graduate,Urban,Y
9207.0,3138.0,62.0,360,1.0,Salaried,Yes,0,Not Graduate,Semiurban,Y
4840.0,0.0,62.0,240,1.0,Salaried,No,0,Graduate,Semiurban,N
3983.0,3417.0,26.0,360,,Salaried,Yes,1,Not Graduate,Urban,Y
5004.0,0.0,103.0,240,1.0,Self_Employed,No,0,Graduate,Urban,Y
7614.0,0.0,10.0,180,1.0,Salaried,Yes,1,Graduate,Semiurban,Y
1911.0,1308.0,10.0,360,1.0,Salaried,No,2,Graduate,Semiurban,Y
11986.0,0.0,26.0,360,1.0,Salaried,Yes,1,Graduate,Rural,Y
8711.0,0.0,43.0,240,,Salaried,Yes,0,Graduate,Rural,Y
8730.0,10010.0,58.0,300,1.0,Self_Employed,No,1,Not Graduate,Semiurban,Y
6980.0,0.0,10.0,360,1.0,Salaried,Yes,3+,Not Graduate,Semiurban,Y
4993.0,0.0,30.0,240,1.0,Salaried,Yes,1,Graduate,Semiurban,Y
8419.0,7528.0,22.0,240,1.0,Salaried,Yes,1,Graduate,Urban,Y
7891.0,2913.0,,480,1.0,Salaried,No,2,Graduate,Urban,Y
3703.0,3479.0,20.0,300,1.0,Salaried,No,2,Graduate,Urban,Y
3106.0,2893.0,10.0,360,1.0,Self_Employed,No,0,Not Graduate,Urban,Y
5332.0,0.0,10.0,240,1.0,Salaried,Yes,3+,Graduate,Urban,Y
16970.0,9167.0,10.0,360,0.0,Salaried,Yes,0,Not Graduate,Semiurban,N
1824.0,0.0,93.0,300,1.0,Self_Employed,Yes,3+,Graduate,Urban,N
1519.0,0.0,30.0,480,1.0,Salaried,Yes,0,Graduate,Urban,Y
5607.0,2855.0,14.0,360,1.0,Salaried,Yes,0,Graduate,Semiurban,Y
5119.0,0.0,10.0,360,1.0,Self_Employed,No,2,Graduate,Semiurban,Y
5646.0,0.0,10.0,360,1.0,Salaried,Yes,0,Not Graduate,Urban,Y
5974.0,0.0,,480,0.0,Salaried,Yes,0,Graduate,Rural,N
4111.0,1194.0,46.0,180,1.0,Salaried,Yes,1,Graduate,Semiurban,Y
16186.0,3396.0,,360,1.0,Salaried,Yes,1,Not Graduate,Semiurban,Y
1366.0,0.0,35.0,300,1.0,Salaried,Yes,0,Graduate,Rural,N
2533.0,0.0,13.0,360,1.0,Salaried,Yes,0,Not Graduate,Urban,Y
4525.0,0.0,80.0,300,1.0,Salaried,Yes,0,Graduate,Semiurban,N
1320.0,0.0,10.0,360,1.0,Salaried,Yes,0,Graduate,Urban,Y
4270.0,1516.0,67.0,240,1.0,Salaried,Yes,0,Graduate,Urban,Y
18568.0,0.0,31.0,360,1.0,Salaried,Yes,0,Graduate,Urban,Y
4998.0,4793.0,10.0,360,1.0,Salaried,No,0,Graduate,Semiurban,Y
5911.0,802.0,10.0,240,1.0,Salaried,Yes,1,Graduate,Semiurban,Y
1793.0,0.0,10.0,360,1.0,Self_Employed,Yes,2,Graduate,Rural,Y
3002.0,2038.0,,480,1.0,Self_Employed,Yes,1,Graduate,Semiurban,Y
3640.0,0.0,10.0,360,1.0,Self_Employed,No,0,Graduate,Rural,Y
3812.0,0.0,10.0,360,1.0,Salaried,Yes,1,Not Graduate,Urban,Y
13702.0,1642.0,72.0,360,1.0,Salaried,No,2,Graduate,Urban,Y
7678.0,0.0,43.0,360,,Self_Employed,No,0,Graduate,Semiurban,Y
2020.0,0.0,52.0,180,1.0,Salaried,Yes,0,Not Graduate,Rural,N
5986.0,0.0,34.0,360,1.0,Self_Employed,No,3+,Graduate,Urban,Y
7322.0,2748.0,10.0,240,1.0,Self_Employed,Yes,1,Not Graduate,Rural,Y
12236.0,4198.0,36.0,360,1.0,Salaried,Yes,2,Graduate,Urban,Y
17404.0,0.0,31.0,480,1.0,Salaried,Yes,1,Graduate,Rural,Y
2182.0,2828.0,10.0,300,1.0,Self_Employed,No,0,Graduate,Semiurban,Y
2569.0,6407.0,10.0,360,1.0,Salaried,No,0,Graduate,Semiurban,Y
1797.0,0.0,10.0,360,0.0,Salaried,Yes,1,Graduate,Rural,N
4076.0,3981.0,125.0,240,1.0,Salaried,Yes,0,Not Graduate,Rural,N
7137.0,0.0,10.0,360,0.0,Salaried,Yes,0,Graduate,Rural,N
10828.0,4723.0,104.0,360,1.0,Salaried,Yes,0,Graduate,Semiurban,Y
4625.0,0.0,10.0,180,1.0,Salaried,No,2,Not Graduate,Rural,Y
3805.0,0.0,50.0,360,1.0,Salaried,Yes,2,Graduate,Semiurban,N
5549.0,5595.0,58.0,240,0.0,Salaried,Yes,0,Not Graduate,Rural,N
2520.0,1462.0,52.0,480,1.0,Salaried,Yes,1,Graduate,Semiurban,Y
26151.0,0.0,66.0,300,1.0,Salaried,No,0,Graduate,Rural,Y
1358.0,0.0,72.0,360,1.0,Salaried,No,0,Graduate,Semiurban,Y
5698.0,0.0,28.0,180,1.0,Salaried,Yes,0,Not Graduate,Semiurban,Y
24807.0,989.0,116.0,300,1.0,Salaried,Yes,1,Graduate,Semiurban,Y
4942.0,3930.0,10.0,360,1.0,Salaried,Yes,0,Graduate,Semiurban,Y
4222.0,0.0,25.0,360,0.0,Salaried,No,0,Graduate,Urban,Y
3692.0,0.0,25.0,360,1.0,Self_Employed,Yes,0,Graduate,Semiurban,Y
4254.0,0.0,,360,,Salaried,Yes,0,Graduate,Semiurban,Y
14739.0,0.0,75.0,360,1.0,Salaried,Yes,3+,Graduate,Rural,Y
838.0,0.0,10.0,480,1.0,Salaried,Yes,0,Not Graduate,Semiurban,Y
16760.0,0.0,14.0,360,1.0,Salaried,Yes,0,Not Graduate,Semiurban,Y
1573.0,2046.0,,360,1.0,Self_Employed,Yes,0,Not Graduate,Urban,Y
3971.0,0.0,91.0,360,1.0,Salaried,Yes,0,Graduate,Rural,N
3486.0,0.0,10.0,240,1.0,Self_Employed,Yes,1,Not Graduate,Urban,Y
7870.0,8345.0,165.0,360,0.0,Salaried,Yes,0,Graduate,Rural,N
1369.0,0.0,44.0,360,1.0,Salaried,Yes,0,Graduate,Semiurban,Y
7113.0,0.0,42.0,360,1.0,Salaried,No,0,Graduate,Urban,Y
24821.0,0.0,18.0,180,1.0,Salaried,Yes,0,Not Graduate,Rural,Y
1652.0,0.0,10.0,360,1.0,Salaried,Yes,0,Not Graduate,Urban,Y
5720.0,0.0,41.0,300,1.0,Self_Employed,No,2,Not Graduate,Urban,Y
2894.0,3788.0,13.0,360,1.0,Salaried,No,0,Graduate,Urban,Y
6910.0,0.0,10.0,360,1.0,Salaried,Yes,1,Not Graduate,Rural,Y
4991.0,0.0,10.0,240,0.0,Salaried,Yes,2,Graduate,Rural,Y
2942.0,0.0,10.0,480,1.0,Salaried,No,0,Graduate,Rural,Y
7261.0,2238.0,111.0,360,1.0,Salaried,Yes,1,Graduate,Urban,Y
20816.0,1266.0,147.0,480,0.0,Salaried,No,1,Graduate,Urban,N
4219.0,0.0,16.0,300,1.0,Self_Employed,No,1,Not Graduate,Semiurban,Y
8741.0,0.0,19.0,360,1.0,Self_Employed,Yes,2,Not Graduate,Semiurban,Y
1747.0,0.0,10.0,360,0.0,Salaried,Yes,0,Graduate,Semiurban,Y
2287.0,0.0,10.0,360,1.0,Salaried,Yes,0,Graduate,Semiurban,Y
7172.0,0.0,77.0,120,,Salaried,No,0,Graduate,Semiurban,Y
16112.0,0.0,148.0,240,1.0,Self_Employed,No,0,Not Graduate,Urban,Y
6532.0,0.0,10.0,360,1.0,Salaried,Yes,0,Graduate,Semiurban,Y
3826.0,7536.0,,360,0.0,Salaried,Yes,2,Graduate,Urban,Y
4912.0,0.0,10.0,480,1.0,Salaried,Yes,0,Graduate,Rural,Y
1807.0,0.0,10.0,240,1.0,Salaried,No,0,Graduate,Rural,Y
7971.0,15549.0,114.0,480,0.0,Salaried,No,0,Graduate,Rural,Y
9955.0,14593.0,,360,1.0,Salaried,Yes,0,Graduate,Urban,Y
3423.0,3401.0,43.0,360,1.0,Self_Employed,Yes,0,Graduate,Urban,Y
3374.0,0.0,,300,0.0,Salaried,Yes,2,Not Graduate,Semiurban,N
6080.0,5850.0,30.0,360,0.0,Salaried,No,3+,Graduate,Semiurban,N
3466.0,0.0,49.0,360,1.0,Salaried,Yes,0,Not Graduate,Rural,Y
4662.0,0.0,12.0,360,,Salaried,No,0,Graduate,Rural,Y
26365.0,0.0,133.0,180,1.0,Salaried,Yes,2,Graduate,Urban,Y
4033.0,0.0,10.0,360,1.0,Salaried,Yes,2,Not Graduate,Rural,Y
3690.0,1300.0,10.0,360,,Self_Employed,No,3+,Graduate,Urban,Y
2928.0,0.0,10.0,240,1.0,Salaried,No,1,Graduate,Rural,Y
8914.0,0.0,10.0,360,1.0,Salaried,Yes,0,Graduate,Semiurban,Y
4251.0,0.0,10.0,120,1.0,Salaried,Yes,1,Graduate,Semiurban,Y
2923.0,3581.0,10.0,360,1.0,Salaried,Yes,0,Graduate,Semiurban,Y
14144.0,0.0,73.0,480,1.0,Salaried,No,1,Not Graduate,Rural,Y
15301.0,0.0,,300,0.0,Salaried,Yes,1,Not Graduate,Semiurban,Y
3040.0,0.0,10.0,180,1.0,Salaried,Yes,1,Graduate,Rural,Y
1104.0,0.0,42.0,360,1.0,Salaried,Yes,1,Graduate,Urban,N
11004.0,0.0,10.0,120,1.0,Salaried,No,1,Graduate,Rural,Y
2842.0,0.0,10.0,360,1.0,Salaried,No,1,Graduate,Rural,Y
9251.0,0.0,10.0,240,1.0,Salaried,Yes,0,Graduate,Semiurban,Y
1016.0,0.0,10.0,360,1.0,Salaried,No,2,Graduate,Rural,Y
10037.0,1438.0,10.0,120,1.0,Salaried,Yes,1,Graduate,Urban,Y
1865.0,6017.0,54.0,180,1.0,Salaried,Yes,1,Not Graduate,Rural,N
8819.0,4376.0,83.0,120,1.0,Salaried,No,0,Graduate,Urban,Y
4971.0,5312.0,63.0,360,1.0,Salaried,Yes,3+,Graduate,Semiurban,Y
2291.0,890.0,59.0,360,1.0,Self_Employed,No,0,Graduate,Semiurban,Y
3549.0,0.0,72.0,240,0.0,Salaried,Yes,1,Graduate,Semiurban,N
8510.0,2450.0,10.0,360,0.0,Salaried,Yes,3+,Graduate,Semiurban,N
5349.0,0.0,29.0,360,0.0,Salaried,Yes,3+,Graduate,Urban,N
7844.0,1937.0,10.0,240,1.0,Salaried,Yes,1,Not Graduate,Rural,Y
23889.0,2340.0,11.0,360,1.0,Salaried,Yes,0,Graduate,Urban,Y
1406.0,5403.0,39.0,360,1.0,Self_Employed,Yes,3+,Graduate,Semiurban,Y
17922.0,781.0,10.0,120,1.0,Salaried,Yes,3+,Graduate,Rural,Y
5343.0,0.0,10.0,300,,Salaried,No,0,Graduate,Rural,Y
2395.0,0.0,36.0,360,1.0,Salaried,Yes,0,Not Graduate,Semiurban,Y
1696.0,2894.0,33.0,360,1.0,Salaried,No,0,Graduate,Semiurban,Y
4225.0,0.0,17.0,240,,Salaried,Yes,0,Not Graduate,Semiurban,Y
10273.0,0.0,10.0,480,1.0,Self_Employed,Yes,0,Graduate,Semiurban,Y
4438.0,0.0,42.0,360,0.0,Salaried,Yes,0,Not Graduate,Semiurban,Y
16464.0,0.0,75.0,300,1.0,Self_Employed,Yes,3+,Graduate,Semiurban,Y
1539.0,0.0,10.0,180,1.0,Salaried,No,0,Not Graduate,Semiurban,Y
4867.0,0.0,10.0,240,1.0,Salaried,No,3+,Graduate,Semiurban,Y
1805.0,0.0,10.0,360,1.0,Salaried,Yes,2,Not Graduate,Semiurban,Y
6574.0,1973.0,71.0,360,1.0,Salaried,Yes,2,Graduate,Semiurban,Y
9992.0,0.0,83.0,360,0.0,Salaried,Yes,0,Graduate,Urban,N
3510.0,0.0,10.0,360,1.0,Salaried,No,0,Graduate,Rural,Y
612.0,0.0,10.0,240,1.0,Self_Employed,No,0,Not Graduate,Rural,Y
5763.0,0.0,10.0,360,1.0,Salaried,Yes,3+,Not Graduate,Urban,Y
6970.0,0.0,35.0,120,1.0,Salaried,Yes,0,Graduate,Rural,Y
6792.0,4466.0,10.0,300,1.0,Salaried,Yes,0,Graduate,Semiurban,Y
13209.0,0.0,10.0,360,1.0,Self_Employed,No,0,Graduate,Urban,Y
2086.0,0.0,,300,1.0,Salaried,No,0,Not Graduate,Semiurban,Y
8469.0,0.0,106.0,360,,Self_Employed,No,3+,Graduate,Urban,N
12759.0,0.0,,480,,Salaried,Yes,1,Not Graduate,Rural,Y
1185.0,0.0,10.0,360,1.0,Salaried,No,1,Graduate,Urban,Y
6347.0,2280.0,14.0,180,1.0,Salaried,Yes,0,Graduate,Urban,Y
3283.0,0.0,10.0,300,1.0,Self_Employed,Yes,2,Not Graduate,Urban,Y
4604.0,0.0,64.0,120,1.0,Self_Employed,Yes,0,Graduate,Urban,N
6491.0,0.0,16.0,360,1.0,Salaried,No,3+,Graduate,Semiurban,Y
3328.0,932.0,10.0,360,1.0,Salaried,Yes,0,Graduate,Semiurban,Y
2862.0,0.0,10.0,360,1.0,Salaried,Yes,1,Graduate,Urban,Y
5051.0,0.0,50.0,360,1.0,Salaried,No,0,Graduate,Semiurban,Y
2059.0,0.0,35.0,360,1.0,Salaried,No,0,Graduate,Urban,N
2062.0,0.0,57.0,360,0.0,Self_Employed,Yes,0,Graduate,Semiurban,N
8463.0,0.0,10.0,240,1.0,Salaried,No,0,Graduate,Urban,Y
1961.0,3001.0,109.0,360,1.0,Salaried,No,0,Not Graduate,Semiurban,N
8375.0,3685.0,10.0,360,1.0,Salaried,Yes,1,Graduate,Semiurban,Y
7116.0,0.0,53.0,240,1.0,Salaried,Yes,0,Not Graduate,Semiurban,Y
1236.0,0.0,10.0,480,1.0,Salaried,No,0,Graduate,Semiurban,Y
2858.0,2695.0,10.0,480,0.0,Self_Employed,No,0,Not Graduate,Urban,N
12776.0,2791.0,124.0,360,1.0,Salaried,Yes,0,Not Graduate,Semiurban,Y
2242.0,3385.0,60.0,360,0.0,Salaried,Yes,0,Graduate,Semiurban,Y
3390.0,0.0,10.0,240,1.0,Salaried,No,0,Not Graduate,Semiurban,Y
7113.0,3065.0,10.0,360,1.0,Salaried,No,0,Graduate,Urban,Y
9198.0,0.0,26.0,240,1.0,Salaried,Yes,0,Graduate,Semiurban,Y
4019.0,0.0,,360,,Salaried,Yes,1,Graduate,Urban,Y
3047.0,2563.0,78.0,360,1.0,Salaried,No,0,Graduate,Semiurban,Y
15335.0,0.0,27.0,240,1.0,Salaried,Yes,3+,Not Graduate,Urban,Y
19754.0,2327.0,10.0,360,1.0,Salaried,Yes,3+,Graduate,Rural,Y
10755.0,0.0,21.0,180,0.0,Self_Employed,Yes,1,Graduate,Urban,N
5262.0,7392.0,13.0,180,1.0,Salaried,Yes,0,Graduate,Rural,Y
2574.0,0.0,10.0,300,0.0,Self_Employed,Yes,1,Not Graduate,Rural,N
2529.0,0.0,21.0,360,0.0,Self_Employed,Yes,1,Graduate,Rural,N
7465.0,2786.0,17.0,300,1.0,Salaried,Yes,0,Graduate,Rural,Y
6869.0,7088.0,41.0,240,1.0,Self_Employed,No,0,Graduate,Rural,Y
15082.0,0.0,10.0,300,1.0,Salaried,Yes,0,Graduate,Rural,Y
8270.0,7320.0,61.0,240,1.0,Salaried,Yes,0,Not Graduate,Urban,Y
1477.0,0.0,10.0,360,0.0,Self_Employed,Yes,1,Graduate,Semiurban,Y
11402.0,0.0,10.0,360,1.0,Salaried,Yes,2,Graduate,Urban,Y
2212.0,0.0,10.0,240,1.0,Salaried,Yes,0,Graduate,Semiurban,Y
3615.0,0.0,91.0,360,1.0,Salaried,No,0,Graduate,Semiurban,Y
6004.0,0.0,49.0,180,0.0,Salaried,Yes,0,Graduate,Rural,N
24259.0,0.0,84.0,300,1.0,Salaried,Yes,0,Graduate,Rural,Y
59156.0,0.0,195.0,300,,Salaried,No,0,Graduate,Urban,N
7985.0,2161.0,213.0,360,1.0,Salaried,Yes,0,Graduate,Semiurban,Y
4245.0,1416.0,,360,1.0,Salaried,Yes,0,Graduate,Semiurban,Y
7537.0,0.0,95.0,360,0.0,Salaried,No,1,Graduate,Semiurban,N
9998.0,0.0,69.0,360,0.0,Salaried,No,1,Graduate,Semiurban,Y
3803.0,0.0,57.0,180,1.0,Self_Employed,No,3+,Not Graduate,Rural,Y
20664.0,1145.0,159.0,360,1.0,Salaried,Yes,1,Graduate,Rural,Y
5908.0,0.0,10.0,300,1.0,Salaried,No,0,Graduate,Urban,Y
7319.0,7757.0,20.0,120,1.0,Salaried,No,2,Graduate,Urban,Y
8373.0,3629.0,35.0,300,1.0,Salaried,Yes,0,Graduate,Rural,Y
6886.0,0.0,14.0,300,1.0,Salaried,Yes,1,Not Graduate,Semiurban,Y
9616.0,6414.0,55.0,180,1.0,Self_Employed,Yes,0,Not Graduate,Semiurban,Y
2999.0,0.0,87.0,360,,Salaried,Yes,0,Graduate,Rural,Y
3144.0,11038.0,10.0,300,1.0,Salaried,Yes,0,Not Graduate,Urban,Y
2038.0,0.0,10.0,360,1.0,Salaried,Yes,0,Graduate,Semiurban,Y
6986.0,0.0,31.0,120,0.0,Salaried,Yes,0,Graduate,Rural,N
9165.0,5159.0,34.0,480,1.0,Salaried,Yes,0,Graduate,Semiurban,Y
7088.0,4894.0,10.0,240,1.0,Salaried,Yes,2,Graduate,Semiurban,Y
18762.0,0.0,10.0,360,1.0,Salaried,Yes,0,Graduate,Urban,Y
4893.0,0.0,45.0,360,1.0,Salaried,Yes,0,Graduate,Urban,Y
8392.0,0.0,84.0,240,1.0,Salaried,No,2,Graduate,Semiurban,Y
2052.0,4017.0,10.0,180,1.0,Salaried,Yes,0,Not Graduate,Semiurban,Y
3606.0,0.0,10.0,240,1.0,Salaried,Yes,2,Not Graduate,Semiurban,Y
8573.0,0.0,18.0,240,0.0,Self_Employed,Yes,2,Graduate,Rural,N
9694.0,0.0,10.0,240,1.0,Salaried,No,3+,Graduate,Urban,Y
3885.0,0.0,10.0,360,,Salaried,Yes,0,Graduate,Urban,Y
4641.0,2339.0,10.0,360,0.0,Salaried,No,0,Not Graduate,Urban,N
1459.0,1898.0,80.0,360,0.0,Salaried,Yes,1,Graduate,Semiurban,N
3694.0,0.0,10.0,120,0.0,Salaried,Yes,0,Not Graduate,Rural,N
10020.0,0.0,110.0,360,1.0,Salaried,Yes,0,Not Graduate,Rural,Y
7787.0,1146.0,70.0,240,1.0,Salaried,Yes,0,Graduate,Semiurban,Y
7336.0,0.0,10.0,300,1.0,Salaried,Yes,1,Graduate,Urban,Y
5114.0,11664.0,10.0,180,1.0,Salaried,No,0,Graduate,Urban,Y
4943.0,4989.0,,180,1.0,Salaried,Yes,1,Graduate,Rural,Y
2898.0,5699.0,10.0,360,1.0,Salaried,Yes,0,Graduate,Semiurban,Y
8596.0,6796.0,46.0,360,1.0,Salaried,No,1,Not Graduate,Urban,Y
6883.0,0.0,10.0,360,1.0,Salaried,Yes,0,Graduate,Semiurban,Y
7285.0,0.0,58.0,360,1.0,Salaried,Yes,0,Graduate,Urban,Y
3227.0,1260.0,29.0,480,1.0,Salaried,Yes,0,Graduate,Semiurban,Y
878.0,1698.0,10.0,360,1.0,Self_Employed,Yes,0,Not Graduate,Rural,Y
11822.0,0.0,10.0,360,1.0,Salaried,Yes,0,Graduate,Urban,Y
3351.0,2415.0,10.0,240,1.0,Self_Employed,Yes,0,Not Graduate,Semiurban,Y
2465.0,0.0,,180,1.0,Self_Employed,Yes,3+,Graduate,Urban,Y
8559.0,3476.0,25.0,360,1.0,Self_Employed,No,1,Graduate,Rural,Y
3592.0,0.0,14.0,300,,Salaried,No,2,Not Graduate,Urban,Y
11475.0,1797.0,44.0,360,1.0,Salaried,Yes,3+,Graduate,Semiurban,Y
8051.0,650.0,105.0,240,1.0,Salaried,Yes,0,Graduate,Urban,Y
8492.0,1488.0,10.0,360,1.0,Salaried,Yes,0,Graduate,Rural,Y
1648.0,2029.0,54.0,480,0.0,Salaried,Yes,3+,Not Graduate,Urban,Y
12959.0,0.0,32.0,300,1.0,Salaried,No,1,Graduate,Semiurban,Y
6057.0,0.0,10.0,360,1.0,Salaried,Yes,3+,Graduate,Urban,Y
3658.0,2114.0,11.0,360,1.0,Salaried,No,1,Graduate,Rural,Y
5512.0,1351.0,10.0,480,0.0,Salaried,Yes,2,Not Graduate,Semiurban,Y
1187.0,0.0,17.0,300,1.0,Salaried,Yes,2,Not Graduate,Urban,N
6815.0,0.0,10.0,360,1.0,Self_Employed,Yes,2,Graduate,Semiurban,Y
2157.0,0.0,10.0,240,1.0,Self_Employed,No,1,Graduate,Rural,Y
1665.0,0.0,38.0,360,1.0,Self_Employed,No,0,Graduate,Semiurban,N
1454.0,0.0,48.0,360,1.0,Salaried,Yes,2,Graduate,Semiurban,Y
11970.0,0.0,56.0,360,1.0,Salaried,Yes,2,Not Graduate,Semiurban,Y
2971.0,0.0,17.0,240,1.0,Salaried,No,0,Not Graduate,Semiurban,Y
16764.0,0.0,57.0,360,1.0,Salaried,Yes,0,Not Graduate,Semiurban,Y
3201.0,2839.0,45.0,360,1.0,Salaried,Yes,1,Graduate,Urban,Y
1254.0,1706.0,48.0,240,1.0,Salaried,Yes,0,Not Graduate,Rural,Y
2012.0,3891.0,10.0,360,,Salaried,Yes,0,Not Graduate,Urban,Y
13209.0,0.0,10.0,360,0.0,Salaried,Yes,0,Graduate,Semiurban,N
4338.0,0.0,10.0,480,1.0,Salaried,Yes,2,Graduate,Urban,Y
3170.0,0.0,10.0,360,1.0,Salaried,Yes,0,Graduate,Rural,Y
5586.0,4112.0,10.0,120,1.0,Salaried,Yes,0,Graduate,Rural,Y
7342.0,0.0,10.0,180,0.0,Salaried,Yes,2,Not Graduate,Rural,N
12015.0,0.0,114.0,180,1.0,Salaried,Yes,0,Graduate,Urban,Y
15659.0,4784.0,53.0,180,1.0,Self_Employed,No,0,Not Graduate,Semiurban,Y
3686.0,0.0,13.0,300,1.0,Self_Employed,No,3+,Graduate,Urban,Y
1701.0,0.0,67.0,300,1.0,Self_Employed,Yes,1,Not Graduate,Rural,N
3531.0,0.0,10.0,180,1.0,Salaried,Yes,0,Graduate,Semiurban,Y
6052.0,0.0,10.0,360,0.0,Salaried,Yes,2,Graduate,Semiurban,N
2273.0,0.0,10.0,360,,Salaried,Yes,2,Graduate,Semiurban,Y
2285.0,0.0,,360,1.0,Salaried,No,2,Graduate,Semiurban,Y
6471.0,0.0,10.0,300,0.0,Salaried,Yes,0,Graduate,Semiurban,Y
4727.0,0.0,,360,1.0,Self_Employed,Yes,0,Graduate,Semiurban,N
5045.0,3501.0,,300,1.0,Salaried,Yes,1,Not Graduate,Semiurban,Y
2679.0,0.0,55.0,360,1.0,Salaried,Yes,0,Graduate,Semiurban,N
4087.0,31712.0,77.0,360,1.0,Salaried,Yes,0,Graduate,Semiurban,Y
2346.0,4277.0,10.0,360,1.0,Salaried,No,0,Graduate,Rural,Y
10018.0,0.0,10.0,360,1.0,Self_Employed,No,1,Graduate,Urban,Y
11251.0,0.0,10.0,360,1.0,Self_Employed,Yes,0,Graduate,Urban,Y
1122.0,0.0,22.0,360,1.0,Salaried,Yes,0,Not Graduate,Semiurban,N
2336.0,3045.0,13.0,240,0.0,Salaried,Yes,2,Graduate,Semiurban,N
1484.0,3224.0,10.0,360,1.0,Salaried,Yes,0,Not Graduate,Urban,Y
2922.0,2165.0,10.0,360,1.0,Salaried,Yes,0,Not Graduate,Urban,Y
4597.0,2462.0,115.0,360,1.0,Salaried,No,1,Graduate,Semiurban,Y
1541.0,0.0,10.0,360,1.0,Salaried,Yes,0,Not Graduate,Urban,Y
2351.0,7857.0,67.0,180,1.0,Salaried,Yes,1,Not Graduate,Semiurban,N
2201.0,0.0,,180,1.0,Salaried,Yes,0,Graduate,Rural,Y
5801.0,1166.0,12.0,240,1.0,Salaried,Yes,0,Not Graduate,Rural,Y
5195.0,0.0,73.0,180,0.0,Self_Employed,No,1,Graduate,Rural,N
2759.0,8848.0,108.0,360,1.0,Salaried,Yes,3+,Graduate,Urban,Y
5662.0,7776.0,18.0,240,1.0,Salaried,No,0,Graduate,Urban,Y
3174.0,4985.0,51.0,360,1.0,Salaried,Yes,1,Graduate,Urban,Y
3955.0,0.0,26.0,360,1.0,Salaried,Yes,0,Graduate,Rural,Y
18746.0,0.0,56.0,300,1.0,Salaried,Yes,0,Not Graduate,Semiurban,Y
14362.0,0.0,39.0,180,,Self_Employed,Yes,0,Graduate,Urban,Y
1738.0,0.0,10.0,360,1.0,Salaried,Yes,2,Graduate,Semiurban,Y
9545.0,3658.0,15.0,180,0.0,Salaried,Yes,0,Not Graduate,Urban,N
9406.0,0.0,10.0,360,1.0,Salaried,Yes,0,Graduate,Semiurban,Y
1961.0,0.0,51.0,360,1.0,Self_Employed,Yes,1,Graduate,Urban,N
9462.0,1631.0,10.0,360,1.0,Salaried,Yes,0,Not Graduate,Urban,Y
16820.0,3191.0,10.0,180,0.0,Salaried,No,0,Not Graduate,Urban,N
2002.0,2544.0,10.0,360,1.0,Salaried,No,0,Graduate,Urban,Y
2359.0,4696.0,10.0,300,1.0,Self_Employed,Yes,3+,Graduate,Semiurban,Y
11094.0,0.0,10.0,240,1.0,Salaried,No,0,Not Graduate,Semiurban,Y
6107.0,9926.0,38.0,360,1.0,Self_Employed,No,3+,Graduate,Urban,Y
7640.0,1209.0,18.0,360,1.0,Salaried,Yes,0,Graduate,Semiurban,Y
6454.0,7170.0,138.0,240,,Salaried,Yes,0,Graduate,Urban,Y
6718.0,0.0,48.0,360,1.0,Salaried,Yes,2,Graduate,Semiurban,Y
1701.0,0.0,30.0,180,1.0,Salaried,Yes,1,Graduate,Urban,Y
11360.0,3521.0,10.0,180,1.0,Salaried,Yes,0,Graduate,Urban,Y
12527.0,2494.0,18.0,360,1.0,Salaried,Yes,0,Graduate,Urban,Y
4091.0,1371.0,10.0,240,,Salaried,Yes,0,Graduate,Semiurban,Y
4747.0,0.0,10.0,300,,Salaried,No,1,Graduate,Rural,Y
1444.0,2964.0,10.0,180,1.0,Salaried,Yes,1,Graduate,Urban,Y
7416.0,0.0,10.0,300,1.0,Salaried,No,0,Not Graduate,Urban,Y
7767.0,0.0,10.0,240,1.0,Salaried,No,3+,Not Graduate,Urban,Y
4676.0,0.0,49.0,360,1.0,Salaried,No,0,Not Graduate,Semiurban,Y
12082.0,4168.0,22.0,360,1.0,Salaried,Yes,0,Graduate,Urban,Y
3762.0,0.0,10.0,480,1.0,Salaried,Yes,0,Graduate,Urban,Y
7721.0,0.0,20.0,360,1.0,Salaried,Yes,2,Graduate,Rural,Y
2174.0,1103.0,63.0,360,1.0,Salaried,No,0,Graduate,Urban,Y
4823.0,2586.0,24.0,360,1.0,Salaried,No,1,Not Graduate,Semiurban,Y
4275.0,2664.0,,360,1.0,Salaried,Yes,3+,Graduate,Urban,Y
5885.0,5408.0,10.0,240,1.0,Salaried,Yes,1,Not Graduate,Urban,Y
3657.0,5065.0,10.0,300,1.0,Salaried,No,1,Not Graduate,Rural,Y
4424.0,0.0,32.0,360,,Salaried,No,0,Not Graduate,Semiurban,Y
9517.0,0.0,124.0,240,1.0,Salaried,No,1,Graduate,Urban,Y
3465.0,0.0,79.0,360,1.0,Self_Employed,Yes,0,Graduate,Urban,Y
1359.0,3978.0,44.0,360,1.0,Salaried,Yes,3+,Graduate,Semiurban,Y
19924.0,0.0,56.0,300,1.0,Salaried,Yes,0,Graduate,Urban,Y
14841.0,560.0,108.0,360,1.0,Salaried,No,0,Not Graduate,Rural,Y
1748.0,0.0,43.0,300,1.0,Self_Employed,Yes,0,Graduate,Semiurban,Y
8534.0,1838.0,,480,0.0,Salaried,Yes,0,Graduate,Rural,N
3287.0,3238.0,10.0,480,1.0,Salaried,Yes,0,Graduate,Semiurban,Y
6068.0,0.0,28.0,360,1.0,Salaried,No,2,Not Graduate,Semiurban,Y
6219.0,2902.0,10.0,180,1.0,Salaried,Yes,3+,Graduate,Urban,Y
4074.0,0.0,10.0,240,,Self_Employed,Yes,1,Not Graduate,Rural,Y
2625.0,0.0,10.0,360,1.0,Salaried,No,0,Graduate,Urban,Y
2829.0,0.0,10.0,360,1.0,Salaried,No,0,Not Graduate,Semiurban,Y
2361.0,0.0,10.0,240,0.0,Salaried,Yes,3+,Graduate,Semiurban,N
2526.0,0.0,10.0,180,0.0,Salaried,No,0,Graduate,Semiurban,Y
4658.0,3890.0,65.0,180,1.0,Salaried,Yes,1,Graduate,Semiurban,Y
2772.0,0.0,10.0,360,0.0,Salaried,No,0,Not Graduate,Semiurban,Y
8481.0,0.0,10.0,360,1.0,Salaried,No,3+,Graduate,Urban,Y
16152.0,8643.0,10.0,120,1.0,Salaried,Yes,0,Graduate,Semiurban,Y
3090.0,2392.0,61.0,240,1.0,Salaried,No,0,Graduate,Semiurban,Y
5952.0,0.0,10.0,360,1.0,Self_Employed,Yes,1,Not Graduate,Urban,Y
7330.0,0.0,10.0,360,1.0,Self_Employed,No,0,Graduate,Semiurban,Y
7170.0,0.0,,360,1.0,Self_Employed,Yes,1,Graduate,Rural,Y
5223.0,3950.0,10.0,360,1.0,Salaried,Yes,0,Graduate,Rural,Y
8903.0,0.0,10.0,180,1.0,Self_Employed,No,0,Graduate,Urban,Y
7229.0,3054.0,30.0,300,,Salaried,No,0,Graduate,Rural,Y
1826.0,0.0,10.0,480,1.0,Salaried,Yes,0,Graduate,Rural,Y
9851.0,0.0,145.0,480,1.0,Self_Employed,Yes,2,Graduate,Urban,Y
9995.0,2084.0,18.0,360,1.0,Salaried,Yes,3+,Graduate,Semiurban,Y
2669.0,0.0,39.0,360,1.0,Salaried,No,2,Graduate,Rural,Y
5066.0,0.0,10.0,480,1.0,Self_Employed,Yes,2,Not Graduate,Semiurban,Y
8490.0,0.0,10.0,360,1.0,Self_Employed,Yes,0,Not Graduate,Semiurban,Y
4157.0,0.0,10.0,180,1.0,Salaried,No,0,Graduate,Semiurban,Y
11596.0,0.0,10.0,360,0.0,Self_Employed,No,1,Graduate,Urban,Y
32568.0,0.0,102.0,480,1.0,Salaried,Yes,0,Graduate,Urban,Y
2621.0,1330.0,65.0,360,1.0,Self_Employed,No,0,Not Graduate,Rural,Y
1628.0,2301.0,23.0,360,1.0,Salaried,Yes,1,Not Graduate,Urban,Y
6267.0,292.0,10.0,360,1.0,Salaried,Yes,1,Graduate,Rural,Y
8754.0,0.0,10.0,180,1.0,Salaried,No,0,Not Graduate,Urban,Y
4086.0,0.0,61.0,240,1.0,Self_Employed,No,2,Graduate,Semiurban,N
15719.0,4423.0,127.0,480,1.0,Self_Employed,Yes,3+,Graduate,Semiurban,Y
1684.0,0.0,10.0,360,1.0,Salaried,Yes,0,Graduate,Rural,Y
8556.0,0.0,69.0,120,1.0,Salaried,No,1,Graduate,Rural,Y
3027.0,0.0,22.0,480,,Self_Employed,Yes,0,Not Graduate,Rural,Y
19448.0,2865.0,71.0,360,1.0,Salaried,Yes,3+,Graduate,Semiurban,Y
24198.0,0.0,10.0,360,,Salaried,Yes,0,Not Graduate,Urban,Y
2662.0,1279.0,10.0,360,0.0,Salaried,Yes,2,Graduate,Semiurban,Y
3166.0,2615.0,29.0,180,1.0,Salaried,Yes,3+,Graduate,Urban,Y
9776.0,0.0,78.0,360,1.0,Salaried,Yes,1,Graduate,Urban,Y
3606.0,3865.0,10.0,480,1.0,Salaried,Yes,2,Graduate,Semiurban,Y
4739.0,3019.0,10.0,120,1.0,Salaried,Yes,0,Graduate,Urban,Y
5016.0,0.0,10.0,360,1.0,Self_Employed,Yes,3+,Not Graduate,Urban,Y
1058.0,1809.0,59.0,240,1.0,Self_Employed,No,1,Graduate,Urban,N
4861.0,0.0,10.0,300,1.0,Salaried,No,0,Not Graduate,Semiurban,Y
2831.0,4021.0,,300,1.0,Salaried,Yes,0,Graduate,Urban,Y
3313.0,1130.0,17.0,360,1.0,Salaried,No,0,Not Graduate,Urban,Y
15598.0,4515.0,55.0,360,1.0,Salaried,No,2,Not Graduate,Semiurban,Y
1799.0,2271.0,38.0,360,1.0,Salaried,Yes,2,Graduate,Urban,Y
9420.0,0.0,10.0,360,0.0,Self_Employed,Yes,2,Graduate,Urban,N
3932.0,0.0,10.0,120,1.0,Self_Employed,Yes,0,Not Graduate,Semiurban,Y
3929.0,0.0,64.0,180,1.0,Self_Employed,No,0,Not Graduate,Semiurban,N
9249.0,0.0,10.0,120,0.0,Salaried,Yes,1,Graduate,Rural,N
6451.0,1638.0,85.0,360,1.0,Salaried,No,1,Graduate,Urban,Y
7758.0,0.0,10.0,360,1.0,Self_Employed,Yes,0,Graduate,Semiurban,Y
10663.0,0.0,57.0,360,1.0,Salaried,No,1,Graduate,Urban,Y
3770.0,0.0,10.0,360,0.0,Self_Employed,Yes,1,Not Graduate,Urban,N
3012.0,4567.0,10.0,240,,Salaried,Yes,1,Graduate,Semiurban,Y
2063.0,0.0,10.0,360,1.0,Salaried,No,1,Not Graduate,Semiurban,Y
2539.0,0.0,31.0,240,0.0,Self_Employed,Yes,1,Not Graduate,Semiurban,N
52014.0,1773.0,179.0,360,1.0,Salaried,Yes,0,Not Graduate,Rural,Y
13303.0,0.0,91.0,240,1.0,Salaried,Yes,2,Graduate,Rural,Y
1668.0,4500.0,92.0,240,0.0,Salaried,Yes,0,Graduate,Urban,N
1706.0,0.0,10.0,360,1.0,Salaried,Yes,1,Not Graduate,Urban,Y
7226.0,0.0,10.0,180,1.0,Salaried,Yes,0,Graduate,Semiurban,Y
7615.0,0.0,10.0,120,0.0,Salaried,No,1,Graduate,Urban,N
7624.0,0.0,,360,1.0,Self_Employed,No,2,Not Graduate,Rural,Y
4008.0,2701.0,66.0,240,1.0,Salaried,Yes,0,Graduate,Rural,N
4445.0,0.0,40.0,120,1.0,Salaried,Yes,3+,Graduate,Urban,N
6389.0,0.0,,240,1.0,Salaried,No,0,Not Graduate,Rural,Y
5264.0,2515.0,10.0,360,1.0,Self_Employed,No,0,Not Graduate,Semiurban,Y
833.0,0.0,72.0,300,1.0,Salaried,Yes,2,Graduate,Semiurban,Y
4089.0,0.0,106.0,180,1.0,Salaried,Yes,1,Graduate,Urban,Y
2487.0,2732.0,27.0,360,1.0,Self_Employed,No,0,Graduate,Urban,Y
5654.0,1321.0,10.0,360,1.0,Salaried,Yes,3+,Graduate,Semiurban,Y
53541.0,2662.0,184.0,360,1.0,Salaried,Yes,1,Graduate,Semiurban,Y
6594.0,0.0,62.0,300,0.0,Self_Employed,No,0,Graduate,Rural,N
3824.0,0.0,16.0,180,1.0,Salaried,Yes,2,Not Graduate,Semiurban,Y
10275.0,0.0,67.0,360,1.0,Salaried,Yes,0,Graduate,Semiurban,Y
7231.0,0.0,42.0,360,1.0,Salaried,No,0,Graduate,Rural,Y
6878.0,0.0,10.0,360,1.0,Salaried,No,2,Not Graduate,Semiurban,Y
7986.0,0.0,10.0,240,1.0,Salaried,No,1,Graduate,Urban,Y
25469.0,3013.0,47.0,180,1.0,Salaried,Yes,1,Graduate,Semiurban,Y
1989.0,0.0,56.0,360,1.0,Salaried,Yes,2,Graduate,Urban,Y
7179.0,0.0,10.0,360,1.0,Salaried,Yes,2,Not Graduate,Rural,Y
2342.0,0.0,27.0,300,1.0,Salaried,No,0,Graduate,Semiurban,Y
7665.0,0.0,38.0,240,1.0,Salaried,Yes,2,Not Graduate,Urban,Y
2357.0,2933.0,93.0,360,1.0,Salaried,Yes,0,Not Graduate,Urban,Y
3520.0,0.0,10.0,240,1.0,Salaried,Yes,0,Graduate,Semiurban,Y
3881.0,1379.0,10.0,360,1.0,Salaried,Yes,3+,Not Graduate,Semiurban,Y
10728.0,0.0,49.0,360,1.0,Salaried,No,2,Not Graduate,Semiurban,Y
10247.0,6941.0,126.0,300,1.0,Salaried,Yes,0,Graduate,Semiurban,Y
1814.0,0.0,39.0,120,1.0,Salaried,No,1,Graduate,Urban,N
5136.0,3382.0,10.0,240,1.0,Salaried,Yes,0,Not Graduate,Urban,Y
2786.0,3493.0,10.0,360,1.0,Salaried,Yes,0,Graduate,Semiurban,Y
1796.0,7395.0,10.0,360,1.0,Salaried,No,2,Graduate,Urban,Y
4131.0,7214.0,133.0,360,1.0,Salaried,No,2,Not Graduate,Rural,Y
3840.0,2863.0,10.0,360,1.0,Salaried,No,2,Not Graduate,Urban,Y
34248.0,0.0,68.0,360,1.0,Salaried,No,1,Graduate,Semiurban,Y
6949.0,0.0,16.0,360,1.0,Salaried,Yes,0,Graduate,Urban,Y
1633.0,2518.0,10.0,360,1.0,Salaried,Yes,2,Not Graduate,Urban,Y
3128.0,2200.0,95.0,300,1.0,Salaried,Yes,0,Graduate,Rural,N
11127.0,0.0,10.0,360,1.0,Self_Employed,No,0,Graduate,Semiurban,Y
26128.0,0.0,139.0,360,1.0,Salaried,Yes,3+,Graduate,Urban,Y
1382.0,0.0,10.0,360,1.0,Salaried,Yes,2,Graduate,Urban,Y
1092.0,0.0,63.0,360,1.0,Salaried,No,1,Graduate,Urban,N
21955.0,10982.0,131.0,240,1.0,Salaried,Yes,0,Not Graduate,Semiurban,Y
6712.0,3253.0,16.0,300,,Salaried,Yes,0,Graduate,Semiurban,Y
2454.0,6436.0,10.0,360,1.0,Salaried,Yes,0,Not Graduate,Urban,Y
7538.0,0.0,30.0,240,1.0,Salaried,No,1,Not Graduate,Urban,Y
597.0,0.0,,360,0.0,Salaried,No,1,Graduate,Semiurban,N
4928.0,0.0,,480,1.0,Self_Employed,Yes,2,Graduate,Semiurban,Y
6389.0,6038.0,116.0,360,0.0,Salaried,Yes,1,Not Graduate,Urban,N
10295.0,3184.0,52.0,360,1.0,Salaried,Yes,1,Graduate,Semiurban,Y
2184.0,1867.0,10.0,360,1.0,Self_Employed,Yes,2,Graduate,Rural,Y
5263.0,0.0,10.0,360,1.0,Salaried,Yes,1,Graduate,Semiurban,Y
2344.0,2899.0,10.0,360,1.0,Self_Employed,Yes,3+,Not Graduate,Urban,Y
6029.0,0.0,58.0,180,1.0,Salaried,No,2,Graduate,Semiurban,Y
2401.0,2400.0,10.0,360,1.0,Salaried,Yes,0,Graduate,Rural,Y
3546.0,0.0,10.0,240,1.0,Salaried,No,3+,Not Graduate,Semiurban,Y
2216.0,0.0,28.0,480,1.0,Self_Employed,Yes,0,Not Graduate,Semiurban,Y
8274.0,0.0,10.0,240,,Salaried,Yes,3+,Graduate,Urban,Y
9767.0,0.0,60.0,240,1.0,Self_Employed,Yes,1,Graduate,Rural,Y
4074.0,0.0,17.0,360,1.0,Salaried,No,1,Not Graduate,Semiurban,Y
5067.0,0.0,10.0,360,0.0,Salaried,No,0,Not Graduate,Urban,N
1542.0,0.0,,120,1.0,Salaried,Yes,0,Graduate,Semiurban,N
3867.0,0.0,10.0,180,1.0,Salaried,Yes,0,Graduate,Urban,Y
4721.0,0.0,38.0,360,1.0,Salaried,No,2,Graduate,Rural,Y
40000.0,0.0,87.0,360,1.0,Salaried,No,0,Graduate,Semiurban,Y
2019.0,0.0,64.0,180,1.0,Salaried,No,1,Not Graduate,Semiurban,Y
15857.0,0.0,166.0,360,1.0,Salaried,Yes,3+,Graduate,Semiurban,Y
10911.0,1533.0,57.0,240,0.0,Self_Employed,No,0,Graduate,Semiurban,Y
6152.0,1271.0,97.0,240,1.0,Salaried,Yes,2,Graduate,Urban,Y
20068.0,0.0,73.0,480,,Self_Employed,Yes,0,Not Graduate,Semiurban,Y
6619.0,0.0,10.0,300,1.0,Salaried,Yes,0,Graduate,Urban,Y
6710.0,0.0,27.0,120,1.0,Salaried,Yes,2,Graduate,Urban,N
4710.0,0.0,106.0,480,1.0,Salaried,Yes,1,Graduate,Rural,Y
13080.0,0.0,18.0,360,1.0,Salaried,Yes,0,Graduate,Urban,Y
11816.0,0.0,10.0,240,1.0,Salaried,Yes,0,Graduate,Semiurban,Y
2979.0,3398.0,10.0,360,1.0,Salaried,No,2,Graduate,Rural,Y
1711.0,0.0,10.0,360,1.0,Salaried,No,0,Graduate,Semiurban,Y
4178.0,0.0,10.0,300,0.0,Salaried,Yes,0,Graduate,Semiurban,Y
2591.0,1903.0,94.0,360,1.0,Salaried,Yes,2,Graduate,Urban,Y
4671.0,0.0,26.0,360,1.0,Self_Employed,Yes,2,Not Graduate,Urban,Y
13226.0,0.0,64.0,360,1.0,Salaried,Yes,2,Not Graduate,Semiurban,Y
3409.0,5651.0,10.0,360,1.0,Salaried,Yes,0,Graduate,Semiurban,Y
4749.0,3396.0,10.0,360,0.0,Self_Employed,Yes,0,Graduate,Urban,N
5148.0,0.0,,120,1.0,Salaried,Yes,1,Graduate,Semiurban,Y
9689.0,3486.0,10.0,360,,Salaried,No,0,Graduate,Rural,N
814.0,1055.0,21.0,180,1.0,Salaried,No,1,Graduate,Urban,Y
3025.0,8237.0,49.0,360,1.0,Salaried,No,1,Graduate,Urban,Y
5820.0,0.0,48.0,360,1.0,Salaried,Yes,2,Not Graduate,Urban,Y
12837.0,0.0,10.0,360,0.0,Salaried,No,0,Graduate,Semiurban,N
3316.0,0.0,12.0,360,1.0,Salaried,Yes,0,Graduate,Rural,Y
1095.0,6790.0,10.0,360,,Salaried,Yes,0,Graduate,Urban,Y
8069.0,0.0,34.0,180,1.0,Self_Employed,No,1,Graduate,Rural,Y
2956.0,4028.0,36.0,360,,Salaried,No,1,Not Graduate,Semiurban,Y
1897.0,4256.0,10.0,360,1.0,Salaried,No,0,Graduate,Semiurban,Y
2983.0,0.0,58.0,360,1.0,Self_Employed,Yes,0,Graduate,Urban,Y
4240.0,728.0,122.0,360,1.0,Self_Employed,No,1,Graduate,Semiurban,Y
3030.0,0.0,47.0,300,1.0,Salaried,No,3+,Graduate,Rural,Y
842.0,0.0,,240,1.0,Salaried,Yes,2,Graduate,Rural,Y
10073.0,3360.0,19.0,300,1.0,Self_Employed,Yes,1,Graduate,Semiurban,Y
13628.0,0.0,11.0,360,1.0,Salaried,Yes,3+,Not Graduate,Semiurban,Y
8277.0,0.0,10.0,240,1.0,Salaried,Yes,0,Graduate,Urban,Y
1978.0,0.0,19.0,480,1.0,Salaried,No,0,Graduate,Rural,Y
4183.0,6302.0,10.0,360,1.0,Salaried,Yes,0,Graduate,Rural,Y
4889.0,0.0,10.0,120,1.0,Salaried,No,3+,Not Graduate,Semiurban,Y
7935.0,3393.0,34.0,360,1.0,Salaried,No,1,Graduate,Rural,Y
8389.0,0.0,27.0,360,1.0,Salaried,Yes,0,Graduate,Urban,Y
2732.0,4442.0,10.0,240,1.0,Salaried,Yes,0,Not Graduate,Urban,Y
5248.0,0.0,10.0,360,1.0,Salaried,Yes,0,Graduate,Rural,Y
7086.0,5977.0,44.0,360,1.0,Self_Employed,Yes,0,Graduate,Semiurban,Y
15751.0,2497.0,10.0,240,1.0,Salaried,Yes,0,Graduate,Semiurban,Y
8635.0,0.0,10.0,360,1.0,Salaried,Yes,3+,Graduate,Semiurban,Y
9240.0,0.0,,480,,Salaried,No,0,Graduate,Urban,Y
5256.0,0.0,47.0,300,1.0,Self_Employed,No,0,Graduate,Urban,Y
15190.0,0.0,10.0,360,1.0,Salaried,No,0,Graduate,Semiurban,Y
6821.0,2046.0,10.0,300,0.0,Salaried,Yes,2,Not Graduate,Urban,N
2468.0,0.0,11.0,360,1.0,Self_Employed,No,1,Graduate,Semiurban,Y
15104.0,0.0,10.0,360,1.0,Salaried,Yes,0,Graduate,Semiurban,Y
8590.0,1802.0,10.0,240,1.0,Salaried,Yes,2,Graduate,Rural,Y
3448.0,0.0,36.0,360,1.0,Salaried,No,2,Not Graduate,Urban,Y
3349.0,0.0,20.0,240,,Salaried,No,3+,Not Graduate,Semiurban,Y
6231.0,0.0,38.0,180,1.0,Salaried,Yes,0,Graduate,Rural,Y
7119.0,0.0,33.0,360,1.0,Salaried,Yes,0,Not Graduate,Urban,N
5755.0,0.0,10.0,300,1.0,Self_Employed,Yes,3+,Graduate,Rural,Y
6305.0,6363.0,10.0,360,0.0,Salaried,Yes,2,Not Graduate,Urban,N
19148.0,1950.0,75.0,360,0.0,Salaried,Yes,2,Graduate,Rural,N
11582.0,0.0,112.0,180,1.0,Salaried,Yes,1,Graduate,Semiurban,Y
5724.0,2404.0,,240,1.0,Salaried,No,1,Graduate,Rural,Y
10436.0,1514.0,10.0,360,1.0,Salaried,No,2,Graduate,Urban,Y
2152.0,0.0,10.0,240,1.0,Self_Employed,No,0,Graduate,Semiurban,Y
6757.0,0.0,10.0,120,1.0,Salaried,Yes,1,Graduate,Semiurban,Y
20899.0,15262.0,79.0,180,1.0,Salaried,Yes,2,Graduate,Semiurban,Y
4128.0,0.0,10.0,360,1.0,Salaried,Yes,0,Graduate,Urban,Y
2495.0,0.0,29.0,360,,Salaried,No,0,Graduate,Urban,Y
2917.0,5471.0,55.0,240,1.0,Salaried,Yes,0,Not Graduate,Urban,Y
2056.0,0.0,10.0,240,1.0,Salaried,Yes,2,Not Graduate,Urban,Y
2623.0,0.0,10.0,360,0.0,Salaried,Yes,2,Graduate,Semiurban,Y
3654.0,0.0,13.0,480,0.0,Salaried,Yes,1,Graduate,Urban,Y
1596.0,0.0,10.0,240,1.0,Salaried,Yes,2,Graduate,Semiurban,Y
4977.0,813.0,37.0,360,1.0,Salaried,No,0,Not Graduate,Semiurban,Y
10115.0,0.0,26.0,360,1.0,Salaried,Yes,2,Graduate,Urban,Y
2377.0,1374.0,69.0,480,1.0,Self_Employed,Yes,0,Graduate,Urban,Y
16571.0,0.0,12.0,180,0.0,Salaried,Yes,1,Graduate,Urban,Y
7396.0,0.0,10.0,480,1.0,Salaried,No,0,Graduate,Semiurban,Y
11209.0,0.0,10.0,360,1.0,Salaried,Yes,0,Graduate,Semiurban,Y
2904.0,1698.0,48.0,480,1.0,Salaried,No,0,Not Graduate,Semiurban,Y
9736.0,3491.0,35.0,360,1.0,Self_Employed,Yes,0,Graduate,Rural,Y
2052.0,1216.0,37.0,360,1.0,Self_Employed,Yes,2,Not Graduate,Urban,Y
10019.0,0.0,57.0,360,0.0,Salaried,Yes,0,Graduate,Rural,Y
5639.0,4742.0,10.0,360,,Salaried,Yes,0,Graduate,Semiurban,Y
7651.0,0.0,10.0,360,1.0,Salaried,No,3+,Graduate,Urban,Y
1919.0,4164.0,10.0,360,0.0,Salaried,No,0,Not Graduate,Rural,N
2402.0,0.0,10.0,360,1.0,Salaried,No,3+,Graduate,Rural,Y
7925.0,2305.0,10.0,360,0.0,Salaried,Yes,3+,Graduate,Semiurban,Y
2302.0,0.0,,120,1.0,Self_Employed,Yes,0,Not Graduate,Semiurban,N
7119.0,0.0,77.0,360,0.0,Salaried,No,0,Graduate,Rural,N
1646.0,0.0,10.0,360,1.0,Salaried,Yes,1,Not Graduate,Semiurban,Y
9687.0,0.0,21.0,360,0.0,Salaried,No,2,Not Graduate,Rural,N
1833.0,0.0,10.0,360,1.0,Salaried,No,0,Graduate,Urban,N
7645.0,0.0,21.0,360,1.0,Self_Employed,Yes,0,Graduate,Urban,Y
8107.0,7539.0,28.0,360,1.0,Salaried,Yes,2,Graduate,Urban,Y
2815.0,2653.0,58.0,360,1.0,Salaried,No,0,Graduate,Semiurban,Y
7829.0,0.0,59.0,480,1.0,Salaried,Yes,0,Graduate,Rural,Y
6053.0,0.0,10.0,360,0.0,Salaried,Yes,3+,Graduate,Semiurban,N
3194.0,0.0,10.0,360,1.0,Salaried,Yes,3+,Graduate,Semiurban,Y
2193.0,1777.0,83.0,180,1.0,Salaried,Yes,0,Graduate,Semiurban,Y
1022.0,1922.0,10.0,240,1.0,Salaried,Yes,0,Graduate,Urban,Y
6501.0,17254.0,,360,1.0,Salaried,Yes,1,Graduate,Rural,Y
1406.0,10560.0,10.0,360,1.0,Salaried,No,0,Not Graduate,Semiurban,Y
5304.0,8482.0,32.0,300,0.0,Salaried,No,0,Graduate,Rural,N
3981.0,2365.0,10.0,180,1.0,Salaried,Yes,2,Not Graduate,Semiurban,Y
8462.0,16290.0,27.0,300,1.0,Self_Employed,No,3+,Graduate,Semiurban,Y
3860.0,0.0,48.0,360,1.0,Salaried,Yes,0,Not Graduate,Rural,Y
3776.0,5908.0,65.0,360,1.0,Salaried,Yes,1,Graduate,Urban,Y
8826.0,0.0,28.0,360,1.0,Salaried,No,0,Graduate,Urban,Y
6426.0,2880.0,10.0,300,,Salaried,Yes,0,Graduate,Semiurban,Y
6329.0,0.0,13.0,300,1.0,Salaried,Yes,0,Not Graduate,Semiurban,Y
7154.0,0.0,88.0,360,1.0,Salaried,Yes,0,Graduate,Semiurban,Y
1439.0,4564.0,98.0,300,0.0,Salaried,No,1,Graduate,Urban,N
9004.0,0.0,10.0,360,1.0,Salaried,No,2,Graduate,Rural,Y
8022.0,2916.0,,300,,Self_Employed,No,0,Graduate,Semiurban,Y
2179.0,0.0,45.0,120,1.0,Salaried,Yes,0,Graduate,Urban,N
4043.0,374.0,10.0,360,1.0,Self_Employed,No,0,Graduate,Urban,Y
4763.0,0.0,,240,1.0,Salaried,Yes,1,Graduate,Rural,N
4413.0,0.0,24.0,120,1.0,Self_Employed,Yes,0,Graduate,Semiurban,N
6419.0,6653.0,10.0,360,0.0,Salaried,Yes,0,Graduate,Semiurban,N
15446.0,0.0,33.0,240,0.0,Salaried,Yes,0,Graduate,Urban,Y
11677.0,3448.0,85.0,360,1.0,Salaried,Yes,0,Graduate,Urban,Y
1720.0,0.0,10.0,240,,Salaried,Yes,0,Graduate,Semiurban,Y
8084.0,0.0,10.0,360,1.0,Salaried,Yes,0,Graduate,Semiurban,Y
14231.0,0.0,,480,0.0,Self_Employed,No,2,Graduate,Urban,N
6697.0,3594.0,10.0,360,1.0,Salaried,No,3+,Graduate,Rural,Y
11764.0,0.0,10.0,360,,Salaried,No,0,Not Graduate,Urban,Y
24583.0,0.0,101.0,360,1.0,Salaried,No,0,Not Graduate,Rural,Y
11147.0,1839.0,10.0,300,1.0,Salaried,Yes,0,Graduate,Semiurban,Y
6000.0,8317.0,103.0,240,1.0,Salaried,Yes,3+,Not Graduate,Rural,Y
11340.0,6405.0,10.0,240,1.0,Salaried,No,0,Graduate,Rural,Y
5519.0,0.0,,360,1.0,Salaried,No,1,Graduate,Urban,Y
5010.0,2178.0,99.0,360,1.0,Salaried,Yes,0,Not Graduate,Semiurban,N
3710.0,0.0,14.0,120,1.0,Salaried,Yes,0,Graduate,Urban,Y
17167.0,1971.0,10.0,360,1.0,Salaried,Yes,0,Graduate,Semiurban,Y
2554.0,8810.0,26.0,180,0.0,Self_Employed,Yes,0,Graduate,Rural,N
16746.0,0.0,10.0,360,1.0,Salaried,Yes,0,Graduate,Semiurban,Y
7331.0,0.0,10.0,360,1.0,Salaried,No,0,Graduate,Semiurban,Y
1604.0,0.0,18.0,480,1.0,Self_Employed,No,0,Graduate,Urban,Y
6595.0,0.0,,360,0.0,Self_Employed,Yes,1,Graduate,Urban,N
916.0,0.0,10.0,180,1.0,Salaried,Yes,1,Graduate,Urban,Y
8106.0,2784.0,10.0,360,0.0,Salaried,No,1,Graduate,Urban,Y
9978.0,917.0,10.0,240,1.0,Salaried,Yes,0,Graduate,Urban,Y
3060.0,0.0,109.0,360,1.0,Salaried,Yes,0,Graduate,Rural,Y
5425.0,0.0,10.0,300,0.0,Salaried,Yes,2,Not Graduate,Urban,N
23466.0,0.0,48.0,300,1.0,Salaried,Yes,0,Graduate,Urban,Y
3279.0,13011.0,41.0,360,1.0,Salaried,Yes,3+,Graduate,Semiurban,Y
2107.0,704.0,21.0,120,1.0,Salaried,No,2,Graduate,Rural,Y
16080.0,1703.0,58.0,240,1.0,Salaried,Yes,0,Graduate,Rural,Y
23625.0,0.0,117.0,360,1.0,Self_Employed,Yes,2,Graduate,Urban,Y
4929.0,0.0,26.0,360,1.0,Self_Employed,Yes,1,Graduate,Rural,Y
11039.0,0.0,43.0,360,1.0,Salaried,Yes,1,Graduate,Rural,Y
14374.0,1525.0,33.0,360,1.0,Self_Employed,No,2,Graduate,Rural,Y
2714.0,0.0,10.0,360,1.0,Salaried,Yes,0,Graduate,Rural,Y
3333.0,0.0,,180,0.0,Salaried,Yes,1,Graduate,Urban,N
13157.0,11688.0,48.0,360,1.0,Salaried,No,1,Graduate,Semiurban,N
18921.0,0.0,51.0,360,0.0,Salaried,No,2,Not Graduate,Semiurban,Y
7710.0,6823.0,68.0,360,1.0,Salaried,No,1,Not Graduate,Rural,Y
2431.0,4251.0,25.0,360,1.0,Salaried,No,0,Graduate,Urban,Y
24092.0,0.0,55.0,120,1.0,Salaried,No,0,Not Graduate,Semiurban,Y
3214.0,0.0,10.0,180,1.0,Salaried,Yes,3+,Not Graduate,Semiurban,Y
3759.0,0.0,10.0,180,1.0,Salaried,Yes,0,Graduate,Semiurban,Y
6463.0,0.0,34.0,300,1.0,Salaried,No,0,Graduate,Semiurban,Y
17040.0,1998.0,37.0,180,1.0,Salaried,Yes,0,Graduate,Semiurban,Y
9732.0,0.0,31.0,360,,Salaried,Yes,0,Graduate,Rural,Y
6849.0,0.0,68.0,240,1.0,Salaried,No,0,Graduate,Rural,Y
7120.0,0.0,10.0,360,1.0,Salaried,Yes,0,Not Graduate,Semiurban,Y
5089.0,0.0,45.0,360,1.0,Salaried,No,0,Graduate,Semiurban,Y
7681.0,1466.0,32.0,300,1.0,Salaried,Yes,2,Graduate,Rural,Y
650.0,1918.0,109.0,360,1.0,Self_Employed,Yes,0,Not Graduate,Urban,Y
3877.0,0.0,10.0,480,0.0,Salaried,Yes,1,Not Graduate,Urban,N
5961.0,4025.0,55.0,360,0.0,Salaried,No,0,Not Graduate,Rural,N
1957.0,0.0,10.0,480,1.0,Salaried,No,2,Not Graduate,Semiurban,Y
6695.0,4549.0,10.0,180,1.0,Salaried,Yes,1,Graduate,Urban,Y
4173.0,4627.0,10.0,360,1.0,Salaried,Yes,0,Graduate,Rural,Y
20018.0,932.0,114.0,360,1.0,Salaried,Yes,0,Graduate,Rural,Y
17299.0,0.0,19.0,120,0.0,Salaried,Yes,2,Graduate,Rural,N
3386.0,4271.0,10.0,480,1.0,Salaried,Yes,1,Graduate,Urban,Y
4356.0,0.0,10.0,480,1.0,Self_Employed,Yes,3+,Graduate,Urban,Y
4632.0,0.0,10.0,300,1.0,Salaried,No,0,Graduate,Semiurban,Y
3424.0,4609.0,15.0,480,1.0,Salaried,No,3+,Graduate,Semiurban,Y
5745.0,0.0,96.0,180,1.0,Self_Employed,Yes,0,Graduate,Rural,N
2679.0,0.0,44.0,360,1.0,Salaried,No,0,Graduate,Rural,Y
1989.0,0.0,81.0,240,1.0,Salaried,Yes,0,Graduate,Rural,Y
8088.0,0.0,10.0,240,1.0,Salaried,Yes,0,Graduate,Urban,Y
8133.0,6625.0,30.0,360,1.0,Salaried,No,1,Graduate,Rural,Y
2583.0,3660.0,10.0,300,1.0,Self_Employed,Yes,3+,Graduate,Rural,Y
10060.0,0.0,10.0,120,1.0,Self_Employed,Yes,3+,Not Graduate,Urban,Y
2965.0,925.0,10.0,360,1.0,Salaried,Yes,1,Graduate,Urban,Y
6018.0,0.0,10.0,240,1.0,Salaried,No,0,Graduate,Semiurban,Y
9474.0,0.0,79.0,360,1.0,Salaried,No,3+,Graduate,Urban,Y
4784.0,1648.0,10.0,240,1.0,Self_Employed,Yes,1,Graduate,Rural,Y
7071.0,0.0,,360,1.0,Salaried,No,3+,Graduate,Urban,Y
3251.0,2567.0,72.0,240,1.0,Salaried,Yes,3+,Not Graduate,Semiurban,N
4200.0,1477.0,40.0,300,,Self_Employed,No,0,Graduate,Rural,Y
4169.0,2318.0,10.0,240,1.0,Salaried,No,0,Graduate,Rural,Y
2705.0,0.0,10.0,360,1.0,Salaried,Yes,0,Graduate,Rural,Y
4267.0,8133.0,10.0,180,1.0,Salaried,No,2,Graduate,Rural,Y
1424.0,0.0,33.0,360,1.0,Salaried,Yes,2,Graduate,Rural,Y
3318.0,0.0,,300,1.0,Salaried,No,1,Graduate,Rural,Y
3913.0,0.0,10.0,360,1.0,Salaried,No,0,Graduate,Semiurban,Y
4004.0,0.0,70.0,180,1.0,Self_Employed,Yes,0,Graduate,Semiurban,Y
4051.0,0.0,98.0,360,1.0,Salaried,Yes,3+,Graduate,Semiurban,Y
4678.0,1449.0,10.0,240,1.0,Salaried,Yes,0,Not Graduate,Semiurban,Y
7212.0,0.0,25.0,180,1.0,Salaried,Yes,1,Graduate,Rural,Y
9893.0,0.0,,240,1.0,Salaried,Yes,3+,Graduate,Semiurban,Y
2922.0,0.0,10.0,180,1.0,Self_Employed,Yes,2,Graduate,Rural,N
1877.0,0.0,28.0,360,,Self_Employed,Yes,1,Graduate,Urban,Y
2135.0,0.0,23.0,480,,Salaried,No,0,Graduate,Semiurban,Y
3328.0,0.0,10.0,120,1.0,Salaried,No,1,Graduate,Urban,Y
3709.0,0.0,10.0,360,1.0,Salaried,Yes,0,Graduate,Semiurban,Y
2654.0,0.0,10.0,300,,Self_Employed,Yes,1,Graduate,Semiurban,Y
1743.0,0.0,10.0,300,1.0,Salaried,Yes,0,Graduate,Rural,Y
3412.0,2943.0,33.0,300,1.0,Salaried,No,2,Graduate,Urban,Y
5682.0,0.0,10.0,360,1.0,Salaried,Yes,3+,Not Graduate,Urban,Y
7911.0,0.0,24.0,120,1.0,Self_Employed,No,3+,Graduate,Rural,N
3147.0,0.0,22.0,360,1.0,Salaried,No,0,Graduate,Rural,Y
3532.0,0.0,10.0,240,,Self_Employed,No,0,Graduate,Urban,Y
2342.0,0.0,10.0,300,1.0,Salaried,Yes,0,Graduate,Urban,Y
4793.0,3997.0,10.0,360,0.0,Salaried,Yes,0,Graduate,Urban,N
2493.0,0.0,10.0,300,0.0,Salaried,No,0,Not Graduate,Rural,N
7774.0,0.0,16.0,180,1.0,Salaried,Yes,1,Graduate,Semiurban,Y
1178.0,935.0,10.0,180,1.0,Salaried,Yes,0,Graduate,Semiurban,Y
3686.0,0.0,10.0,240,1.0,Salaried,Yes,0,Graduate,Semiurban,Y
6253.0,0.0,40.0,360,1.0,Salaried,Yes,1,Not Graduate,Semiurban,Y
5693.0,0.0,10.0,180,1.0,Salaried,No,0,Not Graduate,Urban,Y
42380.0,2482.0,232.0,360,1.0,Self_Employed,Yes,0,Not Graduate,Rural,Y
6502.0,0.0,10.0,240,1.0,Self_Employed,No,0,Graduate,Rural,Y
2201.0,0.0,10.0,360,1.0,Salaried,No,1,Graduate,Rural,Y
4553.0,0.0,10.0,360,1.0,Salaried,Yes,1,Graduate,Rural,Y
1187.0,9995.0,41.0,240,1.0,Salaried,No,0,Graduate,Semiurban,Y
4608.0,0.0,10.0,480,1.0,Salaried,No,0,Graduate,Urban,Y
2524.0,0.0,10.0,240,1.0,Self_Employed,No,0,Graduate,Urban,Y
10222.0,0.0,62.0,360,0.0,Salaried,No,0,Graduate,Semiurban,N
3166.0,0.0,10.0,360,1.0,Self_Employed,Yes,0,Graduate,Urban,Y
4476.0,883.0,85.0,300,1.0,Self_Employed,Yes,2,Graduate,Urban,Y
2956.0,0.0,10.0,480,1.0,Salaried,Yes,0,Graduate,Urban,Y
19753.0,0.0,10.0,360,1.0,Salaried,Yes,0,Not Graduate,Rural,Y
3801.0,0.0,41.0,360,1.0,Salaried,Yes,0,Not Graduate,Urban,Y
21291.0,0.0,143.0,480,,Salaried,Yes,0,Graduate,Urban,Y
9427.0,0.0,36.0,360,1.0,Salaried,Yes,0,Graduate,Rural,Y
7228.0,2996.0,98.0,180,0.0,Self_Employed,Yes,0,Graduate,Semiurban,N
6601.0,0.0,92.0,360,0.0,Salaried,Yes,0,Graduate,Urban,N
6735.0,775.0,10.0,300,1.0,Salaried,Yes,3+,Graduate,Rural,Y
1051.0,4959.0,62.0,240,0.0,Salaried,No,3+,Not Graduate,Urban,N
3932.0,0.0,10.0,360,1.0,Salaried,Yes,2,Graduate,Rural,Y
9664.0,0.0,54.0,360,1.0,Self_Employed,No,0,Graduate,Semiurban,Y
4726.0,0.0,10.0,240,1.0,Salaried,No,0,Graduate,Urban,Y
1597.0,0.0,64.0,360,1.0,Salaried,Yes,1,Not Graduate,Rural,N
4713.0,0.0,70.0,360,1.0,Salaried,No,0,Graduate,Semiurban,Y
19212.0,0.0,62.0,180,0.0,Salaried,Yes,0,Graduate,Semiurban,N
13327.0,0.0,43.0,360,1.0,Self_Employed,Yes,1,Not Graduate,Rural,Y
4677.0,1653.0,39.0,480,0.0,Salaried,Yes,0,Graduate,Urban,N
10521.0,0.0,15.0,240,1.0,Self_Employed,No,0,Graduate,Semiurban,Y
3666.0,0.0,10.0,300,1.0,Salaried,Yes,0,Graduate,Rural,Y
1258.0,0.0,75.0,300,1.0,Salaried,Yes,2,Graduate,Semiurban,Y
2346.0,2189.0,91.0,360,0.0,Salaried,No,1,Graduate,Semiurban,N
17160.0,1346.0,41.0,120,1.0,Self_Employed,No,1,Graduate,Urban,Y
3947.0,3506.0,23.0,240,1.0,Self_Employed,No,0,Graduate,Semiurban,Y
4045.0,1883.0,13.0,360,1.0,Salaried,No,2,Not Graduate,Semiurban,Y
3867.0,0.0,10.0,360,1.0,Salaried,No,3+,Graduate,Urban,Y
22546.0,9161.0,29.0,300,1.0,Salaried,Yes,1,Graduate,Urban,Y
18048.0,4796.0,140.0,360,1.0,Salaried,Yes,0,Graduate,Semiurban,Y
28999.0,1007.0,67.0,360,1.0,Self_Employed,No,2,Not Graduate,Urban,Y
4328.0,8550.0,140.0,360,1.0,Self_Employed,Yes,1,Not Graduate,Semiurban,Y
6226.0,8982.0,97.0,240,1.0,Salaried,Yes,2,Graduate,Semiurban,Y
1461.0,0.0,23.0,360,1.0,Salaried,Yes,1,Graduate,Urban,Y
16019.0,0.0,57.0,360,0.0,Salaried,Yes,2,Graduate,Semiurban,Y
1931.0,2026.0,10.0,240,1.0,Salaried,Yes,1,Graduate,Semiurban,Y
5845.0,0.0,10.0,360,1.0,Salaried,No,0,Not Graduate,Rural,Y
2043.0,0.0,77.0,120,,Self_Employed,No,0,Graduate,Rural,N
3068.0,10002.0,10.0,360,0.0,Salaried,Yes,0,Graduate,Rural,N
2515.0,0.0,60.0,360,1.0,Self_Employed,No,0,Not Graduate,Urban,N
3022.0,0.0,,360,1.0,Salaried,Yes,1,Not Graduate,Rural,Y
3193.0,0.0,10.0,240,0.0,Salaried,Yes,0,Not Graduate,Rural,N
3170.0,0.0,105.0,360,1.0,Salaried,Yes,0,Graduate,Semiurban,Y
9573.0,2185.0,15.0,240,1.0,Salaried,Yes,0,Graduate,Semiurban,N
2031.0,0.0,10.0,360,1.0,Salaried,No,0,Graduate,Urban,Y
5863.0,0.0,88.0,360,1.0,Salaried,Yes,2,Graduate,Urban,Y
13022.0,0.0,106.0,180,1.0,Salaried,Yes,2,Graduate,Semiurban,Y
3260.0,3465.0,61.0,240,1.0,Self_Employed,Yes,2,Graduate,Semiurban,Y
2767.0,0.0,10.0,360,,Salaried,No,0,Graduate,Urban,Y
4087.0,0.0,10.0,360,1.0,Self_Employed,No,0,Graduate,Urban,Y
12629.0,0.0,41.0,360,1.0,Self_Employed,Yes,3+,Graduate,Rural,Y
5740.0,1242.0,45.0,240,1.0,Salaried,No,0,Graduate,Semiurban,Y
3213.0,0.0,10.0,360,1.0,Salaried,Yes,1,Graduate,Semiurban,Y
7238.0,0.0,28.0,240,1.0,Self_Employed,No,2,Not Graduate,Semiurban,Y
2035.0,0.0,16.0,360,1.0,Salaried,Yes,0,Graduate,Semiurban,Y
8477.0,0.0,80.0,480,1.0,Salaried,Yes,0,Graduate,Urban,Y
6815.0,0.0,45.0,360,1.0,Salaried,No,0,Graduate,Semiurban,Y
3842.0,0.0,10.0,120,0.0,Salaried,No,3+,Graduate,Urban,N
2513.0,0.0,10.0,480,1.0,Salaried,Yes,0,Not Graduate,Rural,Y
2418.0,0.0,10.0,240,1.0,Self_Employed,Yes,0,Not Graduate,Urban,Y
7539.0,0.0,54.0,360,1.0,Salaried,Yes,0,Not Graduate,Urban,Y
13137.0,1108.0,61.0,360,1.0,Self_Employed,No,0,Graduate,Semiurban,Y
2952.0,0.0,12.0,240,1.0,Self_Employed,Yes,1,Graduate,Semiurban,Y
7092.0,0.0,10.0,240,1.0,Salaried,No,0,Graduate,Semiurban,Y
926.0,0.0,10.0,240,1.0,Salaried,No,0,Graduate,Urban,Y
3079.0,0.0,14.0,360,0.0,Salaried,Yes,0,Graduate,Semiurban,Y
4794.0,0.0,10.0,360,1.0,Salaried,No,0,Graduate,Urban,Y
2374.0,0.0,10.0,360,1.0,Salaried,Yes,0,Graduate,Rural,Y
2323.0,1681.0,10.0,180,1.0,Self_Employed,No,0,Graduate,Urban,Y
2881.0,0.0,70.0,360,1.0,Self_Employed,No,2,Not Graduate,Rural,N
6209.0,2028.0,34.0,360,,Salaried,Yes,0,Not Graduate,Rural,Y
4231.0,1936.0,33.0,360,1.0,Salaried,Yes,0,Graduate,Rural,Y
820.0,0.0,65.0,360,1.0,Salaried,No,0,Graduate,Rural,Y
901.0,0.0,10.0,300,,Salaried,Yes,1,Graduate,Urban,Y
3025.0,0.0,10.0,360,1.0,Salaried,Yes,2,Graduate,Semiurban,Y
7088.0,3021.0,47.0,360,1.0,Salaried,Yes,3+,Graduate,Urban,Y
546.0,2935.0,19.0,360,1.0,Salaried,Yes,0,Graduate,Urban,Y
3295.0,0.0,10.0,360,1.0,Salaried,Yes,0,Not Graduate,Urban,Y
3226.0,0.0,22.0,300,1.0,Salaried,Yes,0,Not Graduate,Semiurban,Y
14923.0,3207.0,10.0,360,1.0,Salaried,Yes,0,Graduate,Semiurban,Y
3612.0,0.0,10.0,240,1.0,Salaried,No,2,Graduate,Rural,Y
6677.0,0.0,10.0,360,1.0,Salaried,Yes,1,Graduate,Semiurban,Y
5503.0,0.0,10.0,180,,Salaried,Yes,0,Not Graduate,Semiurban,Y
894.0,0.0,10.0,240,,Salaried,Yes,2,Not Graduate,Semiurban,N
9087.0,3134.0,10.0,360,1.0,Self_Employed,Yes,2,Graduate,Rural,Y
5839.0,0.0,39.0,240,1.0,Salaried,Yes,2,Not Graduate,Rural,Y
7381.0,0.0,10.0,360,1.0,Salaried,Yes,0,Graduate,Semiurban,Y
113663.0,1192.0,237.0,480,1.0,Salaried,Yes,0,Graduate,Urban,Y
928.0,0.0,10.0,360,1.0,Salaried,Yes,0,Not Graduate,Urban,Y
19531.0,0.0,10.0,240,,Salaried,No,0,Graduate,Semiurban,Y
3905.0,0.0,32.0,300,1.0,Salaried,No,0,Graduate,Urban,Y
6185.0,3316.0,10.0,360,1.0,Salaried,Yes,2,Graduate,Rural,Y
4739.0,7062.0,82.0,300,1.0,Self_Employed,No,0,Graduate,Semiurban,Y
3500.0,4049.0,10.0,360,1.0,Salaried,Yes,1,Not Graduate,Semiurban,Y
3115.0,0.0,46.0,360,1.0,Salaried,No,2,Not Graduate,Rural,Y
6397.0,0.0,10.0,360,1.0,Salaried,Yes,0,Not Graduate,Rural,Y
1460.0,2525.0,10.0,360,0.0,Salaried,Yes,0,Graduate,Semiurban,N
8959.0,0.0,,300,1.0,Salaried,No,1,Not Graduate,Urban,Y
3523.0,0.0,69.0,360,1.0,Salaried,Yes,1,Graduate,Semiurban,Y
1990.0,0.0,55.0,360,,Salaried,Yes,3+,Graduate,Semiurban,Y
3429.0,0.0,108.0,240,1.0,Salaried,Yes,2,Graduate,Rural,Y
13436.0,0.0,84.0,240,1.0,Salaried,No,2,Graduate,Semiurban,Y
3203.0,0.0,10.0,360,1.0,Salaried,No,1,Graduate,Semiurban,Y
6547.0,0.0,28.0,360,,Salaried,Yes,0,Graduate,Semiurban,Y
2739.0,2641.0,10.0,360,0.0,Salaried,Yes,2,Graduate,Urban,N
9012.0,1352.0,122.0,360,1.0,Salaried,No,3+,Graduate,Semiurban,Y
8505.0,2845.0,91.0,360,0.0,Salaried,Yes,0,Graduate,Urban,N
21566.0,0.0,40.0,360,1.0,Salaried,Yes,0,Graduate,Urban,Y
4271.0,3774.0,63.0,360,0.0,Self_Employed,Yes,0,Graduate,Urban,N
8391.0,4091.0,10.0,300,1.0,Salaried,Yes,3+,Graduate,Semiurban,Y
5316.0,0.0,24.0,300,0.0,Salaried,Yes,0,Not Graduate,Rural,N
13859.0,2602.0,10.0,360,1.0,Salaried,Yes,1,Graduate,Rural,Y
2765.0,3968.0,10.0,360,1.0,Salaried,Yes,2,Not Graduate,Urban,Y
8920.0,1631.0,54.0,240,1.0,Salaried,No,2,Graduate,Urban,Y
4206.0,0.0,54.0,360,1.0,Salaried,Yes,1,Graduate,Semiurban,Y
4669.0,1025.0,36.0,180,1.0,Salaried,No,3+,Graduate,Urban,N
5289.0,0.0,10.0,240,1.0,Salaried,Yes,0,Graduate,Semiurban,Y
6014.0,0.0,10.0,360,1.0,Salaried,No,0,Graduate,Semiurban,Y
4478.0,0.0,10.0,180,0.0,Salaried,Yes,0,Graduate,Urban,N
5836.0,0.0,10.0,360,1.0,Salaried,Yes,0,Not Graduate,Semiurban,Y
17370.0,0.0,48.0,360,0.0,Salaried,No,0,Not Graduate,Semiurban,N
10811.0,2361.0,90.0,480,0.0,Self_Employed,Yes,0,Not Graduate,Semiurban,N
9851.0,2364.0,77.0,240,1.0,Self_Employed,Yes,1,Graduate,Semiurban,Y
3414.0,3153.0,10.0,360,1.0,Salaried,Yes,0,Graduate,Urban,Y
2413.0,3067.0,10.0,360,1.0,Salaried,Yes,1,Not Graduate,Urban,Y
10554.0,5079.0,10.0,180,,Salaried,Yes,0,Not Graduate,Urban,Y
9905.0,2740.0,10.0,360,,Self_Employed,Yes,0,Not Graduate,Urban,Y
15965.0,0.0,70.0,360,1.0,Salaried,Yes,0,Not Graduate,Urban,Y
3032.0,0.0,10.0,240,1.0,Salaried,No,0,Graduate,Urban,Y
4090.0,1808.0,,360,1.0,Salaried,No,0,Graduate,Semiurban,Y
1324.0,0.0,72.0,360,1.0,Self_Employed,Yes,0,Graduate,Semiurban,N
3590.0,12355.0,46.0,180,1.0,Salaried,Yes,1,Not Graduate,Urban,Y
10908.0,1574.0,10.0,360,0.0,Salaried,No,0,Graduate,Urban,N
3384.0,0.0,33.0,300,1.0,Self_Employed,No,0,Graduate,Semiurban,Y
8204.0,2273.0,71.0,240,1.0,Salaried,No,0,Graduate,Semiurban,Y
4220.0,2507.0,38.0,360,1.0,Salaried,Yes,2,Not Graduate,Semiurban,Y
6369.0,0.0,48.0,360,1.0,Salaried,No,0,Not Graduate,Urban,Y
1962.0,0.0,10.0,360,1.0,Self_Employed,No,0,Graduate,Semiurban,Y
5261.0,0.0,10.0,180,1.0,Salaried,Yes,0,Graduate,Urban,Y
449.0,6161.0,27.0,360,1.0,Salaried,Yes,2,Graduate,Semiurban,Y
4232.0,0.0,10.0,360,0.0,Salaried,Yes,0,Graduate,Semiurban,N
1334.0,0.0,10.0,360,0.0,Salaried,Yes,0,Graduate,Semiurban,Y
12898.0,0.0,94.0,360,1.0,Self_Employed,No,1,Not Graduate,Urban,N
9154.0,0.0,110.0,300,1.0,Salaried,Yes,1,Graduate,Rural,N
7139.0,0.0,103.0,120,1.0,Self_Employed,No,0,Graduate,Rural,N
16594.0,18146.0,51.0,360,,Salaried,No,0,Not Graduate,Urban,Y
2300.0,0.0,10.0,360,1.0,Salaried,Yes,3+,Graduate,Urban,Y
19888.0,0.0,10.0,180,1.0,Salaried,No,0,Graduate,Semiurban,Y
10360.0,0.0,38.0,360,1.0,Self_Employed,Yes,0,Graduate,Semiurban,Y
4067.0,0.0,10.0,120,0.0,Salaried,Yes,0,Not Graduate,Semiurban,Y
12192.0,0.0,10.0,120,1.0,Salaried,No,2,Graduate,Rural,Y
2028.0,0.0,75.0,360,1.0,Salaried,Yes,0,Not Graduate,Urban,N
2541.0,0.0,53.0,180,1.0,Self_Employed,Yes,0,Graduate,Semiurban,N
3020.0,0.0,10.0,480,1.0,Salaried,No,0,Not Graduate,Urban,Y
3219.0,0.0,10.0,360,0.0,Salaried,No,0,Not Graduate,Urban,N
2111.0,3575.0,39.0,360,0.0,Salaried,Yes,3+,Graduate,Urban,N
13075.0,5124.0,104.0,180,1.0,Salaried,No,0,Graduate,Semiurban,Y
3995.0,0.0,10.0,300,1.0,Salaried,Yes,0,Graduate,Semiurban,Y
6516.0,0.0,10.0,300,1.0,Self_Employed,No,0,Graduate,Urban,Y
3114.0,0.0,10.0,360,,Salaried,No,1,Not Graduate,Semiurban,Y
1145.0,0.0,10.0,240,0.0,Salaried,Yes,0,Graduate,Semiurban,N
6100.0,3701.0,10.0,360,1.0,Salaried,Yes,1,Graduate,Urban,Y
1064.0,3274.0,10.0,360,1.0,Salaried,Yes,0,Not Graduate,Urban,Y
4652.0,0.0,10.0,360,1.0,Salaried,Yes,1,Not Graduate,Urban,Y
1645.0,2105.0,37.0,360,1.0,Salaried,Yes,0,Graduate,Semiurban,Y
24096.0,3139.0,72.0,360,1.0,Salaried,Yes,0,Not Graduate,Semiurban,Y
10189.0,16447.0,62.0,360,1.0,Salaried,No,0,Graduate,Semiurban,Y
5349.0,3681.0,10.0,180,1.0,Salaried,Yes,0,Graduate,Urban,Y
13507.0,0.0,10.0,240,1.0,Self_Employed,No,2,Graduate,Rural,Y
2497.0,1665.0,34.0,360,1.0,Salaried,Yes,0,Graduate,Semiurban,Y
7591.0,0.0,10.0,360,0.0,Salaried,Yes,3+,Graduate,Rural,Y
5767.0,13686.0,10.0,240,1.0,Salaried,No,0,Graduate,Urban,Y
6071.0,0.0,10.0,360,1.0,Salaried,No,0,Graduate,Semiurban,Y
13601.0,5624.0,44.0,360,1.0,Salaried,Yes,0,Graduate,Semiurban,Y
8831.0,0.0,91.0,300,,Salaried,Yes,0,Graduate,Rural,N
6192.0,0.0,10.0,240,1.0,Salaried,Yes,0,Not Graduate,Semiurban,Y
1308.0,5189.0,10.0,360,1.0,Self_Employed,Yes,0,Not Graduate,Semiurban,Y
2280.0,0.0,36.0,360,,Salaried,No,2,Graduate,Urban,N
4455.0,0.0,21.0,360,1.0,Salaried,No,1,Graduate,Rural,Y
5296.0,0.0,10.0,240,1.0,Salaried,Yes,0,Not Graduate,Urban,Y
1990.0,5939.0,45.0,360,1.0,Salaried,Yes,2,Graduate,Urban,Y
33838.0,0.0,166.0,360,0.0,Self_Employed,Yes,0,Not Graduate,Urban,N
16533.0,0.0,10.0,360,1.0,Self_Employed,No,2,Graduate,Urban,Y
7956.0,4112.0,10.0,120,1.0,Salaried,Yes,0,Graduate,Urban,Y
5206.0,12240.0,,360,1.0,Salaried,No,0,Not Graduate,Semiurban,Y
4147.0,0.0,10.0,240,1.0,Salaried,No,2,Graduate,Semiurban,Y
2295.0,0.0,55.0,180,,Salaried,Yes,0,Graduate,Urban,N
5229.0,0.0,15.0,300,1.0,Salaried,No,1,Not Graduate,Rural,Y
6040.0,0.0,77.0,180,1.0,Self_Employed,Yes,2,Not Graduate,Semiurban,N
1820.0,0.0,45.0,480,0.0,Self_Employed,Yes,2,Graduate,Semiurban,N
6421.0,7272.0,119.0,120,1.0,Salaried,Yes,2,Not Graduate,Semiurban,Y
4341.0,499.0,66.0,360,1.0,Salaried,No,0,Not Graduate,Semiurban,Y
1068.0,0.0,10.0,240,1.0,Salaried,Yes,1,Graduate,Urban,N
2469.0,0.0,10.0,360,1.0,Salaried,No,0,Graduate,Rural,Y
3530.0,1666.0,10.0,180,1.0,Self_Employed,Yes,2,Graduate,Rural,Y
22251.0,0.0,18.0,360,1.0,Salaried,Yes,0,Graduate,Urban,Y
7671.0,0.0,19.0,360,0.0,Self_Employed,No,0,Graduate,Rural,N
1689.0,0.0,10.0,480,1.0,Salaried,No,2,Graduate,Semiurban,Y
7251.0,0.0,79.0,360,1.0,Self_Employed,Yes,2,Graduate,Urban,Y
1425.0,0.0,10.0,180,1.0,Self_Employed,Yes,3+,Graduate,Rural,Y
11686.0,3018.0,10.0,180,1.0,Salaried,Yes,0,Graduate,Urban,Y
3371.0,0.0,10.0,360,0.0,Salaried,Yes,0,Graduate,Urban,Y
4560.0,0.0,40.0,240,1.0,Salaried,No,3+,Graduate,Rural,Y
14195.0,0.0,10.0,360,1.0,Salaried,Yes,0,Not Graduate,Semiurban,Y
1755.0,0.0,10.0,480,0.0,Self_Employed,No,2,Not Graduate,Semiurban,N
1607.0,0.0,69.0,360,1.0,Salaried,Yes,1,Not Graduate,Semiurban,N
3081.0,3148.0,34.0,360,1.0,Salaried,Yes,2,Not Graduate,Urban,Y
11279.0,8786.0,44.0,360,1.0,Self_Employed,Yes,1,Not Graduate,Urban,Y
1458.0,0.0,10.0,360,,Salaried,Yes,2,Graduate,Rural,Y
510.0,448.0,10.0,360,1.0,Salaried,Yes,0,Not Graduate,Urban,Y
3426.0,3583.0,10.0,300,1.0,Salaried,No,3+,Graduate,Semiurban,Y
7642.0,0.0,17.0,480,0.0,Salaried,Yes,0,Graduate,Urban,Y
12839.0,0.0,49.0,240,1.0,Salaried,No,0,Graduate,Rural,Y
3393.0,1688.0,57.0,360,1.0,Salaried,Yes,0,Graduate,Rural,Y
3536.0,0.0,11.0,240,1.0,Salaried,Yes,1,Graduate,Urban,Y
12371.0,0.0,101.0,180,1.0,Salaried,Yes,1,Graduate,Semiurban,Y
1101.0,0.0,84.0,360,1.0,Salaried,No,0,Graduate,Rural,N
3602.0,0.0,49.0,300,1.0,Salaried,Yes,2,Not Graduate,Rural,Y
5724.0,0.0,80.0,360,1.0,Salaried,Yes,2,Graduate,Semiurban,Y
7040.0,14270.0,10.0,360,1.0,Salaried,Yes,1,Not Graduate,Urban,Y
3269.0,1175.0,10.0,360,1.0,Salaried,Yes,0,Graduate,Semiurban,Y
5052.0,0.0,42.0,180,0.0,Salaried,Yes,1,Graduate,Rural,N
671.0,0.0,10.0,360,1.0,Salaried,Yes,2,Graduate,Rural,Y
2903.0,0.0,10.0,360,1.0,Salaried,No,3+,Not Graduate,Semiurban,Y
7064.0,0.0,59.0,300,1.0,Salaried,Yes,0,Not Graduate,Urban,Y
2240.0,0.0,75.0,360,,Salaried,Yes,0,Graduate,Urban,Y
5152.0,0.0,10.0,360,1.0,Salaried,Yes,0,Not Graduate,Rural,Y
7027.0,5555.0,10.0,360,,Salaried,Yes,0,Not Graduate,Semiurban,Y
3737.0,17716.0,67.0,360,,Self_Employed,Yes,0,Graduate,Semiurban,Y
5633.0,0.0,10.0,180,,Salaried,No,0,Graduate,Semiurban,Y
2275.0,2068.0,10.0,360,1.0,Self_Employed,Yes,1,Not Graduate,Rural,Y
4166.0,1079.0,12.0,360,1.0,Salaried,No,0,Graduate,Urban,Y
8008.0,0.0,10.0,360,1.0,Salaried,Yes,0,Graduate,Semiurban,Y
5572.0,0.0,20.0,360,1.0,Salaried,Yes,0,Graduate,Rural,Y
3074.0,0.0,10.0,360,1.0,Salaried,No,0,Graduate,Semiurban,Y
5880.0,1304.0,10.0,360,0.0,Salaried,No,2,Graduate,Urban,N
8705.0,2833.0,10.0,360,1.0,Salaried,Yes,0,Graduate,Urban,Y
953.0,5359.0,10.0,360,1.0,Salaried,Yes,1,Not Graduate,Urban,Y
12422.0,0.0,56.0,360,1.0,Salaried,Yes,0,Not Graduate,Rural,Y
3756.0,1537.0,55.0,360,1.0,Salaried,Yes,1,Graduate,Urban,Y
6908.0,0.0,63.0,360,1.0,Self_Employed,No,0,Graduate,Rural,Y
12808.0,0.0,10.0,180,0.0,Self_Employed,Yes,0,Graduate,Urban,N
1640.0,0.0,10.0,180,1.0,Self_Employed,Yes,1,Not Graduate,Urban,N
2786.0,2895.0,55.0,360,1.0,Salaried,Yes,0,Graduate,Rural,Y
3902.0,0.0,43.0,360,0.0,Self_Employed,Yes,0,Graduate,Rural,Y
2625.0,0.0,15.0,240,0.0,Salaried,Yes,1,Graduate,Urban,N
19692.0,0.0,,360,1.0,Self_Employed,Yes,0,Graduate,Urban,Y
2476.0,0.0,10.0,180,1.0,Salaried,Yes,1,Graduate,Semiurban,Y
3151.0,2304.0,10.0,360,1.0,Salaried,Yes,0,Not Graduate,Urban,Y
5788.0,0.0,10.0,360,0.0,Salaried,Yes,0,Graduate,Rural,Y
1879.0,1943.0,10.0,360,1.0,Salaried,No,0,Graduate,Semiurban,Y
3581.0,5173.0,52.0,300,0.0,Salaried,No,0,Not Graduate,Semiurban,N
6336.0,1896.0,10.0,480,1.0,Salaried,Yes,0,Graduate,Urban,Y
3766.0,0.0,34.0,360,1.0,Salaried,No,0,Graduate,Urban,Y
4561.0,0.0,102.0,360,1.0,Salaried,No,2,Graduate,Semiurban,Y
3218.0,2070.0,10.0,360,1.0,Salaried,Yes,2,Graduate,Urban,Y
1463.0,0.0,10.0,480,0.0,Self_Employed,No,1,Not Graduate,Semiurban,N
6357.0,1791.0,37.0,360,1.0,Salaried,Yes,0,Not Graduate,Rural,Y
20009.0,0.0,72.0,360,1.0,Salaried,Yes,0,Graduate,Urban,Y
4988.0,3460.0,10.0,300,,Salaried,Yes,0,Graduate,Semiurban,Y
5885.0,1964.0,,360,1.0,Self_Employed,Yes,0,Not Graduate,Rural,Y
8554.0,0.0,68.0,360,1.0,Salaried,Yes,1,Graduate,Semiurban,Y
1780.0,4370.0,10.0,360,0.0,Salaried,No,2,Graduate,Rural,N
19187.0,0.0,51.0,300,1.0,Salaried,Yes,0,Graduate,Urban,Y
5778.0,5862.0,95.0,360,1.0,Salaried,No,0,Not Graduate,Urban,Y
18133.0,0.0,10.0,360,1.0,Salaried,No,3+,Graduate,Urban,Y
2734.0,1354.0,,360,1.0,Salaried,No,0,Graduate,Rural,Y
21046.0,0.0,10.0,360,1.0,Salaried,Yes,3+,Graduate,Urban,Y
9137.0,0.0,10.0,180,0.0,Salaried,No,2,Graduate,Semiurban,N
7650.0,5793.0,40.0,240,1.0,Salaried,Yes,0,Graduate,Rural,Y
5927.0,0.0,72.0,120,1.0,Salaried,Yes,0,Graduate,Rural,N
4029.0,1310.0,10.0,120,1.0,Salaried,Yes,3+,Graduate,Rural,Y
12841.0,0.0,33.0,240,1.0,Salaried,No,1,Graduate,Semiurban,Y
5499.0,2821.0,10.0,360,1.0,Salaried,Yes,0,Graduate,Semiurban,Y
1019.0,0.0,50.0,360,1.0,Salaried,No,0,Not Graduate,Urban,N
2011.0,0.0,10.0,300,1.0,Salaried,No,1,Graduate,Semiurban,Y
4236.0,0.0,35.0,360,1.0,Salaried,Yes,0,Graduate,Urban,Y
6298.0,0.0,10.0,360,1.0,Salaried,Yes,0,Graduate,Semiurban,Y
4697.0,0.0,20.0,480,1.0,Self_Employed,Yes,0,Graduate,Urban,Y
13032.0,0.0,19.0,360,1.0,Salaried,Yes,0,Graduate,Rural,Y
1032.0,0.0,10.0,180,1.0,Salaried,Yes,0,Graduate,Urban,Y
5513.0,0.0,40.0,240,1.0,Salaried,Yes,0,Graduate,Semiurban,Y
1148.0,2783.0,10.0,120,1.0,Salaried,Yes,0,Graduate,Semiurban,Y
9025.0,0.0,10.0,360,1.0,Salaried,No,0,Graduate,Urban,Y
4557.0,0.0,10.0,360,1.0,Salaried,Yes,3+,Graduate,Urban,Y
6875.0,0.0,25.0,300,1.0,Self_Employed,No,1,Not Graduate,Urban,N
2462.0,0.0,17.0,360,1.0,Salaried,Yes,0,Graduate,Rural,Y
13678.0,3753.0,10.0,360,0.0,Salaried,No,1,Not Graduate,Rural,N
11309.0,0.0,10.0,480,1.0,Self_Employed,Yes,0,Not Graduate,Urban,Y
7839.0,2156.0,10.0,120,1.0,Self_Employed,No,2,Graduate,Semiurban,Y
4431.0,6328.0,25.0,180,1.0,Salaried,Yes,0,Not Graduate,Semiurban,Y
7816.0,6486.0,10.0,300,1.0,Self_Employed,Yes,0,Graduate,Semiurban,Y
2792.0,0.0,47.0,120,,Salaried,Yes,3+,Graduate,Urban,Y
9744.0,1878.0,74.0,360,1.0,Salaried,Yes,1,Not Graduate,Rural,Y
18390.0,2650.0,,180,1.0,Salaried,Yes,0,Graduate,Rural,Y
11574.0,0.0,25.0,360,1.0,Salaried,No,3+,Graduate,Urban,Y
2742.0,1142.0,43.0,180,1.0,Salaried,Yes,2,Graduate,Semiurban,Y
6563.0,9104.0,44.0,240,1.0,Self_Employed,No,3+,Graduate,Urban,Y
1747.0,2955.0,,360,0.0,Salaried,No,0,Graduate,Semiurban,Y
7769.0,3636.0,10.0,480,1.0,Salaried,No,3+,Graduate,Rural,Y
7048.0,0.0,53.0,360,1.0,Salaried,Yes,0,Graduate,Semiurban,Y
1101.0,1178.0,52.0,480,1.0,Salaried,Yes,1,Graduate,Semiurban,N
1940.0,0.0,10.0,360,0.0,Salaried,Yes,0,Graduate,Rural,N
3919.0,0.0,44.0,360,1.0,Salaried,Yes,0,Not Graduate,Semiurban,Y
3863.0,4776.0,10.0,360,1.0,Salaried,Yes,0,Not Graduate,Urban,Y
1868.0,3338.0,82.0,240,1.0,Salaried,Yes,0,Graduate,Semiurban,Y
6709.0,0.0,10.0,240,1.0,Self_Employed,Yes,0,Graduate,Rural,Y
6010.0,0.0,26.0,360,1.0,Self_Employed,Yes,0,Graduate,Urban,Y
4207.0,4219.0,10.0,300,1.0,Salaried,Yes,3+,Graduate,Urban,Y
2685.0,8417.0,103.0,180,0.0,Self_Employed,Yes,1,Not Graduate,Rural,N
11373.0,0.0,10.0,180,1.0,Salaried,Yes,0,Graduate,Urban,Y
18478.0,5254.0,116.0,360,0.0,Salaried,Yes,1,Graduate,Semiurban,N
3338.0,3662.0,39.0,360,1.0,Salaried,No,1,Graduate,Urban,Y
3012.0,0.0,40.0,360,,Self_Employed,No,0,Not Graduate,Rural,N
7281.0,0.0,10.0,360,1.0,Self_Employed,No,1,Graduate,Rural,Y
3691.0,4099.0,10.0,360,1.0,Salaried,No,1,Graduate,Rural,Y
4396.0,0.0,58.0,360,1.0,Salaried,Yes,0,Not Graduate,Urban,Y
8881.0,4056.0,48.0,360,1.0,Salaried,Yes,0,Graduate,Semiurban,Y
1067.0,0.0,71.0,360,1.0,Salaried,No,0,Graduate,Semiurban,Y
14110.0,0.0,36.0,360,1.0,Salaried,No,1,Not Graduate,Rural,Y
5209.0,0.0,10.0,360,1.0,Salaried,No,0,Graduate,Urban,Y
3536.0,0.0,75.0,360,1.0,Salaried,No,1,Graduate,Urban,N
4576.0,0.0,106.0,360,,Salaried,Yes,0,Graduate,Urban,N
4769.0,0.0,10.0,240,1.0,Salaried,No,1,Not Graduate,Semiurban,Y
1230.0,0.0,10.0,360,1.0,Salaried,Yes,3+,Not Graduate,Semiurban,Y
16252.0,8873.0,106.0,240,1.0,Salaried,Yes,2,Graduate,Semiurban,Y
5080.0,0.0,10.0,120,0.0,Salaried,Yes,1,Graduate,Urban,N
7005.0,0.0,51.0,360,1.0,Self_Employed,Yes,0,Graduate,Rural,Y
10522.0,0.0,10.0,360,0.0,Self_Employed,Yes,1,Graduate,Semiurban,Y
2171.0,725.0,85.0,120,1.0,Salaried,Yes,1,Not Graduate,Semiurban,Y
7178.0,0.0,10.0,240,1.0,Salaried,Yes,2,Not Graduate,Semiurban,Y
3967.0,0.0,32.0,360,1.0,Salaried,Yes,2,Graduate,Rural,Y
9676.0,0.0,10.0,360,1.0,Salaried,Yes,0,Graduate,Urban,Y
896.0,0.0,10.0,240,1.0,Salaried,No,1,Not Graduate,Rural,N
4540.0,4737.0,10.0,180,1.0,Self_Employed,No,0,Graduate,Urban,N
3034.0,3497.0,48.0,360,0.0,Salaried,Yes,0,Graduate,Rural,Y
6945.0,7643.0,78.0,360,1.0,Salaried,Yes,0,Graduate,Semiurban,Y
7158.0,1956.0,42.0,120,1.0,Salaried,Yes,0,Graduate,Semiurban,N
2790.0,0.0,10.0,300,1.0,Salaried,Yes,1,Graduate,Urban,Y
2780.0,0.0,10.0,360,1.0,Salaried,Yes,2,Graduate,Rural,Y
4498.0,0.0,59.0,180,1.0,Self_Employed,Yes,1,Graduate,Urban,N
2399.0,0.0,52.0,240,1.0,Salaried,No,3+,Graduate,Semiurban,Y
9639.0,2684.0,10.0,360,1.0,Salaried,Yes,1,Graduate,Rural,Y
3658.0,6494.0,10.0,480,1.0,Salaried,Yes,3+,Graduate,Urban,Y
480.0,4124.0,10.0,240,1.0,Self_Employed,Yes,1,Graduate,Rural,Y
3641.0,1317.0,42.0,360,1.0,Salaried,No,0,Graduate,Semiurban,Y
2141.0,0.0,10.0,300,1.0,Salaried,Yes,0,Graduate,Semiurban,Y
1333.0,12240.0,83.0,360,1.0,Salaried,No,1,Not Graduate,Rural,Y
1826.0,3222.0,10.0,180,1.0,Salaried,No,1,Graduate,Semiurban,Y
5364.0,2371.0,31.0,360,1.0,Self_Employed,No,1,Graduate,Semiurban,Y
14227.0,0.0,94.0,360,1.0,Self_Employed,No,1,Graduate,Semiurban,Y
6314.0,0.0,10.0,480,,Salaried,Yes,2,Not Graduate,Semiurban,Y
3025.0,0.0,130.0,360,1.0,Salaried,Yes,0,Graduate,Urban,Y
7078.0,0.0,74.0,300,1.0,Salaried,No,1,Graduate,Urban,Y
3404.0,0.0,10.0,360,1.0,Salaried,Yes,1,Not Graduate,Urban,Y
2820.0,4932.0,10.0,300,,Salaried,Yes,0,Graduate,Urban,Y
1952.0,0.0,10.0,360,,Salaried,Yes,3+,Not Graduate,Semiurban,Y
1210.0,0.0,10.0,360,1.0,Salaried,No,2,Not Graduate,Urban,Y
3598.0,0.0,26.0,360,1.0,Salaried,Yes,0,Graduate,Urban,Y
5577.0,0.0,93.0,360,1.0,Salaried,Yes,0,Graduate,Semiurban,Y
4549.0,5778.0,10.0,360,1.0,Salaried,No,1,Graduate,Rural,Y
3524.0,0.0,40.0,360,,Salaried,Yes,0,Graduate,Urban,Y
2306.0,3639.0,10.0,360,1.0,Salaried,Yes,0,Graduate,Rural,Y
7995.0,0.0,,360,1.0,Salaried,Yes,0,Graduate,Semiurban,Y
1714.0,5592.0,41.0,360,1.0,Salaried,Yes,2,Graduate,Urban,Y
9144.0,1948.0,52.0,360,1.0,Salaried,Yes,2,Graduate,Urban,Y
2204.0,0.0,10.0,240,1.0,Salaried,Yes,0,Graduate,Semiurban,Y
2692.0,0.0,10.0,180,,Salaried,No,2,Graduate,Urban,Y
1520.0,6776.0,87.0,360,1.0,Salaried,No,3+,Graduate,Semiurban,Y
3291.0,0.0,66.0,240,0.0,Salaried,Yes,1,Graduate,Semiurban,N
10724.0,0.0,22.0,360,1.0,Salaried,No,0,Graduate,Semiurban,Y
7424.0,3712.0,10.0,360,1.0,Salaried,Yes,2,Graduate,Urban,Y
10751.0,0.0,161.0,360,0.0,Salaried,Yes,0,Graduate,Semiurban,N
7463.0,0.0,14.0,120,0.0,Salaried,No,0,Graduate,Urban,N
2033.0,0.0,,180,,Self_Employed,Yes,0,Not Graduate,Semiurban,Y
3772.0,4039.0,10.0,180,1.0,Self_Employed,No,0,Graduate,Urban,Y
2633.0,2893.0,37.0,240,1.0,Salaried,Yes,0,Not Graduate,Semiurban,Y
14249.0,0.0,58.0,480,1.0,Salaried,Yes,1,Graduate,Rural,Y
1887.0,0.0,51.0,300,0.0,Self_Employed,Yes,0,Graduate,Semiurban,N
10046.0,0.0,10.0,240,1.0,Salaried,Yes,1,Graduate,Urban,Y
10040.0,1327.0,10.0,180,0.0,Salaried,Yes,2,Graduate,Rural,N
21241.0,0.0,174.0,360,1.0,Salaried,Yes,0,Not Graduate,Semiurban,Y
3541.0,0.0,16.0,360,1.0,Salaried,Yes,1,Graduate,Semiurban,Y
8689.0,9154.0,13.0,240,0.0,Self_Employed,No,0,Graduate,Urban,N
30495.0,0.0,51.0,360,1.0,Salaried,No,1,Graduate,Urban,Y
2999.0,0.0,35.0,360,1.0,Salaried,Yes,0,Graduate,Semiurban,Y
1439.0,6319.0,76.0,240,0.0,Salaried,Yes,1,Graduate,Urban,N
1092.0,0.0,46.0,360,1.0,Self_Employed,Yes,0,Not Graduate,Rural,Y
8692.0,2397.0,16.0,360,,Salaried,No,0,Not Graduate,Semiurban,Y
1090.0,0.0,21.0,300,1.0,Self_Employed,Yes,0,Graduate,Urban,Y
3649.0,0.0,88.0,360,1.0,Salaried,Yes,2,Graduate,Urban,Y
6973.0,0.0,71.0,180,1.0,Salaried,No,1,Not Graduate,Rural,Y
5700.0,0.0,10.0,360,0.0,Self_Employed,Yes,3+,Graduate,Rural,N
6907.0,0.0,,360,1.0,Self_Employed,Yes,2,Graduate,Semiurban,Y
5871.0,4867.0,51.0,360,1.0,Salaried,Yes,2,Graduate,Urban,Y
13672.0,0.0,,360,1.0,Salaried,No,1,Not Graduate,Semiurban,Y
2294.0,3211.0,10.0,240,1.0,Self_Employed,Yes,0,Graduate,Rural,Y
2860.0,4892.0,12.0,180,,Salaried,No,3+,Not Graduate,Urban,Y
2649.0,1879.0,10.0,360,0.0,Salaried,Yes,0,Graduate,Semiurban,Y
9549.0,0.0,30.0,240,0.0,Salaried,No,0,Graduate,Semiurban,N
10100.0,2229.0,10.0,180,1.0,Self_Employed,Yes,2,Not Graduate,Rural,Y
7051.0,4883.0,91.0,360,1.0,Salaried,Yes,0,Graduate,Semiurban,Y
12667.0,3515.0,59.0,240,1.0,Salaried,No,0,Graduate,Urban,Y
1915.0,3101.0,10.0,300,1.0,Self_Employed,Yes,0,Graduate,Urban,Y
18653.0,0.0,108.0,240,1.0,Salaried,Yes,3+,Graduate,Urban,Y
16624.0,0.0,10.0,180,0.0,Salaried,No,3+,Graduate,Rural,Y
8853.0,1839.0,99.0,360,1.0,Salaried,Yes,1,Graduate,Rural,Y
20444.0,0.0,90.0,120,1.0,Self_Employed,No,2,Graduate,Rural,Y
1306.0,0.0,74.0,480,1.0,Salaried,Yes,0,Graduate,Semiurban,N
3231.0,0.0,10.0,300,1.0,Salaried,No,0,Not Graduate,Semiurban,Y
2729.0,0.0,10.0,360,1.0,Salaried,Yes,0,Graduate,Urban,Y
8753.0,0.0,33.0,360,1.0,Salaried,No,0,Not Graduate,Semiurban,Y
2122.0,717.0,10.0,240,1.0,Salaried,Yes,0,Graduate,Rural,Y
9009.0,0.0,10.0,360,0.0,Salaried,Yes,0,Graduate,Urban,N
14712.0,0.0,17.0,360,1.0,Salaried,Yes,0,Graduate,Urban,Y
8571.0,0.0,10.0,240,0.0,Salaried,Yes,0,Graduate,Urban,N
6167.0,0.0,10.0,480,1.0,Self_Employed,Yes,0,Graduate,Urban,Y
2230.0,1620.0,43.0,120,0.0,Salaried,Yes,2,Not Graduate,Rural,N
2496.0,0.0,10.0,240,0.0,Self_Employed,No,0,Not Graduate,Urban,N
13356.0,0.0,10.0,360,1.0,Salaried,Yes,0,Graduate,Semiurban,Y
9168.0,2982.0,10.0,240,,Salaried,No,0,Graduate,Rural,Y
4764.0,3685.0,10.0,360,,Self_Employed,No,2,Graduate,Rural,Y
3518.0,0.0,108.0,360,1.0,Self_Employed,Yes,1,Graduate,Rural,N
972.0,0.0,10.0,480,1.0,Salaried,Yes,1,Not Graduate,Semiurban,Y
2087.0,0.0,,360,1.0,Salaried,No,0,Graduate,Urban,N
22678.0,0.0,68.0,480,,Salaried,Yes,0,Graduate,Urban,Y
1765.0,0.0,10.0,360,1.0,Salaried,No,0,Not Graduate,Semiurban,Y
5719.0,2212.0,100.0,240,1.0,Salaried,Yes,0,Not Graduate,Urban,N
11003.0,1097.0,68.0,360,1.0,Salaried,Yes,1,Graduate,Rural,Y
1801.0,1579.0,10.0,360,1.0,Salaried,Yes,2,Graduate,Semiurban,Y
5697.0,4093.0,26.0,360,1.0,Salaried,No,0,Not Graduate,Rural,Y
10408.0,6318.0,10.0,360,1.0,Salaried,No,2,Graduate,Semiurban,Y
4964.0,0.0,102.0,360,1.0,Salaried,Yes,0,Not Graduate,Rural,Y
48763.0,0.0,78.0,360,,Self_Employed,No,0,Graduate,Rural,Y
1294.0,4892.0,10.0,480,1.0,Self_Employed,Yes,0,Graduate,Urban,Y
11464.0,4250.0,10.0,360,1.0,Salaried,No,3+,Graduate,Semiurban,Y
4280.0,1880.0,19.0,240,0.0,Salaried,No,0,Graduate,Urban,N
9114.0,0.0,83.0,360,1.0,Salaried,No,1,Not Graduate,Rural,Y
6996.0,1646.0,118.0,300,0.0,Salaried,Yes,0,Graduate,Rural,N
2734.0,3018.0,10.0,360,1.0,Salaried,Yes,0,Not Graduate,Urban,Y
5903.0,0.0,28.0,180,1.0,Self_Employed,Yes,0,Graduate,Rural,Y
1112.0,0.0,10.0,300,1.0,Salaried,Yes,0,Graduate,Urban,Y
7963.0,1192.0,10.0,180,,Salaried,Yes,2,Graduate,Semiurban,Y
6239.0,0.0,141.0,180,1.0,Self_Employed,No,2,Graduate,Semiurban,Y
8192.0,8407.0,102.0,360,0.0,Salaried,Yes,0,Graduate,Rural,N
11459.0,0.0,22.0,300,1.0,Salaried,Yes,1,Graduate,Rural,Y
6595.0,0.0,86.0,360,,Self_Employed,Yes,0,Graduate,Semiurban,N
5533.0,4498.0,78.0,360,1.0,Salaried,Yes,2,Not Graduate,Urban,Y
2429.0,0.0,10.0,240,,Salaried,No,1,Graduate,Urban,N
2780.0,1392.0,27.0,360,1.0,Salaried,No,0,Graduate,Semiurban,Y
12700.0,1130.0,111.0,360,1.0,Salaried,No,2,Graduate,Urban,Y
15507.0,2968.0,10.0,360,1.0,Salaried,No,0,Graduate,Semiurban,Y
4062.0,0.0,,360,0.0,Salaried,No,0,Not Graduate,Semiurban,N
5099.0,7055.0,10.0,240,1.0,Salaried,Yes,1,Graduate,Rural,Y
2383.0,7006.0,94.0,360,1.0,Self_Employed,Yes,0,Not Graduate,Urban,Y
12559.0,2201.0,20.0,300,1.0,Salaried,No,0,Graduate,Semiurban,Y
8369.0,2300.0,30.0,360,1.0,Salaried,Yes,0,Graduate,Urban,Y
23225.0,0.0,59.0,360,1.0,Self_Employed,No,2,Not Graduate,Semiurban,Y
2434.0,3092.0,,300,1.0,Salaried,No,0,Not Graduate,Semiurban,Y
3632.0,3258.0,,360,1.0,Self_Employed,Yes,0,Graduate,Semiurban,Y
5914.0,0.0,87.0,300,1.0,Salaried,Yes,0,Graduate,Urban,N
8244.0,0.0,10.0,180,1.0,Salaried,Yes,0,Graduate,Semiurban,Y
4136.0,0.0,10.0,360,1.0,Salaried,No,1,Graduate,Semiurban,Y
2445.0,0.0,10.0,360,1.0,Salaried,No,0,Graduate,Urban,Y
9948.0,1949.0,10.0,360,1.0,Salaried,Yes,2,Graduate,Semiurban,Y
8751.0,0.0,88.0,300,1.0,Salaried,No,1,Not Graduate,Semiurban,Y
2361.0,0.0,67.0,360,1.0,Salaried,Yes,0,Graduate,Urban,Y
14536.0,2795.0,59.0,120,1.0,Self_Employed,Yes,0,Graduate,Urban,N
12533.0,0.0,11.0,240,1.0,Salaried,Yes,1,Not Graduate,Urban,Y
5472.0,1797.0,92.0,360,1.0,Salaried,Yes,0,Graduate,Urban,Y
5238.0,0.0,10.0,360,1.0,Salaried,Yes,2,Graduate,Urban,Y
7656.0,0.0,127.0,360,1.0,Salaried,Yes,3+,Graduate,Urban,Y
2467.0,0.0,10.0,360,0.0,Salaried,Yes,1,Not Graduate,Urban,N
5034.0,0.0,10.0,240,,Salaried,No,3+,Graduate,Rural,Y
878.0,0.0,10.0,240,1.0,Self_Employed,Yes,1,Not Graduate,Urban,N
9909.0,2026.0,10.0,360,0.0,Self_Employed,Yes,0,Graduate,Urban,Y
1409.0,0.0,99.0,360,1.0,Salaried,Yes,0,Graduate,Urban,Y
16362.0,1747.0,73.0,240,1.0,Salaried,No,0,Graduate,Rural,Y
3774.0,6024.0,92.0,180,1.0,Salaried,No,0,Graduate,Semiurban,Y
4149.0,0.0,10.0,180,1.0,Salaried,No,0,Graduate,Semiurban,Y
2974.0,1393.0,24.0,240,0.0,Salaried,Yes,0,Graduate,Semiurban,Y
3903.0,3203.0,42.0,360,0.0,Salaried,Yes,0,Graduate,Urban,Y
15288.0,0.0,64.0,360,1.0,Salaried,Yes,0,Not Graduate,Rural,Y
672.0,0.0,10.0,360,1.0,Salaried,Yes,0,Graduate,Urban,Y
13651.0,8898.0,117.0,360,1.0,Salaried,Yes,0,Graduate,Semiurban,Y
6441.0,23428.0,,360,1.0,Self_Employed,No,2,Graduate,Urban,Y
1871.0,3552.0,10.0,180,1.0,Salaried,Yes,0,Graduate,Rural,Y
2079.0,0.0,10.0,360,1.0,Salaried,No,2,Graduate,Urban,Y
18791.0,4093.0,109.0,360,,Salaried,Yes,2,Graduate,Semiurban,Y
2307.0,0.0,129.0,240,1.0,Salaried,Yes,2,Graduate,Urban,Y
1953.0,5700.0,10.0,360,1.0,Self_Employed,Yes,0,Not Graduate,Semiurban,Y
12208.0,1202.0,52.0,360,1.0,Salaried,No,1,Graduate,Urban,Y
6444.0,0.0,67.0,120,1.0,Salaried,Yes,0,Graduate,Rural,Y
2321.0,5427.0,10.0,240,0.0,Salaried,Yes,1,Graduate,Urban,Y
5845.0,0.0,10.0,360,1.0,Salaried,Yes,0,Graduate,Semiurban,Y
2163.0,1815.0,10.0,360,0.0,Self_Employed,Yes,1,Graduate,Semiurban,N
11857.0,0.0,70.0,360,1.0,Salaried,Yes,2,Graduate,Rural,Y
11488.0,0.0,85.0,240,1.0,Salaried,Yes,1,Graduate,Rural,Y
7522.0,1223.0,37.0,360,1.0,Salaried,No,1,Not Graduate,Rural,Y
6564.0,4910.0,10.0,240,0.0,Salaried,No,0,Not Graduate,Urban,N
20110.0,763.0,10.0,300,1.0,Self_Employed,Yes,1,Graduate,Urban,Y
4914.0,0.0,10.0,300,,Salaried,Yes,0,Graduate,Semiurban,Y
1909.0,0.0,10.0,360,1.0,Salaried,Yes,0,Graduate,Semiurban,Y
7042.0,0.0,10.0,180,0.0,Salaried,Yes,0,Graduate,Semiurban,N
26078.0,0.0,109.0,240,1.0,Salaried,No,0,Graduate,Semiurban,Y
2182.0,3302.0,38.0,240,1.0,Salaried,Yes,0,Graduate,Urban,Y
3681.0,1952.0,15.0,180,1.0,Salaried,No,1,Graduate,Urban,Y
6858.0,4632.0,28.0,240,1.0,Salaried,Yes,1,Graduate,Semiurban,Y
4707.0,1604.0,13.0,360,0.0,Salaried,Yes,0,Graduate,Rural,Y
2240.0,1736.0,10.0,360,1.0,Salaried,No,0,Graduate,Rural,Y
12058.0,0.0,43.0,360,0.0,Salaried,Yes,1,Graduate,Urban,Y
31446.0,0.0,10.0,360,1.0,Self_Employed,Yes,2,Graduate,Rural,Y
5750.0,0.0,10.0,180,0.0,Salaried,Yes,0,Not Graduate,Semiurban,N
2385.0,1297.0,24.0,480,1.0,Salaried,Yes,0,Graduate,Semiurban,Y
1423.0,0.0,10.0,240,1.0,Salaried,Yes,2,Graduate,Urban,Y
6041.0,0.0,22.0,360,1.0,Salaried,No,0,Graduate,Semiurban,N
11886.0,0.0,68.0,360,1.0,Salaried,No,0,Graduate,Urban,Y
7188.0,3597.0,10.0,360,1.0,Self_Employed,No,3+,Graduate,Rural,Y
4905.0,3609.0,30.0,240,0.0,Salaried,Yes,0,Graduate,Semiurban,N
3067.0,1283.0,,300,1.0,Salaried,No,1,Graduate,Rural,Y
2051.0,12577.0,120.0,120,1.0,Salaried,No,0,Graduate,Semiurban,N
9584.0,0.0,10.0,360,0.0,Salaried,Yes,0,Not Graduate,Urban,N
10209.0,4719.0,10.0,360,,Salaried,Yes,0,Graduate,Semiurban,Y
1427.0,5107.0,82.0,360,1.0,Salaried,No,0,Not Graduate,Semiurban,N
17534.0,0.0,47.0,120,1.0,Salaried,No,1,Not Graduate,Semiurban,Y
7780.0,0.0,10.0,360,,Salaried,Yes,0,Not Graduate,Urban,Y
15058.0,0.0,52.0,360,1.0,Salaried,Yes,1,Graduate,Rural,Y
1680.0,0.0,37.0,180,1.0,Salaried,No,0,Not Graduate,Semiurban,N
1648.0,2362.0,10.0,300,1.0,Salaried,Yes,0,Graduate,Urban,Y
4363.0,1941.0,10.0,360,1.0,Salaried,Yes,1,Graduate,Semiurban,Y
7348.0,2158.0,10.0,360,1.0,Self_Employed,No,0,Not Graduate,Rural,Y
20683.0,0.0,14.0,180,1.0,Salaried,Yes,0,Graduate,Semiurban,Y
8646.0,0.0,10.0,180,1.0,Salaried,No,0,Graduate,Semiurban,Y
4048.0,9149.0,14.0,360,1.0,Salaried,No,0,Graduate,Semiurban,Y
2162.0,0.0,95.0,240,1.0,Salaried,Yes,0,Graduate,Urban,Y
13148.0,7254.0,11.0,240,1.0,Self_Employed,Yes,1,Not Graduate,Semiurban,Y
2272.0,0.0,10.0,360,1.0,Salaried,Yes,1,Graduate,Semiurban,Y
18084.0,1910.0,,360,1.0,Salaried,Yes,1,Graduate,Urban,Y
3915.0,1728.0,41.0,360,1.0,Salaried,No,2,Not Graduate,Urban,Y
17544.0,0.0,109.0,360,1.0,Self_Employed,Yes,3+,Graduate,Urban,Y
8460.0,0.0,79.0,360,1.0,Salaried,No,1,Not Graduate,Semiurban,Y
4405.0,0.0,,360,1.0,Salaried,No,0,Graduate,Urban,Y
3244.0,7381.0,58.0,480,0.0,Salaried,Yes,2,Graduate,Rural,N
3742.0,3958.0,95.0,240,1.0,Salaried,No,0,Graduate,Semiurban,Y
6923.0,1657.0,43.0,240,1.0,Salaried,No,0,Graduate,Semiurban,Y
5228.0,0.0,37.0,180,1.0,Self_Employed,No,0,Graduate,Semiurban,Y
3056.0,0.0,10.0,360,0.0,Salaried,Yes,3+,Graduate,Urban,N
4305.0,0.0,,360,1.0,Salaried,No,3+,Graduate,Urban,Y
5234.0,4386.0,79.0,180,1.0,Salaried,Yes,2,Graduate,Rural,Y
895.0,0.0,19.0,300,1.0,Salaried,No,0,Graduate,Semiurban,Y
7091.0,0.0,,240,1.0,Salaried,Yes,0,Graduate,Semiurban,Y
2244.0,0.0,10.0,300,0.0,Salaried,Yes,0,Not Graduate,Urban,N
1953.0,1657.0,,480,1.0,Self_Employed,Yes,2,Graduate,Urban,Y
1274.0,0.0,18.0,360,1.0,Self_Employed,Yes,1,Graduate,Rural,Y
1170.0,0.0,10.0,120,1.0,Salaried,Yes,2,Graduate,Urban,Y
1662.0,0.0,10.0,240,0.0,Salaried,Yes,0,Graduate,Urban,Y
2787.0,0.0,68.0,120,0.0,Salaried,No,0,Graduate,Urban,N
23450.0,3993.0,127.0,360,1.0,Salaried,Yes,0,Graduate,Semiurban,Y
3227.0,0.0,72.0,360,0.0,Salaried,Yes,0,Graduate,Rural,N
5666.0,0.0,86.0,480,,Salaried,No,0,Graduate,Urban,Y
6771.0,4610.0,22.0,360,1.0,Self_Employed,Yes,0,Graduate,Semiurban,Y
5458.0,5305.0,13.0,360,1.0,Self_Employed,No,3+,Not Graduate,Semiurban,Y
4620.0,746.0,10.0,360,1.0,Salaried,Yes,2,Not Graduate,Rural,Y
1889.0,0.0,10.0,360,1.0,Salaried,Yes,1,Graduate,Semiurban,Y
15689.0,5795.0,114.0,240,0.0,Salaried,Yes,0,Graduate,Rural,N
20864.0,0.0,118.0,360,1.0,Salaried,No,0,Not Graduate,Semiurban,Y
1279.0,1290.0,36.0,360,1.0,Salaried,No,0,Not Graduate,Semiurban,Y
2166.0,0.0,10.0,360,1.0,Self_Employed,No,0,Not Graduate,Semiurban,Y
3929.0,2308.0,10.0,240,1.0,Salaried,Yes,2,Graduate,Rural,Y
2272.0,2835.0,20.0,240,1.0,Salaried,No,0,Graduate,Semiurban,Y
7367.0,0.0,62.0,240,1.0,Salaried,No,0,Graduate,Semiurban,Y
2745.0,0.0,,120,1.0,Salaried,Yes,0,Graduate,Urban,Y
27779.0,4249.0,174.0,360,1.0,Salaried,No,1,Graduate,Semiurban,Y
12739.0,4767.0,10.0,360,1.0,Salaried,No,2,Graduate,Semiurban,Y
5826.0,573.0,10.0,360,1.0,Salaried,Yes,2,Not Graduate,Rural,Y
11177.0,0.0,10.0,360,1.0,Salaried,Yes,0,Graduate,Semiurban,Y
11905.0,0.0,10.0,360,1.0,Salaried,No,0,Graduate,Urban,Y
3130.0,0.0,32.0,480,,Salaried,Yes,2,Not Graduate,Semiurban,Y
2558.0,0.0,10.0,300,1.0,Self_Employed,No,0,Graduate,Urban,Y
5232.0,0.0,10.0,360,1.0,Salaried,Yes,0,Graduate,Urban,Y
9792.0,2279.0,65.0,300,0.0,Salaried,Yes,0,Graduate,Rural,N
5493.0,0.0,10.0,360,1.0,Self_Employed,Yes,0,Not Graduate,Urban,Y
1392.0,0.0,10.0,360,1.0,Salaried,No,0,Graduate,Semiurban,Y
2586.0,5104.0,10.0,360,1.0,Salaried,Yes,2,Graduate,Rural,Y
4632.0,1565.0,26.0,120,1.0,Salaried,Yes,0,Not Graduate,Urban,Y
4626.0,5405.0,28.0,240,,Salaried,Yes,2,Graduate,Urban,Y
23814.0,3448.0,145.0,180,1.0,Self_Employed,Yes,2,Graduate,Rural,Y
1622.0,0.0,50.0,360,1.0,Salaried,No,0,Graduate,Urban,Y
7365.0,0.0,82.0,360,1.0,Self_Employed,Yes,0,Not Graduate,Rural,Y
16176.0,0.0,41.0,240,1.0,Salaried,No,1,Graduate,Urban,Y
30247.0,0.0,10.0,360,1.0,Salaried,Yes,2,Graduate,Rural,Y
3556.0,0.0,11.0,240,1.0,Salaried,Yes,0,Graduate,Urban,Y
7282.0,0.0,41.0,360,1.0,Salaried,Yes,2,Graduate,Rural,Y
7753.0,2596.0,46.0,240,0.0,Salaried,No,1,Graduate,Rural,N
5747.0,5693.0,10.0,300,1.0,Salaried,No,3+,Graduate,Semiurban,Y
4541.0,0.0,36.0,360,1.0,Self_Employed,No,2,Graduate,Rural,Y
6966.0,2106.0,10.0,360,1.0,Salaried,No,0,Not Graduate,Urban,Y
648.0,3081.0,,180,1.0,Salaried,No,0,Graduate,Urban,Y
8482.0,0.0,10.0,360,1.0,Salaried,Yes,0,Graduate,Semiurban,Y
5437.0,0.0,17.0,360,1.0,Salaried,Yes,0,Graduate,Semiurban,Y
4113.0,8761.0,10.0,360,1.0,Salaried,No,1,Graduate,Rural,Y
25273.0,0.0,62.0,360,1.0,Salaried,No,3+,Not Graduate,Semiurban,Y
2864.0,0.0,50.0,360,1.0,Salaried,Yes,3+,Graduate,Semiurban,Y
3560.0,2111.0,10.0,360,1.0,Salaried,No,0,Graduate,Semiurban,Y
24179.0,5039.0,77.0,360,1.0,Salaried,Yes,0,Not Graduate,Rural,Y
2526.0,0.0,12.0,480,1.0,Self_Employed,Yes,1,Graduate,Rural,Y
3165.0,2498.0,25.0,360,1.0,Salaried,No,0,Not Graduate,Rural,Y
4369.0,4485.0,10.0,360,1.0,Self_Employed,No,0,Graduate,Urban,Y
9630.0,0.0,65.0,360,1.0,Salaried,Yes,2,Graduate,Urban,Y
5804.0,0.0,38.0,240,1.0,Salaried,Yes,2,Not Graduate,Rural,Y
1747.0,3664.0,65.0,360,1.0,Salaried,No,2,Graduate,Rural,N
3211.0,2599.0,10.0,360,0.0,Salaried,Yes,0,Graduate,Urban,N
3023.0,4344.0,10.0,240,1.0,Salaried,Yes,1,Graduate,Rural,Y
4620.0,0.0,10.0,300,1.0,Salaried,Yes,2,Graduate,Rural,Y
6910.0,1650.0,,360,0.0,Salaried,Yes,0,Not Graduate,Urban,N
6868.0,0.0,,360,1.0,Self_Employed,No,2,Graduate,Rural,Y
1187.0,0.0,10.0,180,,Salaried,Yes,0,Not Graduate,Rural,N
11512.0,831.0,10.0,180,0.0,Salaried,Yes,2,Graduate,Urban,N
6015.0,0.0,10.0,360,0.0,Salaried,No,2,Graduate,Semiurban,N
14878.0,0.0,27.0,300,1.0,Self_Employed,No,0,Graduate,Rural,Y
7012.0,0.0,10.0,360,1.0,Salaried,Yes,1,Not Graduate,Semiurban,Y
11862.0,15711.0,83.0,360,1.0,Salaried,Yes,0,Graduate,Rural,Y
7138.0,0.0,,360,,Salaried,Yes,1,Graduate,Urban,Y
14429.0,0.0,10.0,240,0.0,Salaried,Yes,1,Graduate,Semiurban,Y
7464.0,0.0,116.0,180,1.0,Salaried,Yes,1,Graduate,Urban,Y
4544.0,2826.0,18.0,360,1.0,Salaried,Yes,3+,Not Graduate,Urban,Y
30271.0,0.0,10.0,360,1.0,Self_Employed,No,0,Graduate,Semiurban,Y
10009.0,1113.0,12.0,180,1.0,Salaried,No,0,Graduate,Rural,Y
7778.0,2033.0,35.0,300,1.0,Salaried,No,2,Graduate,Semiurban,Y
1770.0,0.0,24.0,360,1.0,Salaried,No,1,Not Graduate,Rural,Y
1753.0,0.0,10.0,360,1.0,Salaried,No,2,Not Graduate,Semiurban,Y
6212.0,0.0,10.0,360,1.0,Salaried,Yes,0,Graduate,Urban,Y
5522.0,0.0,10.0,180,1.0,Salaried,Yes,2,Graduate,Rural,Y
3007.0,0.0,10.0,240,1.0,Salaried,Yes,2,Graduate,Urban,Y
5502.0,1832.0,10.0,240,0.0,Self_Employed,No,2,Graduate,Rural,N
17517.0,0.0,10.0,240,1.0,Self_Employed,Yes,2,Graduate,Urban,N
8573.0,10396.0,10.0,360,0.0,Salaried,Yes,0,Graduate,Rural,Y
1973.0,2655.0,45.0,360,1.0,Salaried,No,0,Not Graduate,Urban,N
4495.0,0.0,92.0,180,1.0,Salaried,Yes,0,Graduate,Semiurban,Y
2581.0,0.0,42.0,360,,Salaried,Yes,0,Graduate,Semiurban,Y
3604.0,0.0,74.0,360,0.0,Salaried,Yes,0,Graduate,Urban,N
3530.0,0.0,59.0,360,1.0,Salaried,Yes,3+,Graduate,Semiurban,Y
3354.0,2591.0,60.0,480,1.0,Salaried,Yes,1,Graduate,Urban,Y
1801.0,4810.0,,360,0.0,Self_Employed,Yes,2,Graduate,Rural,Y
4438.0,0.0,15.0,360,1.0,Salaried,Yes,3+,Not Graduate,Rural,Y
3139.0,3206.0,10.0,240,1.0,Self_Employed,Yes,0,Not Graduate,Rural,Y
472.0,5445.0,10.0,240,1.0,Salaried,Yes,0,Graduate,Semiurban,Y
25397.0,0.0,76.0,360,1.0,Self_Employed,Yes,0,Graduate,Urban,Y
11743.0,1660.0,81.0,360,1.0,Salaried,Yes,1,Not Graduate,Urban,Y
3637.0,807.0,26.0,240,,Self_Employed,No,0,Not Graduate,Semiurban,Y
4989.0,0.0,10.0,360,1.0,Salaried,No,2,Graduate,Semiurban,Y
1925.0,0.0,10.0,120,1.0,Salaried,No,0,Not Graduate,Rural,N
19083.0,0.0,74.0,360,1.0,Self_Employed,Yes,0,Graduate,Semiurban,Y
22423.0,0.0,66.0,360,1.0,Salaried,Yes,0,Graduate,Rural,Y
5571.0,0.0,10.0,360,1.0,Salaried,No,1,Graduate,Semiurban,Y
11146.0,0.0,10.0,360,1.0,Salaried,Yes,2,Graduate,Semiurban,Y
5655.0,0.0,63.0,480,1.0,Salaried,No,3+,Graduate,Urban,Y
1687.0,3365.0,,300,0.0,Salaried,Yes,2,Graduate,Urban,N
3535.0,7324.0,11.0,480,1.0,Self_Employed,No,0,Not Graduate,Semiurban,Y
5462.0,0.0,10.0,180,1.0,Self_Employed,Yes,1,Not Graduate,Semiurban,Y
3416.0,0.0,10.0,360,1.0,Salaried,Yes,0,Graduate,Semiurban,Y
4126.0,0.0,38.0,360,1.0,Salaried,Yes,0,Graduate,Urban,Y
4568.0,0.0,10.0,360,1.0,Salaried,No,1,Graduate,Urban,Y
4607.0,0.0,14.0,360,1.0,Salaried,No,0,Graduate,Urban,Y
5125.0,0.0,22.0,360,1.0,Salaried,Yes,0,Graduate,Semiurban,Y
2104.0,0.0,26.0,180,1.0,Salaried,Yes,0,Graduate,Urban,Y
2769.0,1806.0,27.0,360,,Salaried,Yes,3+,Not Graduate,Semiurban,Y
1759.0,0.0,29.0,240,0.0,Self_Employed,Yes,1,Not Graduate,Semiurban,N
10746.0,2521.0,10.0,120,1.0,Salaried,Yes,0,Graduate,Semiurban,Y
912.0,0.0,10.0,240,1.0,Salaried,No,3+,Graduate,Semiurban,N
12368.0,0.0,156.0,360,1.0,Salaried,Yes,3+,Not Graduate,Semiurban,Y
14899.0,0.0,25.0,360,1.0,Salaried,No,2,Graduate,Semiurban,Y
3859.0,0.0,10.0,240,1.0,Salaried,No,1,Graduate,Rural,Y
612.0,0.0,35.0,180,1.0,Self_Employed,Yes,0,Graduate,Semiurban,N
3681.0,1731.0,93.0,360,1.0,Salaried,Yes,0,Not Graduate,Semiurban,N
4669.0,2505.0,10.0,480,1.0,Salaried,No,0,Graduate,Rural,Y
2190.0,0.0,10.0,360,0.0,Salaried,Yes,3+,Graduate,Urban,N
3255.0,0.0,10.0,360,1.0,Salaried,Yes,2,Graduate,Semiurban,Y
16717.0,0.0,99.0,360,1.0,Salaried,No,0,Graduate,Semiurban,Y
8366.0,4775.0,10.0,360,1.0,Salaried,Yes,1,Graduate,Rural,Y
2346.0,0.0,10.0,480,1.0,Salaried,Yes,1,Graduate,Semiurban,Y
1369.0,0.0,10.0,360,1.0,Salaried,Yes,2,Graduate,Urban,Y
3783.0,0.0,10.0,360,0.0,Self_Employed,No,0,Graduate,Urban,N
4143.0,0.0,10.0,360,0.0,Salaried,Yes,1,Graduate,Rural,N
7310.0,0.0,10.0,480,1.0,Salaried,Yes,0,Graduate,Semiurban,Y
3203.0,0.0,10.0,180,1.0,Salaried,Yes,0,Graduate,Urban,Y
7400.0,0.0,124.0,360,0.0,Salaried,No,1,Graduate,Semiurban,N
23112.0,0.0,78.0,360,1.0,Salaried,No,0,Graduate,Urban,Y
9437.0,3729.0,91.0,360,1.0,Salaried,Yes,1,Graduate,Urban,Y
4729.0,0.0,53.0,360,1.0,Salaried,No,0,Graduate,Semiurban,Y
4245.0,2600.0,10.0,360,1.0,Salaried,Yes,3+,Graduate,Semiurban,Y
3695.0,7993.0,10.0,240,0.0,Salaried,Yes,2,Graduate,Rural,Y
12639.0,0.0,56.0,300,1.0,Self_Employed,No,0,Graduate,Semiurban,Y
2975.0,2057.0,23.0,480,1.0,Salaried,Yes,1,Graduate,Rural,Y
5096.0,0.0,10.0,360,1.0,Salaried,No,0,Graduate,Rural,Y
5120.0,0.0,21.0,360,0.0,Salaried,No,1,Graduate,Urban,N
3290.0,0.0,10.0,360,1.0,Salaried,Yes,0,Not Graduate,Rural,Y
1639.0,0.0,10.0,360,1.0,Salaried,No,0,Graduate,Rural,Y
6364.0,850.0,10.0,360,1.0,Salaried,Yes,3+,Graduate,Rural,Y
4681.0,0.0,10.0,240,1.0,Salaried,Yes,0,Not Graduate,Urban,Y
7333.0,1016.0,10.0,360,1.0,Salaried,Yes,1,Graduate,Rural,Y
3207.0,0.0,,360,1.0,Self_Employed,No,0,Not Graduate,Urban,Y
13051.0,0.0,113.0,360,,Salaried,Yes,1,Graduate,Semiurban,Y
2437.0,2662.0,10.0,240,1.0,Salaried,No,0,Graduate,Semiurban,Y
19334.0,0.0,83.0,240,1.0,Self_Employed,No,0,Graduate,Rural,Y
1214.0,0.0,10.0,240,1.0,Salaried,Yes,0,Graduate,Semiurban,Y
6959.0,0.0,10.0,360,1.0,Salaried,No,0,Graduate,Semiurban,Y
7189.0,0.0,10.0,480,1.0,Self_Employed,Yes,3+,Graduate,Semiurban,Y
2601.0,8676.0,10.0,480,1.0,Self_Employed,Yes,3+,Not Graduate,Urban,Y
6902.0,0.0,134.0,240,1.0,Self_Employed,No,2,Not Graduate,Semiurban,N
13679.0,0.0,53.0,300,1.0,Self_Employed,Yes,0,Not Graduate,Semiurban,Y
834.0,0.0,87.0,120,1.0,Salaried,Yes,0,Not Graduate,Semiurban,N
7348.0,3723.0,21.0,300,1.0,Salaried,Yes,1,Not Graduate,Urban,Y
669.0,0.0,69.0,360,1.0,Salaried,Yes,3+,Graduate,Urban,Y
2270.0,3811.0,123.0,360,1.0,Self_Employed,No,1,Graduate,Urban,Y
18094.0,7812.0,69.0,240,1.0,Salaried,Yes,0,Graduate,Rural,Y
3086.0,0.0,10.0,240,1.0,Self_Employed,Yes,2,Graduate,Semiurban,Y
1922.0,0.0,10.0,240,1.0,Salaried,No,0,Not Graduate,Semiurban,Y
4195.0,0.0,10.0,300,1.0,Salaried,No,2,Graduate,Semiurban,Y
25702.0,0.0,68.0,360,1.0,Salaried,Yes,3+,Graduate,Semiurban,Y
1135.0,0.0,105.0,360,1.0,Self_Employed,Yes,3+,Graduate,Urban,Y
2120.0,2714.0,10.0,360,1.0,Salaried,Yes,0,Graduate,Urban,Y
16284.0,0.0,28.0,360,1.0,Self_Employed,No,0,Graduate,Semiurban,Y
21724.0,6248.0,10.0,240,0.0,Salaried,Yes,1,Graduate,Semiurban,Y
4524.0,0.0,10.0,240,1.0,Salaried,Yes,0,Not Graduate,Rural,Y
1824.0,2711.0,28.0,120,,Salaried,No,0,Not Graduate,Urban,N
26283.0,3660.0,68.0,360,1.0,Salaried,Yes,1,Graduate,Rural,Y
17598.0,0.0,48.0,360,,Salaried,Yes,0,Not Graduate,Urban,Y
8460.0,2959.0,43.0,360,0.0,Salaried,Yes,0,Not Graduate,Urban,N
2566.0,5741.0,49.0,180,0.0,Salaried,No,0,Graduate,Urban,N
4726.0,0.0,15.0,360,1.0,Salaried,Yes,3+,Not Graduate,Rural,Y
4323.0,3250.0,10.0,120,1.0,Salaried,Yes,2,Graduate,Semiurban,Y
6404.0,1390.0,10.0,180,,Self_Employed,No,2,Not Graduate,Semiurban,N
15690.0,1092.0,10.0,360,,Salaried,No,0,Graduate,Semiurban,Y
9932.0,0.0,20.0,360,1.0,Salaried,Yes,1,Not Graduate,Semiurban,Y
2076.0,0.0,70.0,360,1.0,Salaried,Yes,0,Graduate,Urban,N
14782.0,0.0,,360,1.0,Salaried,Yes,1,Not Graduate,Urban,Y
6314.0,0.0,10.0,240,,Salaried,Yes,1,Graduate,Rural,Y
8516.0,2620.0,39.0,240,1.0,Salaried,Yes,2,Graduate,Urban,Y
15887.0,0.0,32.0,240,1.0,Self_Employed,Yes,0,Not Graduate,Semiurban,Y
2020.0,4262.0,60.0,180,0.0,Salaried,Yes,0,Graduate,Urban,N
4776.0,0.0,,240,0.0,Self_Employed,Yes,3+,Not Graduate,Urban,N
3213.0,0.0,115.0,360,1.0,Salaried,Yes,3+,Graduate,Rural,N
1402.0,0.0,10.0,240,,Salaried,Yes,0,Not Graduate,Rural,N
6486.0,2706.0,36.0,360,1.0,Salaried,No,0,Graduate,Semiurban,Y
36653.0,6762.0,136.0,360,1.0,Salaried,Yes,0,Graduate,Semiurban,Y
1128.0,0.0,10.0,300,1.0,Self_Employed,Yes,0,Not Graduate,Semiurban,Y
4789.0,2186.0,52.0,360,1.0,Salaried,Yes,2,Graduate,Semiurban,Y
8204.0,0.0,10.0,360,1.0,Self_Employed,No,1,Not Graduate,Rural,Y
5423.0,0.0,10.0,360,1.0,Salaried,Yes,0,Graduate,Rural,Y
4490.0,0.0,71.0,120,1.0,Salaried,Yes,1,Graduate,Rural,Y
1738.0,3237.0,10.0,360,1.0,Salaried,Yes,0,Graduate,Semiurban,Y
5921.0,0.0,10.0,180,1.0,Salaried,Yes,0,Graduate,Rural,Y
2683.0,0.0,10.0,360,1.0,Salaried,Yes,0,Graduate,Urban,Y
852.0,0.0,103.0,120,1.0,Salaried,Yes,0,Not Graduate,Urban,N
12780.0,2860.0,79.0,360,1.0,Salaried,Yes,2,Graduate,Semiurban,Y
10580.0,4188.0,35.0,360,1.0,Salaried,No,0,Graduate,Urban,Y
5122.0,13028.0,62.0,360,1.0,Self_Employed,Yes,1,Graduate,Semiurban,Y
5903.0,5552.0,55.0,180,1.0,Salaried,Yes,1,Graduate,Semiurban,Y
11608.0,0.0,92.0,240,0.0,Salaried,Yes,3+,Graduate,Semiurban,N
5881.0,0.0,10.0,360,,Salaried,Yes,3+,Graduate,Urban,Y
10130.0,2064.0,60.0,360,1.0,Salaried,Yes,2,Graduate,Rural,Y
3874.0,0.0,63.0,360,0.0,Salaried,Yes,0,Not Graduate,Urban,N
14039.0,2024.0,115.0,300,1.0,Salaried,Yes,0,Graduate,Rural,N
6353.0,1736.0,10.0,180,1.0,Self_Employed,No,1,Graduate,Urban,Y
5740.0,4710.0,10.0,360,1.0,Salaried,Yes,0,Graduate,Semiurban,Y
1779.0,1408.0,10.0,240,1.0,Salaried,No,0,Graduate,Rural,Y
6183.0,0.0,16.0,180,1.0,Self_Employed,No,0,Graduate,Rural,Y
2526.0,5046.0,10.0,360,1.0,Salaried,Yes,0,Not Graduate,Rural,Y
2949.0,0.0,10.0,360,1.0,Salaried,Yes,1,Graduate,Rural,Y
2560.0,0.0,112.0,120,1.0,Self_Employed,Yes,1,Graduate,Semiurban,Y
2094.0,0.0,36.0,180,1.0,Self_Employed,Yes,2,Graduate,Semiurban,N
26898.0,3601.0,55.0,360,1.0,Salaried,No,0,Graduate,Semiurban,Y
14258.0,6385.0,,180,,Salaried,Yes,0,Graduate,Rural,Y
22841.0,1822.0,54.0,360,1.0,Self_Employed,Yes,0,Graduate,Rural,Y
1848.0,0.0,53.0,300,1.0,Salaried,Yes,3+,Graduate,Rural,Y
5203.0,4877.0,10.0,180,1.0,Salaried,No,0,Graduate,Semiurban,Y
1746.0,0.0,15.0,360,1.0,Salaried,Yes,0,Not Graduate,Semiurban,Y
2817.0,0.0,15.0,360,1.0,Salaried,No,0,Graduate,Rural,Y
2358.0,0.0,10.0,300,,Self_Employed,Yes,0,Graduate,Urban,Y
13249.0,0.0,108.0,360,1.0,Salaried,Yes,0,Graduate,Urban,Y
3580.0,1795.0,10.0,120,1.0,Self_Employed,No,1,Not Graduate,Rural,Y
11553.0,0.0,74.0,360,0.0,Salaried,Yes,0,Graduate,Semiurban,N
7969.0,0.0,28.0,300,,Salaried,No,0,Graduate,Semiurban,Y
31036.0,0.0,,360,1.0,Salaried,Yes,1,Not Graduate,Rural,Y
1505.0,0.0,10.0,360,1.0,Salaried,No,0,Graduate,Rural,Y
13459.0,0.0,10.0,360,1.0,Salaried,No,0,Not Graduate,Urban,Y
12298.0,3352.0,10.0,360,1.0,Self_Employed,Yes,0,Graduate,Urban,Y
2256.0,2389.0,17.0,360,1.0,Salaried,Yes,2,Graduate,Rural,Y
11001.0,6708.0,103.0,360,1.0,Salaried,Yes,0,Not Graduate,Rural,Y
6431.0,4254.0,107.0,300,1.0,Salaried,No,0,Graduate,Urban,Y
4097.0,979.0,,180,1.0,Salaried,Yes,0,Graduate,Rural,Y
2542.0,0.0,19.0,360,1.0,Salaried,No,1,Not Graduate,Semiurban,N
2765.0,0.0,10.0,360,1.0,Salaried,Yes,2,Graduate,Semiurban,Y
25333.0,0.0,100.0,240,1.0,Salaried,No,1,Graduate,Rural,Y
4917.0,0.0,68.0,360,1.0,Salaried,Yes,2,Graduate,Semiurban,Y
9188.0,0.0,12.0,360,,Salaried,Yes,0,Graduate,Urban,Y
2610.0,2965.0,13.0,360,1.0,Salaried,Yes,3+,Graduate,Urban,Y
2634.0,1359.0,10.0,120,1.0,Self_Employed,No,0,Graduate,Urban,Y
11679.0,0.0,10.0,300,,Salaried,Yes,0,Graduate,Rural,Y
1670.0,2804.0,33.0,360,1.0,Self_Employed,No,1,Graduate,Urban,Y
3526.0,2532.0,10.0,180,1.0,Salaried,No,1,Graduate,Semiurban,Y
5050.0,2226.0,59.0,360,1.0,Salaried,No,0,Graduate,Semiurban,Y
5373.0,2812.0,21.0,480,1.0,Salaried,Yes,3+,Not Graduate,Urban,Y
4259.0,0.0,10.0,360,1.0,Salaried,Yes,1,Graduate,Semiurban,Y
6746.0,0.0,10.0,360,1.0,Salaried,Yes,0,Graduate,Urban,Y
8555.0,0.0,10.0,360,1.0,Salaried,No,0,Not Graduate,Urban,Y
8846.0,0.0,80.0,120,1.0,Salaried,Yes,0,Graduate,Rural,Y
2234.0,925.0,10.0,480,,Salaried,Yes,3+,Graduate,Semiurban,Y
3915.0,2141.0,28.0,360,1.0,Self_Employed,Yes,1,Graduate,Semiurban,Y
12782.0,1409.0,,360,1.0,Salaried,No,1,Graduate,Rural,Y
10054.0,3594.0,10.0,180,1.0,Salaried,Yes,1,Graduate,Urban,Y
1639.0,0.0,10.0,240,1.0,Salaried,No,2,Graduate,Semiurban,Y
6511.0,0.0,10.0,240,1.0,Salaried,Yes,1,Not Graduate,Rural,Y
1010.0,0.0,10.0,360,1.0,Salaried,Yes,0,Graduate,Semiurban,Y
5103.0,1368.0,108.0,240,0.0,Salaried,No,1,Graduate,Semiurban,N
22431.0,0.0,125.0,360,1.0,Salaried,Yes,1,Graduate,Semiurban,Y
2302.0,0.0,36.0,360,1.0,Salaried,No,3+,Graduate,Rural,N
2521.0,0.0,78.0,120,0.0,Salaried,Yes,1,Graduate,Urban,N
9056.0,0.0,19.0,360,1.0,Salaried,Yes,0,Graduate,Urban,Y
1430.0,0.0,19.0,240,1.0,Salaried,Yes,0,Graduate,Urban,Y
2963.0,0.0,10.0,360,1.0,Salaried,No,0,Graduate,Semiurban,Y
7920.0,0.0,10.0,300,1.0,Salaried,No,1,Not Graduate,Rural,Y
2959.0,9218.0,97.0,300,1.0,Self_Employed,Yes,0,Graduate,Rural,Y
4069.0,0.0,32.0,120,1.0,Salaried,Yes,1,Graduate,Urban,Y
8914.0,3109.0,17.0,480,1.0,Salaried,No,2,Graduate,Rural,Y
6886.0,8054.0,50.0,360,1.0,Salaried,No,0,Not Graduate,Rural,Y
6084.0,0.0,10.0,360,1.0,Salaried,No,1,Not Graduate,Semiurban,Y
3747.0,0.0,10.0,180,1.0,Salaried,No,0,Graduate,Semiurban,Y
6608.0,4246.0,51.0,360,1.0,Salaried,Yes,0,Graduate,Rural,Y
4452.0,0.0,10.0,240,,Self_Employed,Yes,0,Not Graduate,Rural,N
7089.0,7981.0,27.0,480,1.0,Self_Employed,No,1,Not Graduate,Rural,N
3303.0,0.0,10.0,480,1.0,Self_Employed,Yes,3+,Graduate,Urban,Y
4247.0,0.0,10.0,360,1.0,Salaried,No,2,Not Graduate,Semiurban,Y
2226.0,0.0,10.0,480,0.0,Salaried,No,0,Not Graduate,Rural,N
4779.0,0.0,10.0,180,1.0,Salaried,No,0,Graduate,Urban,Y
2569.0,3023.0,10.0,240,0.0,Salaried,Yes,1,Graduate,Urban,Y
2016.0,0.0,35.0,240,1.0,Salaried,Yes,0,Graduate,Rural,Y
6045.0,5159.0,10.0,180,1.0,Salaried,Yes,2,Graduate,Urban,Y
5827.0,0.0,,480,0.0,Salaried,Yes,0,Graduate,Semiurban,N
9194.0,0.0,31.0,180,1.0,Salaried,No,0,Not Graduate,Semiurban,Y
3481.0,0.0,10.0,360,1.0,Salaried,Yes,0,Graduate,Urban,Y
6812.0,2306.0,96.0,360,1.0,Salaried,No,2,Graduate,Rural,Y
7636.0,2338.0,10.0,300,1.0,Salaried,Yes,0,Graduate,Rural,Y
7015.0,5436.0,38.0,120,0.0,Self_Employed,Yes,0,Graduate,Urban,Y
2539.0,0.0,10.0,120,1.0,Salaried,Yes,0,Graduate,Urban,Y
5539.0,0.0,10.0,240,1.0,Salaried,Yes,0,Graduate,Semiurban,Y
6577.0,5201.0,89.0,360,1.0,Salaried,Yes,3+,Graduate,Semiurban,Y
4943.0,0.0,10.0,360,1.0,Salaried,No,0,Graduate,Urban,Y
926.0,0.0,10.0,360,1.0,Salaried,No,0,Graduate,Rural,Y
5588.0,3474.0,44.0,360,,Salaried,Yes,0,Not Graduate,Rural,Y
28855.0,0.0,150.0,300,0.0,Salaried,Yes,0,Graduate,Rural,N
3685.0,0.0,10.0,240,1.0,Salaried,No,0,Graduate,Rural,Y
2745.0,0.0,10.0,360,1.0,Salaried,No,0,Graduate,Semiurban,Y
6625.0,3143.0,96.0,300,1.0,Salaried,Yes,2,Graduate,Semiurban,Y
6310.0,4198.0,34.0,240,1.0,Self_Employed,Yes,0,Graduate,Rural,Y
12762.0,9635.0,59.0,360,1.0,Salaried,Yes,2,Graduate,Semiurban,Y
1797.0,4414.0,10.0,360,1.0,Salaried,Yes,3+,Graduate,Semiurban,Y
8823.0,3945.0,10.0,360,0.0,Salaried,Yes,3+,Graduate,Rural,N
7882.0,0.0,12.0,180,1.0,Salaried,Yes,0,Graduate,Urban,Y
4386.0,0.0,10.0,360,1.0,Salaried,No,3+,Graduate,Rural,Y
6444.0,0.0,10.0,180,1.0,Salaried,Yes,1,Graduate,Urban,Y
11199.0,1806.0,10.0,480,1.0,Salaried,No,0,Graduate,Semiurban,Y
9876.0,0.0,93.0,240,0.0,Salaried,Yes,2,Graduate,Urban,N
1970.0,0.0,10.0,240,0.0,Salaried,No,0,Graduate,Rural,N
9472.0,0.0,102.0,360,1.0,Salaried,No,0,Graduate,Rural,Y
4667.0,0.0,23.0,480,1.0,Salaried,No,2,Graduate,Semiurban,Y
5210.0,0.0,10.0,360,1.0,Salaried,Yes,1,Graduate,Rural,Y
5211.0,0.0,72.0,180,1.0,Salaried,No,2,Graduate,Urban,Y
4358.0,1093.0,25.0,360,1.0,Salaried,Yes,2,Graduate,Urban,Y
12751.0,0.0,91.0,360,1.0,Salaried,Yes,0,Graduate,Urban,Y
4596.0,2774.0,10.0,360,0.0,Salaried,No,0,Graduate,Urban,Y
2007.0,2692.0,,180,1.0,Salaried,No,1,Graduate,Semiurban,Y
3587.0,1517.0,60.0,240,,Salaried,Yes,1,Not Graduate,Rural,N
5670.0,3031.0,39.0,360,,Self_Employed,No,0,Not Graduate,Urban,Y
13139.0,7870.0,10.0,360,1.0,Self_Employed,Yes,0,Graduate,Urban,Y
7962.0,6156.0,14.0,360,1.0,Salaried,Yes,0,Graduate,Urban,Y
2489.0,5421.0,56.0,300,1.0,Salaried,Yes,1,Graduate,Urban,Y
35888.0,0.0,98.0,360,,Salaried,Yes,0,Graduate,Urban,Y
6074.0,2319.0,45.0,480,0.0,Salaried,Yes,0,Graduate,Urban,Y
13634.0,0.0,76.0,300,1.0,Salaried,Yes,0,Not Graduate,Semiurban,Y
4353.0,2590.0,10.0,360,1.0,Salaried,No,0,Not Graduate,Rural,Y
7530.0,0.0,,240,0.0,Salaried,No,0,Graduate,Urban,N
9620.0,0.0,16.0,180,1.0,Salaried,Yes,3+,Not Graduate,Rural,Y
13024.0,0.0,14.0,360,1.0,Salaried,Yes,1,Graduate,Semiurban,Y
11452.0,0.0,73.0,360,1.0,Salaried,Yes,0,Graduate,Semiurban,Y
9875.0,6893.0,10.0,360,1.0,Self_Employed,No,2,Graduate,Rural,Y
3820.0,0.0,58.0,240,,Salaried,No,0,Graduate,Urban,Y
3111.0,0.0,75.0,240,1.0,Salaried,Yes,1,Not Graduate,Rural,N
6413.0,0.0,20.0,360,1.0,Salaried,No,0,Graduate,Urban,Y
10368.0,0.0,15.0,240,1.0,Salaried,No,2,Graduate,Semiurban,Y
4113.0,1146.0,10.0,360,1.0,Salaried,Yes,0,Not Graduate,Urban,Y
11523.0,0.0,10.0,240,1.0,Salaried,Yes,0,Graduate,Semiurban,Y
15711.0,3895.0,31.0,360,1.0,Salaried,Yes,1,Graduate,Semiurban,Y
2361.0,0.0,76.0,360,1.0,Salaried,Yes,1,Graduate,Rural,Y
2516.0,9231.0,30.0,120,0.0,Salaried,Yes,0,Not Graduate,Semiurban,N
4393.0,0.0,10.0,360,1.0,Self_Employed,Yes,1,Not Graduate,Semiurban,Y
6286.0,4703.0,49.0,240,1.0,Salaried,Yes,0,Not Graduate,Rural,Y
3230.0,4152.0,52.0,240,,Salaried,Yes,2,Graduate,Semiurban,Y
14498.0,0.0,40.0,360,1.0,Salaried,Yes,1,Graduate,Semiurban,Y
6900.0,0.0,82.0,360,1.0,Salaried,No,0,Graduate,Rural,Y
5072.0,0.0,51.0,300,1.0,Self_Employed,No,2,Graduate,Rural,N
1558.0,1585.0,10.0,360,0.0,Salaried,No,2,Graduate,Rural,Y
1715.0,2361.0,10.0,240,1.0,Salaried,No,3+,Graduate,Semiurban,Y
6154.0,0.0,30.0,120,1.0,Salaried,Yes,1,Graduate,Semiurban,Y
892.0,0.0,10.0,360,0.0,Salaried,Yes,1,Graduate,Urban,N
11049.0,0.0,,360,1.0,Salaried,Yes,2,Graduate,Rural,Y
4331.0,0.0,10.0,360,1.0,Salaried,Yes,0,Graduate,Rural,Y
65807.0,0.0,239.0,360,1.0,Salaried,Yes,3+,Not Graduate,Urban,Y
31143.0,0.0,80.0,360,1.0,Salaried,Yes,0,Graduate,Urban,Y
4251.0,0.0,38.0,360,,Salaried,No,0,Graduate,Urban,Y
4514.0,0.0,10.0,120,1.0,Salaried,Yes,0,Not Graduate,Semiurban,Y
10899.0,0.0,42.0,360,1.0,Salaried,Yes,1,Graduate,Urban,Y
19198.0,0.0,10.0,360,1.0,Self_Employed,No,0,Graduate,Semiurban,Y
1326.0,0.0,10.0,360,1.0,Salaried,Yes,0,Graduate,Semiurban,Y
1177.0,3826.0,10.0,360,1.0,Salaried,Yes,1,Graduate,Rural,Y
2988.0,4691.0,59.0,300,1.0,Salaried,Yes,0,Graduate,Semiurban,Y
7834.0,4211.0,36.0,180,0.0,Salaried,Yes,2,Not Graduate,Semiurban,N
7314.0,0.0,90.0,360,1.0,Salaried,Yes,0,Graduate,Urban,N
11566.0,3433.0,81.0,240,1.0,Salaried,Yes,0,Graduate,Urban,Y
1882.0,4168.0,40.0,360,1.0,Salaried,Yes,0,Graduate,Semiurban,Y
771.0,0.0,10.0,360,,Salaried,No,0,Not Graduate,Rural,Y
9764.0,0.0,10.0,360,1.0,Self_Employed,No,0,Graduate,Rural,Y
2534.0,0.0,10.0,360,1.0,Salaried,Yes,0,Graduate,Urban,Y
978.0,0.0,10.0,120,1.0,Self_Employed,Yes,0,Not Graduate,Rural,Y
5520.0,0.0,10.0,480,0.0,Salaried,No,2,Not Graduate,Urban,N
9270.0,0.0,12.0,360,1.0,Salaried,No,0,Graduate,Rural,Y
4458.0,0.0,61.0,360,1.0,Salaried,Yes,0,Graduate,Urban,N
3407.0,0.0,35.0,240,1.0,Self_Employed,Yes,0,Graduate,Urban,N
4326.0,2793.0,63.0,180,1.0,Self_Employed,Yes,0,Graduate,Semiurban,N
3654.0,0.0,10.0,360,0.0,Salaried,Yes,0,Not Graduate,Rural,Y
1672.0,3264.0,17.0,300,1.0,Salaried,Yes,0,Graduate,Urban,Y
2775.0,2328.0,54.0,240,1.0,Salaried,No,0,Graduate,Urban,Y
7458.0,0.0,90.0,300,1.0,Self_Employed,No,2,Graduate,Rural,Y
6357.0,1848.0,10.0,360,0.0,Salaried,No,2,Not Graduate,Semiurban,Y
5622.0,0.0,,360,1.0,Salaried,Yes,1,Not Graduate,Rural,Y
2217.0,0.0,55.0,360,1.0,Salaried,Yes,0,Graduate,Urban,N
4251.0,0.0,10.0,360,1.0,Salaried,Yes,2,Not Graduate,Rural,Y
861.0,0.0,10.0,240,1.0,Salaried,Yes,2,Not Graduate,Semiurban,Y
5669.0,0.0,10.0,360,1.0,Salaried,Yes,2,Graduate,Rural,Y
15415.0,2621.0,10.0,180,1.0,Salaried,Yes,0,Graduate,Urban,Y
1511.0,0.0,10.0,360,,Self_Employed,Yes,2,Graduate,Rural,Y
3076.0,0.0,10.0,360,0.0,Salaried,No,2,Graduate,Semiurban,Y
6395.0,0.0,64.0,240,1.0,Salaried,Yes,1,Graduate,Semiurban,Y
13390.0,0.0,10.0,300,1.0,Salaried,Yes,2,Graduate,Urban,Y
3434.0,5752.0,27.0,360,1.0,Salaried,No,2,Not Graduate,Semiurban,Y
2825.0,1929.0,54.0,180,,Salaried,No,0,Graduate,Semiurban,N
1017.0,1172.0,10.0,360,1.0,Salaried,Yes,2,Graduate,Semiurban,Y
5339.0,29699.0,35.0,360,1.0,Salaried,Yes,2,Not Graduate,Semiurban,Y
25176.0,0.0,100.0,360,0.0,Salaried,No,3+,Graduate,Semiurban,N
6136.0,0.0,11.0,360,,Self_Employed,Yes,3+,Graduate,Urban,N
4828.0,5477.0,12.0,360,1.0,Salaried,No,0,Graduate,Rural,Y
6359.0,0.0,10.0,240,0.0,Salaried,Yes,0,Graduate,Rural,Y
4871.0,0.0,,240,1.0,Salaried,Yes,0,Graduate,Urban,Y
2565.0,3333.0,39.0,360,1.0,Salaried,Yes,3+,Graduate,Semiurban,Y
9496.0,3178.0,158.0,360,1.0,Self_Employed,No,0,Not Graduate,Urban,Y
5888.0,0.0,16.0,180,1.0,Salaried,No,0,Graduate,Rural,Y
4985.0,0.0,83.0,300,1.0,Self_Employed,Yes,0,Graduate,Urban,N
2252.0,0.0,23.0,300,,Self_Employed,Yes,0,Graduate,Rural,N
13944.0,1542.0,13.0,360,1.0,Salaried,Yes,1,Not Graduate,Semiurban,Y
8365.0,0.0,30.0,360,1.0,Self_Employed,No,2,Not Graduate,Urban,Y
3158.0,2568.0,10.0,360,1.0,Salaried,No,0,Graduate,Rural,Y
10954.0,1521.0,43.0,480,1.0,Salaried,Yes,1,Graduate,Semiurban,Y
3301.0,0.0,10.0,360,0.0,Salaried,No,1,Graduate,Semiurban,Y
2629.0,4824.0,10.0,360,1.0,Self_Employed,Yes,0,Graduate,Urban,Y
2676.0,5983.0,16.0,300,1.0,Salaried,Yes,0,Graduate,Urban,Y
1192.0,5273.0,80.0,180,1.0,Salaried,Yes,2,Graduate,Rural,N
7167.0,2407.0,90.0,360,0.0,Salaried,Yes,0,Graduate,Semiurban,Y
1136.0,0.0,10.0,300,1.0,Self_Employed,No,0,Graduate,Urban,Y
1839.0,0.0,13.0,300,0.0,Self_Employed,Yes,1,Graduate,Urban,N
934.0,871.0,51.0,360,1.0,Salaried,No,3+,Graduate,Semiurban,Y
4588.0,4444.0,,360,1.0,Salaried,No,0,Graduate,Urban,Y
4358.0,1075.0,35.0,360,,Self_Employed,No,1,Not Graduate,Urban,Y
3784.0,0.0,10.0,300,1.0,Salaried,Yes,0,Graduate,Urban,Y
2134.0,2246.0,10.0,240,1.0,Salaried,No,0,Graduate,Semiurban,Y
1924.0,0.0,10.0,360,1.0,Salaried,Yes,0,Graduate,Urban,Y
7126.0,1739.0,45.0,480,1.0,Salaried,No,0,Graduate,Semiurban,Y
3164.0,1918.0,42.0,360,1.0,Salaried,Yes,0,Graduate,Urban,Y
6330.0,0.0,62.0,240,,Self_Employed,No,1,Not Graduate,Semiurban,Y
2421.0,0.0,24.0,300,1.0,Salaried,No,0,Graduate,Rural,Y
5681.0,1008.0,28.0,360,1.0,Salaried,No,2,Graduate,Rural,Y
13941.0,0.0,127.0,180,1.0,Salaried,Yes,3+,Graduate,Semiurban,N
7855.0,0.0,10.0,240,1.0,Salaried,Yes,0,Graduate,Rural,Y
3534.0,0.0,96.0,240,1.0,Self_Employed,Yes,0,Not Graduate,Semiurban,Y
6038.0,0.0,10.0,360,1.0,Salaried,Yes,0,Graduate,Semiurban,Y
4054.0,0.0,36.0,360,1.0,Salaried,Yes,1,Graduate,Urban,Y
4946.0,0.0,10.0,180,1.0,Salaried,No,1,Graduate,Urban,Y
3788.0,1707.0,10.0,360,1.0,Salaried,No,0,Graduate,Urban,Y
4309.0,0.0,29.0,180,1.0,Salaried,Yes,0,Not Graduate,Semiurban,N
5824.0,0.0,59.0,360,1.0,Self_Employed,No,1,Not Graduate,Rural,Y
2220.0,1093.0,32.0,360,1.0,Salaried,No,1,Graduate,Urban,Y
2180.0,13824.0,28.0,360,1.0,Salaried,No,1,Not Graduate,Semiurban,Y
1618.0,1304.0,188.0,180,1.0,Salaried,No,3+,Graduate,Semiurban,Y
1366.0,0.0,63.0,360,0.0,Salaried,No,2,Graduate,Semiurban,N
1856.0,0.0,50.0,360,1.0,Salaried,Yes,0,Graduate,Urban,Y
5583.0,0.0,10.0,360,0.0,Self_Employed,No,2,Not Graduate,Urban,N
2406.0,4005.0,10.0,360,1.0,Self_Employed,Yes,0,Graduate,Urban,Y
7412.0,0.0,10.0,360,,Self_Employed,No,2,Graduate,Rural,Y
5053.0,0.0,65.0,120,1.0,Salaried,No,2,Graduate,Urban,N
1018.0,2469.0,10.0,180,0.0,Salaried,Yes,0,Not Graduate,Semiurban,N
8300.0,0.0,,240,1.0,Self_Employed,Yes,0,Graduate,Rural,N
9402.0,0.0,53.0,360,1.0,Salaried,Yes,0,Graduate,Semiurban,Y
2219.0,0.0,23.0,360,1.0,Self_Employed,Yes,0,Graduate,Semiurban,Y
6878.0,0.0,10.0,360,1.0,Self_Employed,Yes,1,Graduate,Semiurban,Y
2477.0,0.0,10.0,360,1.0,Salaried,No,1,Graduate,Semiurban,Y
5314.0,4599.0,83.0,360,0.0,Salaried,Yes,0,Graduate,Semiurban,Y
1787.0,0.0,23.0,300,1.0,Salaried,No,0,Graduate,Semiurban,Y
1171.0,3406.0,10.0,300,1.0,Salaried,Yes,1,Graduate,Semiurban,Y
3618.0,2514.0,,360,1.0,Salaried,Yes,0,Graduate,Semiurban,Y
4452.0,3231.0,10.0,240,0.0,Salaried,No,1,Not Graduate,Rural,N
3575.0,0.0,47.0,360,1.0,Salaried,Yes,0,Graduate,Rural,Y
1906.0,0.0,36.0,240,0.0,Salaried,Yes,1,Graduate,Semiurban,N
3569.0,4870.0,81.0,360,1.0,Salaried,Yes,1,Graduate,Semiurban,Y
6096.0,4945.0,10.0,360,1.0,Salaried,Yes,1,Graduate,Semiurban,Y
4741.0,0.0,19.0,240,1.0,Salaried,Yes,0,Graduate,Rural,Y
5687.0,0.0,90.0,360,0.0,Salaried,Yes,2,Graduate,Urban,N
2875.0,0.0,71.0,240,1.0,Self_Employed,Yes,1,Graduate,Semiurban,N
12549.0,0.0,59.0,360,1.0,Salaried,Yes,1,Graduate,Urban,Y
1918.0,0.0,121.0,300,1.0,Salaried,No,0,Graduate,Semiurban,Y
7259.0,2805.0,44.0,360,1.0,Salaried,Yes,0,Graduate,Rural,Y
12651.0,0.0,91.0,300,1.0,Salaried,No,2,Not Graduate,Urban,Y
7221.0,1147.0,11.0,360,1.0,Salaried,Yes,0,Graduate,Urban,Y
4180.0,0.0,10.0,360,1.0,Salaried,No,1,Graduate,Urban,Y
3221.0,1851.0,,360,1.0,Salaried,Yes,1,Graduate,Semiurban,Y
11258.0,0.0,,360,1.0,Self_Employed,Yes,1,Graduate,Urban,Y
1574.0,0.0,10.0,180,1.0,Salaried,Yes,0,Not Graduate,Semiurban,N
2262.0,0.0,10.0,360,1.0,Salaried,Yes,0,Graduate,Semiurban,Y
3576.0,718.0,10.0,360,1.0,Salaried,No,0,Graduate,Rural,Y
13228.0,0.0,10.0,360,1.0,Salaried,Yes,0,Not Graduate,Urban,Y
6660.0,5900.0,75.0,360,1.0,Salaried,Yes,3+,Graduate,Rural,Y
2266.0,4082.0,10.0,240,1.0,Salaried,No,0,Graduate,Urban,Y
3834.0,10134.0,23.0,360,1.0,Self_Employed,Yes,2,Not Graduate,Semiurban,Y
3007.0,0.0,10.0,180,1.0,Salaried,Yes,0,Graduate,Rural,Y
2785.0,0.0,10.0,360,1.0,Salaried,Yes,2,Graduate,Urban,Y
10755.0,0.0,82.0,360,1.0,Self_Employed,Yes,0,Not Graduate,Urban,Y
1640.0,0.0,10.0,240,1.0,Salaried,Yes,0,Graduate,Urban,Y
17801.0,0.0,10.0,480,0.0,Salaried,No,1,Not Graduate,Rural,N
9534.0,0.0,10.0,360,1.0,Salaried,Yes,0,Graduate,Urban,Y
11763.0,614.0,43.0,360,1.0,Salaried,No,0,Not Graduate,Urban,Y
3394.0,9181.0,32.0,360,1.0,Salaried,No,0,Graduate,Semiurban,Y
4359.0,0.0,10.0,360,,Salaried,No,0,Graduate,Urban,Y
1562.0,0.0,10.0,360,1.0,Salaried,Yes,2,Graduate,Urban,N
3230.0,0.0,33.0,180,1.0,Salaried,Yes,3+,Graduate,Urban,N
7295.0,0.0,10.0,360,1.0,Self_Employed,Yes,0,Graduate,Semiurban,Y
13861.0,1522.0,29.0,360,1.0,Salaried,No,1,Graduate,Semiurban,Y
2027.0,873.0,10.0,360,0.0,Salaried,No,0,Not Graduate,Semiurban,N
3669.0,0.0,50.0,360,1.0,Salaried,Yes,0,Graduate,Urban,Y
4354.0,2381.0,10.0,360,1.0,Salaried,No,0,Not Graduate,Semiurban,Y
1609.0,2271.0,,360,1.0,Salaried,Yes,1,Not Graduate,Semiurban,N
7888.0,0.0,10.0,480,1.0,Salaried,No,0,Not Graduate,Urban,Y
2754.0,8108.0,102.0,360,1.0,Salaried,No,2,Not Graduate,Semiurban,Y
4204.0,0.0,78.0,360,1.0,Self_Employed,No,0,Graduate,Semiurban,Y
3424.0,0.0,10.0,300,1.0,Salaried,No,2,Graduate,Rural,Y
2614.0,0.0,10.0,360,1.0,Salaried,Yes,1,Not Graduate,Semiurban,Y
4887.0,4394.0,,360,1.0,Salaried,Yes,0,Graduate,Rural,Y
4136.0,1939.0,10.0,360,1.0,Salaried,Yes,1,Not Graduate,Rural,Y
3650.0,0.0,10.0,360,1.0,Salaried,No,0,Graduate,Rural,Y
2744.0,4373.0,43.0,300,1.0,Salaried,No,0,Graduate,Semiurban,Y
6346.0,1353.0,12.0,360,1.0,Salaried,Yes,0,Graduate,Urban,Y
18451.0,7219.0,84.0,360,1.0,Salaried,Yes,0,Graduate,Urban,Y
5497.0,8120.0,10.0,120,1.0,Salaried,Yes,0,Graduate,Rural,Y
10904.0,1797.0,10.0,180,1.0,Salaried,Yes,0,Graduate,Semiurban,Y
1616.0,0.0,54.0,180,1.0,Salaried,Yes,0,Not Graduate,Urban,N
5576.0,4673.0,81.0,360,0.0,Self_Employed,No,0,Not Graduate,Semiurban,Y
2043.0,2035.0,136.0,360,0.0,Self_Employed,Yes,3+,Graduate,Rural,N
1508.0,0.0,10.0,480,0.0,Salaried,Yes,2,Graduate,Semiurban,N
2720.0,0.0,44.0,360,1.0,Salaried,Yes,0,Graduate,Semiurban,Y
12753.0,1067.0,10.0,360,1.0,Salaried,No,1,Not Graduate,Semiurban,Y
10509.0,4111.0,123.0,360,,Salaried,No,1,Graduate,Urban,Y
5969.0,0.0,36.0,240,1.0,Salaried,Yes,0,Graduate,Urban,Y
1442.0,0.0,10.0,300,,Salaried,Yes,0,Graduate,Rural,Y
4201.0,0.0,46.0,360,,Salaried,Yes,3+,Graduate,Rural,Y
6256.0,0.0,10.0,240,0.0,Salaried,No,1,Not Graduate,Rural,Y
5656.0,7790.0,38.0,300,1.0,Self_Employed,No,2,Not Graduate,Semiurban,Y
1124.0,0.0,12.0,180,1.0,Salaried,No,1,Graduate,Urban,Y
2411.0,1400.0,94.0,240,1.0,Salaried,Yes,1,Graduate,Rural,N
4669.0,0.0,105.0,300,1.0,Salaried,Yes,0,Graduate,Rural,Y
7548.0,0.0,10.0,360,1.0,Salaried,Yes,1,Graduate,Rural,Y
848.0,0.0,55.0,240,,Salaried,Yes,1,Graduate,Urban,Y
4317.0,3831.0,29.0,300,0.0,Salaried,No,0,Graduate,Semiurban,N
5511.0,1652.0,10.0,180,1.0,Salaried,Yes,1,Not Graduate,Rural,Y
9698.0,0.0,,360,1.0,Salaried,Yes,1,Not Graduate,Semiurban,Y
8555.0,0.0,128.0,360,0.0,Salaried,Yes,0,Not Graduate,Semiurban,N
7833.0,0.0,38.0,360,,Salaried,No,0,Graduate,Rural,Y
2592.0,13495.0,,360,1.0,Salaried,No,2,Graduate,Rural,Y
1068.0,3058.0,,240,1.0,Salaried,Yes,3+,Graduate,Urban,Y
3589.0,0.0,10.0,180,1.0,Salaried,Yes,2,Graduate,Semiurban,Y
10952.0,1314.0,40.0,240,1.0,Salaried,Yes,0,Not Graduate,Rural,Y
14984.0,0.0,10.0,480,1.0,Self_Employed,Yes,0,Not Graduate,Urban,Y
8677.0,0.0,10.0,360,1.0,Salaried,No,0,Graduate,Rural,Y
6929.0,0.0,10.0,120,1.0,Salaried,No,1,Graduate,Rural,Y
6659.0,0.0,43.0,180,1.0,Salaried,No,2,Graduate,Rural,Y
3150.0,0.0,10.0,360,1.0,Salaried,No,2,Graduate,Urban,Y
4429.0,2159.0,18.0,240,1.0,Salaried,No,2,Graduate,Urban,Y
18681.0,0.0,52.0,360,1.0,Self_Employed,No,0,Not Graduate,Urban,Y
2312.0,839.0,22.0,360,1.0,Self_Employed,No,0,Graduate,Semiurban,Y
17887.0,0.0,101.0,360,1.0,Salaried,No,3+,Not Graduate,Urban,Y
3799.0,3485.0,10.0,360,1.0,Salaried,Yes,2,Graduate,Urban,Y
14191.0,0.0,76.0,240,1.0,Salaried,Yes,0,Graduate,Urban,Y
1595.0,1119.0,45.0,360,1.0,Salaried,Yes,0,Graduate,Semiurban,Y
7854.0,9395.0,74.0,360,1.0,Salaried,No,1,Not Graduate,Semiurban,Y
2726.0,0.0,10.0,300,1.0,Salaried,Yes,1,Graduate,Semiurban,Y
1584.0,4331.0,21.0,360,1.0,Salaried,Yes,0,Not Graduate,Urban,Y
5854.0,0.0,92.0,360,1.0,Self_Employed,Yes,0,Graduate,Rural,Y
11021.0,0.0,23.0,180,0.0,Salaried,No,1,Not Graduate,Semiurban,N
2500.0,3655.0,40.0,360,1.0,Salaried,No,0,Graduate,Urban,Y
1481.0,0.0,43.0,300,1.0,Salaried,No,3+,Graduate,Urban,N
4567.0,3322.0,10.0,360,0.0,Salaried,Yes,0,Graduate,Urban,N
4583.0,4214.0,114.0,120,1.0,Salaried,Yes,1,Graduate,Urban,N
7621.0,0.0,34.0,360,,Salaried,Yes,1,Graduate,Semiurban,Y
10506.0,0.0,52.0,180,1.0,Self_Employed,No,0,Graduate,Rural,Y
4687.0,3228.0,10.0,180,0.0,Salaried,No,0,Not Graduate,Urban,N
21686.0,0.0,97.0,360,,Salaried,No,1,Graduate,Rural,Y
5880.0,0.0,44.0,360,1.0,Salaried,Yes,0,Graduate,Rural,Y
3725.0,0.0,93.0,360,1.0,Salaried,No,0,Not Graduate,Semiurban,Y
1354.0,1185.0,10.0,360,1.0,Salaried,Yes,0,Not Graduate,Urban,Y
3983.0,0.0,10.0,360,1.0,Salaried,Yes,0,Not Graduate,Semiurban,Y
3755.0,0.0,10.0,360,1.0,Salaried,No,3+,Graduate,Rural,Y
10596.0,0.0,11.0,300,1.0,Salaried,Yes,1,Graduate,Urban,Y
7115.0,0.0,10.0,120,,Salaried,No,0,Graduate,Semiurban,Y
1913.0,0.0,70.0,240,1.0,Self_Employed,No,3+,Graduate,Rural,Y
5641.0,670.0,74.0,240,1.0,Salaried,Yes,0,Graduate,Semiurban,Y
8410.0,0.0,10.0,300,1.0,Salaried,Yes,0,Graduate,Semiurban,Y
16688.0,3359.0,,360,,Salaried,Yes,0,Graduate,Semiurban,Y
9997.0,3278.0,10.0,360,1.0,Self_Employed,No,1,Graduate,Semiurban,Y
9033.0,0.0,62.0,360,1.0,Salaried,Yes,1,Graduate,Semiurban,Y
5157.0,3859.0,99.0,480,,Salaried,Yes,0,Graduate,Semiurban,Y
6705.0,0.0,10.0,360,1.0,Salaried,No,0,Graduate,Semiurban,Y
13354.0,0.0,31.0,240,0.0,Salaried,Yes,0,Graduate,Urban,N
1692.0,1906.0,34.0,360,1.0,Salaried,Yes,1,Graduate,Rural,Y
3716.0,0.0,91.0,360,1.0,Salaried,Yes,2,Graduate,Urban,Y
2649.0,0.0,18.0,360,1.0,Salaried,Yes,0,Not Graduate,Urban,Y
6656.0,0.0,30.0,360,1.0,Salaried,Yes,1,Graduate,Urban,Y
13150.0,0.0,32.0,180,1.0,Salaried,No,1,Graduate,Rural,N
3049.0,2336.0,10.0,360,1.0,Salaried,Yes,1,Not Graduate,Semiurban,Y
726.0,0.0,10.0,300,1.0,Salaried,No,0,Graduate,Semiurban,N
3534.0,0.0,10.0,300,1.0,Salaried,Yes,0,Graduate,Rural,Y
10206.0,2617.0,,360,0.0,Salaried,No,1,Graduate,Rural,Y
7556.0,0.0,10.0,180,1.0,Salaried,No,2,Graduate,Semiurban,Y
6923.0,0.0,10.0,480,1.0,Salaried,Yes,0,Graduate,Semiurban,Y
3928.0,1889.0,10.0,120,0.0,Salaried,Yes,0,Graduate,Rural,N
1767.0,2779.0,10.0,360,1.0,Salaried,Yes,0,Graduate,Urban,Y
7422.0,0.0,104.0,360,1.0,Salaried,No,0,Graduate,Semiurban,N
2521.0,4256.0,10.0,360,1.0,Salaried,Yes,0,Graduate,Rural,Y
28206.0,0.0,47.0,240,1.0,Salaried,Yes,0,Not Graduate,Semiurban,Y
7757.0,864.0,29.0,360,1.0,Salaried,Yes,0,Graduate,Urban,Y
3089.0,0.0,95.0,360,1.0,Self_Employed,Yes,0,Graduate,Urban,Y
3014.0,1275.0,10.0,180,1.0,Self_Employed,No,1,Not Graduate,Rural,Y
4563.0,4694.0,10.0,180,1.0,Salaried,No,0,Graduate,Urban,Y
4058.0,0.0,10.0,300,1.0,Self_Employed,Yes,1,Graduate,Rural,Y
12010.0,0.0,40.0,240,,Salaried,Yes,0,Graduate,Urban,Y
5705.0,0.0,42.0,180,1.0,Salaried,Yes,0,Graduate,Semiurban,Y
2737.0,0.0,,360,1.0,Salaried,Yes,0,Graduate,Semiurban,Y
22300.0,21803.0,10.0,240,1.0,Salaried,No,1,Graduate,Semiurban,Y
5113.0,2453.0,10.0,360,1.0,Self_Employed,Yes,2,Graduate,Urban,Y
9091.0,0.0,10.0,360,1.0,Salaried,No,0,Not Graduate,Urban,Y
3021.0,0.0,44.0,360,1.0,Salaried,Yes,0,Graduate,Semiurban,N
6571.0,0.0,10.0,180,1.0,Salaried,No,0,Graduate,Semiurban,Y
6304.0,1665.0,10.0,360,1.0,Self_Employed,No,1,Not Graduate,Semiurban,Y
1084.0,0.0,10.0,300,1.0,Salaried,No,0,Graduate,Urban,Y
24642.0,1346.0,88.0,300,1.0,Self_Employed,Yes,1,Graduate,Urban,Y
13801.0,0.0,57.0,300,,Salaried,Yes,1,Not Graduate,Semiurban,Y
3577.0,0.0,51.0,360,0.0,Salaried,No,2,Graduate,Urban,N
2035.0,490.0,76.0,360,1.0,Salaried,No,3+,Graduate,Urban,Y
6490.0,0.0,10.0,180,1.0,Salaried,Yes,3+,Graduate,Semiurban,Y
5268.0,2902.0,10.0,360,1.0,Self_Employed,Yes,1,Not Graduate,Semiurban,Y
6532.0,0.0,10.0,300,1.0,Salaried,No,2,Graduate,Urban,Y
5729.0,3871.0,10.0,480,1.0,Salaried,No,0,Graduate,Urban,Y
7369.0,0.0,10.0,480,1.0,Self_Employed,Yes,0,Graduate,Rural,Y
15644.0,626.0,24.0,300,1.0,Salaried,Yes,0,Graduate,Rural,Y
7743.0,0.0,60.0,300,0.0,Salaried,No,3+,Graduate,Urban,N
2122.0,0.0,10.0,360,1.0,Salaried,No,1,Graduate,Semiurban,Y
14619.0,0.0,18.0,360,1.0,Salaried,Yes,0,Graduate,Rural,Y
18260.0,2963.0,20.0,240,1.0,Salaried,Yes,1,Graduate,Rural,Y
61184.0,0.0,84.0,360,,Salaried,No,0,Graduate,Urban,Y
2001.0,1179.0,55.0,300,1.0,Self_Employed,Yes,0,Graduate,Rural,Y
5969.0,0.0,10.0,360,0.0,Self_Employed,Yes,0,Graduate,Semiurban,Y
929.0,4938.0,10.0,300,1.0,Salaried,Yes,0,Graduate,Urban,Y
7650.0,0.0,52.0,360,0.0,Self_Employed,Yes,0,Not Graduate,Semiurban,N
3170.0,7524.0,,360,1.0,Salaried,Yes,1,Graduate,Semiurban,Y
22897.0,3182.0,10.0,360,1.0,Salaried,Yes,1,Graduate,Urban,Y
2645.0,3922.0,62.0,360,1.0,Salaried,No,0,Graduate,Urban,Y
1272.0,0.0,10.0,360,1.0,Salaried,Yes,0,Graduate,Rural,Y
3371.0,7278.0,14.0,180,1.0,Salaried,Yes,2,Not Graduate,Rural,Y
1012.0,0.0,13.0,240,1.0,Self_Employed,Yes,3+,Graduate,Urban,N
8963.0,0.0,53.0,240,1.0,Salaried,Yes,2,Graduate,Semiurban,Y
942.0,0.0,24.0,180,1.0,Salaried,No,0,Graduate,Urban,N
5028.0,0.0,10.0,360,1.0,Self_Employed,No,0,Not Graduate,Semiurban,Y
932.0,11949.0,10.0,300,1.0,Salaried,No,0,Graduate,Rural,Y
3804.0,0.0,30.0,180,1.0,Self_Employed,Yes,0,Not Graduate,Urban,N
18301.0,4711.0,56.0,360,1.0,Salaried,Yes,1,Graduate,Urban,Y
6559.0,0.0,106.0,360,1.0,Salaried,Yes,0,Graduate,Rural,Y
2463.0,13127.0,59.0,360,1.0,Salaried,Yes,3+,Graduate,Semiurban,Y
4794.0,0.0,10.0,240,1.0,Self_Employed,Yes,2,Not Graduate,Semiurban,Y
4986.0,6108.0,10.0,240,0.0,Self_Employed,Yes,0,Graduate,Rural,N
7173.0,0.0,18.0,360,0.0,Salaried,No,1,Graduate,Rural,Y
1647.0,1933.0,,360,1.0,Salaried,No,0,Graduate,Semiurban,Y
7896.0,0.0,80.0,240,1.0,Salaried,Yes,1,Not Graduate,Urban,Y
565.0,6120.0,10.0,360,1.0,Salaried,Yes,2,Graduate,Semiurban,Y
2969.0,0.0,10.0,480,0.0,Salaried,No,0,Not Graduate,Semiurban,N
3326.0,0.0,10.0,360,1.0,Salaried,Yes,1,Graduate,Urban,Y
8157.0,0.0,21.0,360,0.0,Salaried,Yes,0,Graduate,Urban,Y
5005.0,0.0,,360,0.0,Self_Employed,Yes,0,Graduate,Urban,N
1596.0,0.0,30.0,360,1.0,Salaried,Yes,1,Graduate,Urban,N
2235.0,0.0,10.0,360,1.0,Self_Employed,Yes,0,Graduate,Semiurban,Y
5761.0,0.0,10.0,360,1.0,Salaried,Yes,0,Graduate,Urban,Y
4614.0,0.0,10.0,360,1.0,Self_Employed,Yes,0,Graduate,Semiurban,Y
3092.0,0.0,,360,1.0,Salaried,No,0,Graduate,Urban,Y
3345.0,3586.0,,480,1.0,Salaried,Yes,1,Graduate,Rural,Y
8578.0,0.0,43.0,360,1.0,Salaried,Yes,3+,Graduate,Semiurban,Y
3248.0,0.0,40.0,360,1.0,Salaried,Yes,0,Graduate,Urban,N
4580.0,5338.0,74.0,360,1.0,Salaried,Yes,0,Graduate,Rural,Y
27888.0,0.0,68.0,360,0.0,Salaried,Yes,0,Not Graduate,Semiurban,N
1573.0,3505.0,10.0,360,1.0,Salaried,Yes,0,Not Graduate,Semiurban,Y
1117.0,6651.0,10.0,120,1.0,Salaried,Yes,0,Graduate,Rural,Y
9199.0,0.0,22.0,360,1.0,Salaried,Yes,1,Graduate,Semiurban,Y
2856.0,0.0,13.0,360,1.0,Salaried,No,2,Graduate,Rural,Y
3810.0,0.0,55.0,360,1.0,Salaried,Yes,2,Graduate,Urban,N
2631.0,0.0,10.0,360,1.0,Salaried,Yes,0,Graduate,Semiurban,Y
3992.0,0.0,16.0,120,1.0,Salaried,No,0,Graduate,Urban,Y
17656.0,1216.0,74.0,360,1.0,Salaried,No,0,Not Graduate,Rural,Y
9337.0,2835.0,10.0,360,1.0,Salaried,No,0,Graduate,Urban,Y
9796.0,0.0,33.0,360,1.0,Salaried,No,1,Graduate,Urban,Y
1583.0,5185.0,76.0,240,1.0,Salaried,Yes,0,Graduate,Rural,N
1957.0,0.0,10.0,360,1.0,Salaried,Yes,0,Graduate,Urban,Y
507.0,0.0,10.0,360,1.0,Salaried,No,0,Graduate,Urban,N
2572.0,1669.0,10.0,360,1.0,Salaried,No,3+,Graduate,Semiurban,Y
10566.0,0.0,98.0,360,1.0,Salaried,Yes,0,Graduate,Rural,Y
7432.0,0.0,10.0,120,1.0,Self_Employed,No,2,Not Graduate,Semiurban,Y
4117.0,0.0,97.0,360,1.0,Salaried,Yes,0,Graduate,Urban,N
4828.0,0.0,10.0,360,1.0,Salaried,Yes,1,Not Graduate,Semiurban,Y
2832.0,0.0,10.0,360,1.0,Salaried,Yes,0,Graduate,Semiurban,Y
5790.0,7407.0,,360,0.0,Salaried,Yes,1,Not Graduate,Rural,N
9070.0,0.0,65.0,360,0.0,Self_Employed,No,2,Graduate,Semiurban,N
1349.0,0.0,10.0,480,1.0,Salaried,No,0,Not Graduate,Semiurban,Y
6246.0,0.0,10.0,360,1.0,Salaried,Yes,0,Not Graduate,Semiurban,Y
10362.0,0.0,36.0,360,1.0,Salaried,Yes,0,Graduate,Semiurban,Y
3526.0,0.0,125.0,360,0.0,Self_Employed,Yes,1,Graduate,Semiurban,N
8609.0,8778.0,103.0,360,1.0,Salaried,Yes,1,Not Graduate,Urban,Y
46710.0,0.0,73.0,360,0.0,Salaried,Yes,1,Graduate,Urban,N
4521.0,0.0,10.0,360,1.0,Self_Employed,Yes,1,Graduate,Urban,Y
6732.0,4312.0,36.0,360,1.0,Self_Employed,Yes,0,Not Graduate,Semiurban,Y
2723.0,965.0,25.0,300,1.0,Self_Employed,Yes,1,Graduate,Urban,Y
5682.0,0.0,10.0,240,1.0,Salaried,No,0,Graduate,Urban,Y
7103.0,0.0,10.0,360,1.0,Salaried,No,0,Graduate,Rural,Y
5744.0,0.0,27.0,360,0.0,Salaried,Yes,0,Not Graduate,Urban,N
2174.0,0.0,,240,,Salaried,Yes,1,Not Graduate,Rural,Y
5797.0,0.0,100.0,360,1.0,Self_Employed,No,2,Graduate,Rural,Y
15831.0,0.0,125.0,360,1.0,Salaried,No,1,Graduate,Semiurban,Y
7037.0,0.0,57.0,360,1.0,Salaried,Yes,0,Graduate,Urban,Y
10610.0,6342.0,41.0,360,1.0,Salaried,Yes,0,Graduate,Urban,Y
4066.0,0.0,10.0,180,1.0,Salaried,Yes,0,Graduate,Rural,Y
8955.0,0.0,20.0,360,1.0,Self_Employed,Yes,0,Not Graduate,Rural,Y
6145.0,0.0,95.0,300,1.0,Self_Employed,Yes,1,Graduate,Rural,Y
2297.0,0.0,48.0,360,1.0,Salaried,Yes,0,Graduate,Rural,Y
6341.0,0.0,27.0,360,0.0,Self_Employed,No,0,Graduate,Urban,N
2223.0,881.0,51.0,360,1.0,Salaried,Yes,1,Not Graduate,Semiurban,Y
2962.0,6327.0,39.0,360,1.0,Salaried,No,0,Graduate,Rural,Y
5719.0,2347.0,28.0,240,1.0,Salaried,Yes,1,Graduate,Urban,Y
6234.0,2496.0,,240,1.0,Salaried,Yes,1,Not Graduate,Semiurban,Y
1898.0,0.0,30.0,360,1.0,Salaried,Yes,2,Graduate,Urban,N
11421.0,6058.0,85.0,360,,Salaried,No,0,Graduate,Urban,Y
7767.0,2629.0,26.0,360,1.0,Salaried,Yes,0,Graduate,Urban,Y
2797.0,0.0,10.0,240,1.0,Salaried,Yes,2,Graduate,Urban,Y
1436.0,0.0,10.0,180,1.0,Salaried,Yes,0,Graduate,Semiurban,Y
4377.0,6268.0,10.0,360,,Salaried,Yes,2,Graduate,Semiurban,Y
3440.0,0.0,10.0,360,1.0,Salaried,Yes,0,Graduate,Urban,Y
5380.0,0.0,10.0,180,1.0,Salaried,Yes,1,Graduate,Rural,Y
3676.0,1977.0,10.0,360,1.0,Salaried,Yes,0,Not Graduate,Rural,Y
986.0,3761.0,10.0,240,1.0,Self_Employed,Yes,0,Not Graduate,Urban,Y
3602.0,0.0,88.0,360,,Self_Employed,No,2,Graduate,Urban,N
3849.0,0.0,10.0,300,1.0,Self_Employed,Yes,1,Not Graduate,Urban,Y
8159.0,0.0,,360,,Salaried,Yes,1,Not Graduate,Semiurban,Y
2811.0,7082.0,24.0,240,,Salaried,Yes,0,Graduate,Semiurban,Y
18825.0,0.0,138.0,360,,Salaried,No,3+,Graduate,Semiurban,Y
1065.0,0.0,10.0,480,1.0,Salaried,Yes,1,Not Graduate,Urban,Y
14030.0,10981.0,18.0,300,1.0,Salaried,Yes,0,Not Graduate,Semiurban,Y
4107.0,0.0,10.0,360,1.0,Salaried,Yes,0,Graduate,Rural,Y
9776.0,0.0,90.0,300,1.0,Salaried,No,0,Not Graduate,Urban,Y
5239.0,7608.0,93.0,180,0.0,Salaried,Yes,0,Graduate,Semiurban,N
12230.0,0.0,,360,1.0,Salaried,No,3+,Graduate,Urban,Y
3605.0,0.0,68.0,360,1.0,Salaried,No,0,Graduate,Urban,Y
2041.0,10062.0,39.0,360,,Salaried,Yes,0,Graduate,Semiurban,Y
15312.0,0.0,44.0,360,1.0,Salaried,Yes,0,Graduate,Semiurban,Y
4488.0,1166.0,79.0,360,1.0,Salaried,No,0,Graduate,Semiurban,Y
5868.0,0.0,42.0,360,1.0,Salaried,Yes,0,Graduate,Urban,Y
13198.0,6889.0,10.0,360,1.0,Salaried,Yes,0,Graduate,Semiurban,Y
2153.0,4034.0,64.0,240,1.0,Salaried,Yes,0,Graduate,Urban,Y
7914.0,0.0,10.0,300,1.0,Self_Employed,Yes,1,Graduate,Semiurban,Y
3066.0,0.0,10.0,360,1.0,Self_Employed,Yes,0,Not Graduate,Rural,N
4422.0,0.0,57.0,360,1.0,Self_Employed,No,3+,Graduate,Semiurban,N
5207.0,9008.0,26.0,300,1.0,Self_Employed,No,0,Graduate,Urban,Y
1480.0,3523.0,25.0,360,1.0,Salaried,Yes,0,Graduate,Rural,Y
2636.0,0.0,39.0,240,,Self_Employed,Yes,3+,Not Graduate,Semiurban,Y
14485.0,0.0,,240,1.0,Salaried,No,0,Graduate,Rural,Y
9986.0,2940.0,49.0,360,1.0,Self_Employed,Yes,0,Graduate,Semiurban,Y
4675.0,0.0,74.0,360,,Salaried,No,0,Not Graduate,Semiurban,Y
5970.0,0.0,10.0,360,1.0,Self_Employed,Yes,1,Graduate,Semiurban,Y
3884.0,0.0,30.0,300,1.0,Salaried,No,0,Graduate,Urban,Y
14549.0,0.0,10.0,360,1.0,Salaried,Yes,1,Graduate,Semiurban,Y
4187.0,4303.0,81.0,180,1.0,Salaried,Yes,0,Graduate,Semiurban,Y
5916.0,0.0,70.0,360,1.0,Salaried,Yes,0,Graduate,Semiurban,Y
12293.0,4126.0,29.0,360,1.0,Self_Employed,Yes,2,Graduate,Semiurban,Y
2639.0,0.0,117.0,360,1.0,Salaried,No,0,Not Graduate,Semiurban,N
17103.0,0.0,98.0,360,1.0,Salaried,No,0,Not Graduate,Urban,Y
1445.0,0.0,39.0,360,0.0,Salaried,No,1,Not Graduate,Urban,N
18101.0,0.0,83.0,300,0.0,Self_Employed,Yes,3+,Graduate,Urban,N
3648.0,0.0,57.0,300,1.0,Self_Employed,No,1,Graduate,Rural,N
4047.0,0.0,,300,,Salaried,Yes,0,Graduate,Urban,Y
1084.0,0.0,11.0,120,1.0,Salaried,No,3+,Graduate,Urban,Y
3416.0,0.0,25.0,360,0.0,Salaried,Yes,0,Graduate,Urban,N
2139.0,0.0,10.0,180,,Salaried,Yes,3+,Graduate,Semiurban,Y
3023.0,4861.0,49.0,360,1.0,Self_Employed,No,0,Graduate,Semiurban,Y
4403.0,4114.0,82.0,360,1.0,Self_Employed,No,3+,Not Graduate,Urban,Y
10575.0,2996.0,10.0,360,1.0,Salaried,No,0,Graduate,Semiurban,Y
5803.0,0.0,17.0,360,1.0,Salaried,Yes,1,Graduate,Semiurban,Y
6286.0,0.0,10.0,360,0.0,Salaried,No,1,Graduate,Rural,Y
2046.0,0.0,10.0,300,0.0,Salaried,No,1,Graduate,Urban,N
2429.0,0.0,45.0,360,,Salaried,No,2,Graduate,Semiurban,N
20723.0,0.0,42.0,300,,Salaried,Yes,0,Graduate,Urban,Y
2729.0,6128.0,22.0,360,1.0,Salaried,No,0,Graduate,Semiurban,Y
18490.0,2299.0,18.0,240,1.0,Salaried,Yes,0,Graduate,Semiurban,Y
4046.0,0.0,10.0,300,1.0,Salaried,Yes,1,Not Graduate,Semiurban,Y
4924.0,1766.0,63.0,360,,Self_Employed,Yes,1,Graduate,Urban,Y
11571.0,0.0,12.0,360,1.0,Salaried,No,0,Not Graduate,Rural,Y
13596.0,0.0,26.0,360,1.0,Salaried,Yes,0,Not Graduate,Urban,Y
4498.0,0.0,17.0,240,1.0,Salaried,Yes,0,Graduate,Rural,Y
3603.0,0.0,10.0,180,1.0,Salaried,No,1,Graduate,Rural,Y
4700.0,0.0,36.0,300,0.0,Salaried,Yes,2,Graduate,Semiurban,Y
6441.0,11612.0,10.0,360,1.0,Self_Employed,Yes,0,Graduate,Rural,Y
10027.0,0.0,10.0,360,1.0,Salaried,No,3+,Graduate,Urban,Y
4931.0,0.0,10.0,360,0.0,Self_Employed,Yes,3+,Graduate,Rural,N
8064.0,4088.0,22.0,360,1.0,Self_Employed,Yes,0,Graduate,Rural,Y
18228.0,1345.0,30.0,360,1.0,Self_Employed,Yes,0,Graduate,Semiurban,Y
6668.0,0.0,10.0,360,1.0,Salaried,Yes,1,Graduate,Semiurban,Y
6306.0,4656.0,10.0,240,1.0,Self_Employed,Yes,1,Not Graduate,Semiurban,Y
1458.0,8874.0,86.0,360,1.0,Salaried,No,1,Graduate,Rural,Y
599.0,0.0,44.0,360,0.0,Self_Employed,No,0,Graduate,Urban,N
6706.0,0.0,10.0,240,1.0,Salaried,Yes,0,Graduate,Semiurban,Y
4556.0,3064.0,10.0,360,1.0,Salaried,Yes,0,Not Graduate,Rural,Y
3256.0,3586.0,10.0,300,1.0,Salaried,Yes,0,Not Graduate,Rural,Y
5972.0,0.0,10.0,240,1.0,Salaried,Yes,1,Graduate,Semiurban,Y
4683.0,3221.0,10.0,360,1.0,Salaried,No,0,Graduate,Semiurban,Y
12115.0,0.0,10.0,300,1.0,Salaried,Yes,2,Graduate,Rural,Y
5265.0,0.0,55.0,240,1.0,Salaried,No,0,Graduate,Semiurban,Y
2704.0,672.0,24.0,360,1.0,Salaried,No,0,Graduate,Rural,Y
10852.0,816.0,115.0,360,1.0,Salaried,No,2,Graduate,Semiurban,Y
4131.0,5287.0,10.0,180,1.0,Self_Employed,Yes,0,Graduate,Urban,Y
7489.0,2033.0,10.0,180,1.0,Salaried,Yes,0,Not Graduate,Semiurban,Y
3355.0,1493.0,10.0,360,1.0,Salaried,Yes,3+,Not Graduate,Rural,Y
2922.0,0.0,10.0,360,1.0,Salaried,No,0,Graduate,Rural,Y
5257.0,3749.0,10.0,360,1.0,Salaried,Yes,0,Not Graduate,Urban,Y
4965.0,0.0,28.0,180,0.0,Salaried,Yes,0,Graduate,Rural,Y
7215.0,0.0,26.0,180,1.0,Salaried,No,2,Graduate,Semiurban,Y
3964.0,19453.0,38.0,180,0.0,Salaried,Yes,1,Not Graduate,Urban,N
1131.0,1952.0,69.0,360,1.0,Salaried,Yes,0,Graduate,Rural,Y
3476.0,10109.0,122.0,360,0.0,Salaried,Yes,2,Not Graduate,Urban,N
9275.0,2856.0,85.0,360,1.0,Salaried,Yes,0,Graduate,Rural,Y
3874.0,0.0,36.0,360,1.0,Salaried,No,3+,Not Graduate,Urban,Y
4036.0,4180.0,63.0,360,0.0,Self_Employed,Yes,0,Not Graduate,Semiurban,N
10819.0,0.0,116.0,480,1.0,Salaried,Yes,0,Graduate,Urban,Y
2781.0,0.0,43.0,180,0.0,Salaried,No,0,Graduate,Urban,N
1430.0,0.0,10.0,180,1.0,Salaried,Yes,0,Not Graduate,Urban,Y
4322.0,0.0,33.0,240,1.0,Salaried,Yes,0,Graduate,Semiurban,Y
3336.0,0.0,38.0,120,1.0,Salaried,Yes,0,Graduate,Semiurban,Y
2269.0,529.0,10.0,360,1.0,Self_Employed,No,0,Graduate,Urban,Y
4271.0,6230.0,10.0,300,1.0,Self_Employed,No,0,Graduate,Urban,Y
7282.0,0.0,72.0,360,0.0,Salaried,Yes,3+,Not Graduate,Semiurban,N
4878.0,1174.0,10.0,300,1.0,Salaried,Yes,0,Graduate,Rural,Y
6283.0,0.0,,240,1.0,Salaried,No,0,Graduate,Rural,Y
20967.0,0.0,44.0,240,1.0,Salaried,Yes,1,Graduate,Semiurban,Y
3736.0,0.0,24.0,300,1.0,Self_Employed,Yes,1,Graduate,Semiurban,Y
6141.0,0.0,10.0,360,1.0,Salaried,Yes,2,Graduate,Rural,Y
3270.0,0.0,10.0,480,1.0,Salaried,No,2,Graduate,Rural,Y
2497.0,0.0,61.0,360,1.0,Salaried,No,3+,Not Graduate,Urban,N
3078.0,0.0,12.0,360,1.0,Salaried,No,2,Graduate,Semiurban,Y
3351.0,0.0,55.0,120,1.0,Salaried,No,2,Graduate,Rural,N
6552.0,0.0,10.0,360,1.0,Self_Employed,No,0,Graduate,Rural,Y
32185.0,0.0,44.0,120,1.0,Salaried,Yes,1,Graduate,Semiurban,Y
2772.0,0.0,49.0,360,1.0,Salaried,Yes,0,Graduate,Semiurban,Y
3522.0,0.0,27.0,360,1.0,Salaried,No,0,Graduate,Semiurban,Y
4673.0,0.0,10.0,240,1.0,Salaried,Yes,0,Graduate,Rural,Y
6746.0,0.0,10.0,360,1.0,Salaried,No,0,Graduate,Urban,Y
6068.0,3012.0,110.0,480,,Salaried,No,0,Graduate,Semiurban,Y
13729.0,0.0,10.0,300,0.0,Salaried,Yes,0,Graduate,Semiurban,Y
705.0,4030.0,53.0,240,1.0,Self_Employed,Yes,0,Graduate,Rural,Y
728.0,0.0,10.0,180,1.0,Salaried,Yes,0,Graduate,Semiurban,Y
3305.0,0.0,10.0,360,1.0,Salaried,Yes,3+,Not Graduate,Semiurban,Y
11823.0,0.0,44.0,180,1.0,Salaried,No,0,Graduate,Urban,Y
1405.0,2164.0,10.0,360,1.0,Salaried,Yes,0,Graduate,Rural,N
443.0,0.0,,360,1.0,Self_Employed,No,0,Graduate,Rural,Y
7762.0,0.0,14.0,360,1.0,Self_Employed,Yes,2,Graduate,Rural,Y
5973.0,1581.0,10.0,180,1.0,Salaried,No,3+,Graduate,Urban,Y
2055.0,7440.0,61.0,360,1.0,Salaried,Yes,2,Graduate,Semiurban,Y
2234.0,0.0,10.0,180,1.0,Salaried,Yes,0,Graduate,Urban,Y
2262.0,0.0,35.0,360,1.0,Salaried,Yes,0,Graduate,Semiurban,Y
5369.0,1229.0,10.0,360,1.0,Salaried,Yes,3+,Graduate,Urban,Y
2978.0,0.0,10.0,360,,Self_Employed,No,0,Graduate,Rural,Y
7297.0,0.0,10.0,360,1.0,Salaried,No,0,Not Graduate,Urban,Y
501.0,0.0,96.0,360,1.0,Salaried,Yes,0,Graduate,Semiurban,Y
2476.0,0.0,10.0,240,1.0,Salaried,Yes,3+,Not Graduate,Urban,Y
1997.0,0.0,10.0,360,1.0,Self_Employed,No,0,Graduate,Semiurban,Y
4004.0,0.0,10.0,120,0.0,Salaried,No,3+,Graduate,Semiurban,Y
3196.0,0.0,87.0,300,1.0,Self_Employed,Yes,0,Graduate,Semiurban,N
9305.0,1583.0,49.0,240,1.0,Salaried,Yes,2,Graduate,Urban,Y
1110.0,1684.0,15.0,360,1.0,Salaried,Yes,0,Graduate,Urban,Y
5097.0,0.0,90.0,360,1.0,Salaried,Yes,0,Graduate,Semiurban,Y
7682.0,0.0,19.0,360,0.0,Salaried,Yes,1,Graduate,Rural,Y
21705.0,0.0,84.0,360,1.0,Self_Employed,Yes,0,Graduate,Semiurban,Y
3343.0,0.0,10.0,360,1.0,Salaried,Yes,1,Not Graduate,Rural,Y
6371.0,0.0,50.0,360,1.0,Salaried,Yes,3+,Graduate,Rural,Y
1161.0,0.0,10.0,240,1.0,Salaried,Yes,0,Graduate,Semiurban,Y
725.0,1978.0,10.0,360,1.0,Salaried,Yes,0,Graduate,Semiurban,Y
9661.0,0.0,68.0,360,1.0,Self_Employed,Yes,1,Not Graduate,Semiurban,Y
4893.0,4713.0,25.0,360,1.0,Salaried,Yes,2,Graduate,Rural,Y
12617.0,0.0,10.0,120,0.0,Salaried,Yes,2,Graduate,Semiurban,Y
1638.0,2591.0,10.0,240,0.0,Salaried,Yes,0,Not Graduate,Rural,N
7450.0,0.0,84.0,360,,Salaried,No,1,Graduate,Urban,Y
21918.0,1973.0,24.0,240,1.0,Salaried,Yes,0,Graduate,Semiurban,Y
6876.0,3512.0,65.0,360,1.0,Salaried,No,0,Graduate,Semiurban,Y
6132.0,3539.0,39.0,240,1.0,Salaried,Yes,1,Graduate,Urban,Y
4949.0,0.0,10.0,180,1.0,Self_Employed,Yes,2,Graduate,Urban,Y
1399.0,0.0,66.0,240,1.0,Salaried,Yes,0,Graduate,Semiurban,Y
14537.0,0.0,51.0,360,1.0,Salaried,Yes,1,Graduate,Urban,Y
3015.0,0.0,72.0,360,1.0,Salaried,Yes,0,Not Graduate,Semiurban,Y
7358.0,0.0,10.0,300,0.0,Salaried,Yes,0,Graduate,Semiurban,Y
1408.0,0.0,38.0,300,,Salaried,Yes,2,Graduate,Urban,Y
1913.0,0.0,10.0,360,1.0,Salaried,Yes,0,Not Graduate,Urban,Y
15492.0,5429.0,27.0,300,1.0,Salaried,No,0,Graduate,Rural,Y
3723.0,2952.0,10.0,360,0.0,Salaried,Yes,2,Graduate,Urban,N
15719.0,0.0,29.0,300,0.0,Salaried,No,1,Graduate,Urban,N
4617.0,0.0,29.0,360,1.0,Salaried,Yes,1,Graduate,Urban,Y
1126.0,0.0,10.0,360,1.0,Self_Employed,Yes,3+,Graduate,Urban,Y
10033.0,0.0,64.0,360,1.0,Self_Employed,No,0,Graduate,Semiurban,Y
3066.0,1477.0,10.0,360,1.0,Salaried,Yes,0,Graduate,Urban,Y
8595.0,0.0,73.0,240,1.0,Salaried,No,1,Graduate,Semiurban,N
5015.0,0.0,80.0,180,,Salaried,Yes,0,Graduate,Semiurban,Y
1430.0,0.0,54.0,360,1.0,Salaried,Yes,2,Graduate,Semiurban,Y
5605.0,0.0,10.0,360,1.0,Self_Employed,Yes,1,Graduate,Semiurban,Y
28481.0,0.0,10.0,120,1.0,Salaried,Yes,1,Graduate,Rural,Y
7291.0,0.0,45.0,360,1.0,Salaried,Yes,2,Graduate,Rural,Y
4694.0,8287.0,10.0,360,1.0,Salaried,Yes,0,Graduate,Semiurban,Y
11618.0,1944.0,10.0,360,1.0,Salaried,Yes,1,Graduate,Urban,Y
5817.0,0.0,10.0,120,1.0,Salaried,Yes,2,Graduate,Semiurban,Y
5812.0,0.0,78.0,360,1.0,Salaried,Yes,2,Graduate,Semiurban,N
2052.0,1182.0,10.0,240,1.0,Self_Employed,No,0,Graduate,Urban,Y
5926.0,0.0,36.0,360,,Salaried,Yes,0,Graduate,Urban,N
11253.0,0.0,,120,1.0,Self_Employed,No,0,Graduate,Rural,Y
2518.0,0.0,10.0,360,0.0,Salaried,Yes,2,Graduate,Semiurban,N
15361.0,7185.0,,120,1.0,Salaried,Yes,0,Graduate,Urban,Y
4567.0,0.0,86.0,240,1.0,Self_Employed,Yes,1,Not Graduate,Semiurban,N
2416.0,0.0,10.0,240,1.0,Salaried,No,0,Graduate,Urban,Y
10917.0,0.0,20.0,240,,Salaried,No,1,Graduate,Urban,Y
3907.0,0.0,37.0,360,1.0,Salaried,Yes,0,Graduate,Semiurban,Y
9024.0,2019.0,70.0,240,1.0,Self_Employed,Yes,3+,Graduate,Semiurban,Y
3892.0,0.0,10.0,480,1.0,Self_Employed,Yes,2,Not Graduate,Rural,N
4685.0,4067.0,10.0,360,1.0,Salaried,No,0,Graduate,Rural,Y
7294.0,7008.0,,360,1.0,Salaried,Yes,1,Not Graduate,Urban,Y
6203.0,0.0,10.0,240,0.0,Salaried,No,1,Graduate,Urban,N
996.0,0.0,10.0,360,1.0,Salaried,Yes,2,Not Graduate,Semiurban,Y
2004.0,0.0,40.0,180,0.0,Salaried,No,2,Not Graduate,Urban,N
10337.0,8146.0,22.0,360,1.0,Self_Employed,Yes,3+,Not Graduate,Rural,Y
4422.0,0.0,,300,1.0,Salaried,No,0,Graduate,Urban,Y
3233.0,0.0,10.0,360,0.0,Self_Employed,Yes,0,Not Graduate,Urban,N
1658.0,0.0,10.0,300,1.0,Salaried,Yes,1,Graduate,Semiurban,Y
2072.0,0.0,83.0,480,1.0,Salaried,Yes,2,Graduate,Urban,Y
975.0,0.0,67.0,240,1.0,Salaried,Yes,0,Graduate,Semiurban,Y
4532.0,0.0,93.0,120,,Salaried,Yes,0,Graduate,Rural,Y
3045.0,1978.0,46.0,360,1.0,Salaried,No,2,Graduate,Semiurban,Y
2268.0,4619.0,20.0,480,1.0,Salaried,No,2,Not Graduate,Rural,Y
4654.0,969.0,95.0,360,0.0,Salaried,Yes,0,Not Graduate,Semiurban,N
6576.0,0.0,10.0,180,1.0,Salaried,Yes,2,Graduate,Semiurban,Y
26227.0,0.0,,360,1.0,Self_Employed,No,0,Graduate,Urban,Y
1466.0,0.0,10.0,360,1.0,Salaried,Yes,0,Graduate,Semiurban,Y
12425.0,7459.0,91.0,120,0.0,Self_Employed,No,0,Graduate,Semiurban,N
10705.0,5460.0,10.0,240,1.0,Salaried,Yes,2,Graduate,Semiurban,Y
2635.0,656.0,10.0,360,0.0,Salaried,No,1,Graduate,Urban,Y
5782.0,5680.0,10.0,360,,Salaried,Yes,0,Not Graduate,Semiurban,Y
3408.0,0.0,28.0,360,1.0,Salaried,Yes,0,Graduate,Semiurban,Y
5702.0,0.0,10.0,480,1.0,Salaried,Yes,1,Not Graduate,Urban,Y
16437.0,0.0,10.0,180,0.0,Salaried,No,1,Graduate,Rural,N
7978.0,0.0,81.0,360,1.0,Salaried,Yes,3+,Graduate,Rural,Y
7383.0,0.0,81.0,360,1.0,Self_Employed,No,2,Graduate,Urban,Y
3483.0,0.0,31.0,360,1.0,Salaried,Yes,0,Graduate,Semiurban,Y
1499.0,2975.0,23.0,360,1.0,Salaried,No,1,Graduate,Rural,Y
4160.0,0.0,10.0,360,1.0,Salaried,Yes,0,Graduate,Semiurban,Y
12904.0,0.0,10.0,300,1.0,Self_Employed,Yes,3+,Graduate,Rural,Y
1448.0,0.0,10.0,120,1.0,Self_Employed,No,0,Graduate,Urban,Y
2113.0,7373.0,10.0,300,1.0,Salaried,No,0,Not Graduate,Urban,Y
5437.0,994.0,29.0,360,1.0,Salaried,No,0,Not Graduate,Urban,Y
2236.0,2057.0,17.0,240,1.0,Salaried,No,0,Graduate,Rural,Y
2607.0,0.0,10.0,360,1.0,Salaried,Yes,0,Graduate,Urban,Y
3502.0,0.0,88.0,240,,Salaried,Yes,0,Graduate,Rural,N
1648.0,0.0,36.0,120,1.0,Salaried,Yes,0,Graduate,Urban,Y
2255.0,0.0,38.0,360,1.0,Salaried,Yes,0,Not Graduate,Urban,N
8628.0,2531.0,10.0,360,1.0,Salaried,Yes,2,Graduate,Urban,Y
1727.0,0.0,10.0,300,0.0,Self_Employed,No,0,Graduate,Semiurban,N
1369.0,0.0,33.0,360,1.0,Salaried,Yes,3+,Graduate,Urban,Y
2969.0,0.0,12.0,360,0.0,Salaried,Yes,0,Graduate,Rural,Y
8827.0,0.0,98.0,240,1.0,Self_Employed,Yes,0,Graduate,Rural,Y
4198.0,4577.0,12.0,180,1.0,Salaried,Yes,1,Graduate,Urban,Y
3389.0,2813.0,10.0,360,1.0,Salaried,Yes,0,Graduate,Semiurban,Y
5092.0,0.0,41.0,300,1.0,Self_Employed,Yes,0,Not Graduate,Semiurban,Y
1216.0,0.0,10.0,360,0.0,Salaried,No,3+,Not Graduate,Rural,N
7301.0,0.0,70.0,360,1.0,Salaried,Yes,0,Graduate,Urban,Y
6679.0,0.0,10.0,300,1.0,Salaried,No,0,Graduate,Semiurban,Y
3542.0,0.0,39.0,300,1.0,Salaried,Yes,2,Graduate,Urban,Y
10990.0,0.0,10.0,180,,Salaried,Yes,0,Not Graduate,Semiurban,Y
1994.0,0.0,29.0,360,1.0,Salaried,Yes,1,Graduate,Urban,Y
12117.0,0.0,69.0,360,1.0,Salaried,No,0,Graduate,Semiurban,Y
5561.0,2140.0,23.0,360,1.0,Salaried,No,0,Not Graduate,Rural,Y
3755.0,0.0,10.0,240,1.0,Salaried,Yes,0,Graduate,Semiurban,Y
4837.0,0.0,10.0,240,1.0,Salaried,Yes,3+,Graduate,Semiurban,Y
4511.0,0.0,10.0,180,1.0,Self_Employed,Yes,0,Graduate,Semiurban,Y
13046.0,0.0,10.0,240,1.0,Self_Employed,Yes,0,Graduate,Semiurban,Y
2077.0,0.0,62.0,360,1.0,Salaried,No,0,Graduate,Semiurban,Y
2670.0,0.0,13.0,480,1.0,Salaried,Yes,0,Graduate,Semiurban,Y
11260.0,2518.0,10.0,360,0.0,Salaried,Yes,0,Graduate,Rural,N
3052.0,0.0,82.0,360,0.0,Self_Employed,No,0,Graduate,Urban,N
10101.0,0.0,10.0,300,1.0,Salaried,Yes,1,Not Graduate,Urban,Y
19140.0,0.0,54.0,180,1.0,Salaried,No,3+,Graduate,Urban,Y
3564.0,3153.0,10.0,240,0.0,Salaried,No,0,Graduate,Semiurban,Y
8477.0,3246.0,,240,1.0,Salaried,Yes,0,Graduate,Urban,Y
1953.0,1527.0,10.0,360,1.0,Salaried,Yes,2,Graduate,Rural,Y
8989.0,0.0,10.0,300,1.0,Salaried,Yes,3+,Graduate,Semiurban,Y
5765.0,3147.0,74.0,360,0.0,Salaried,No,0,Graduate,Rural,N
7176.0,0.0,35.0,480,1.0,Salaried,No,0,Not Graduate,Urban,Y
2932.0,3568.0,27.0,300,,Salaried,Yes,0,Graduate,Urban,Y
1301.0,1876.0,10.0,360,0.0,Salaried,Yes,0,Graduate,Urban,Y
7351.0,3941.0,95.0,360,0.0,Self_Employed,Yes,0,Graduate,Semiurban,Y
943.0,9851.0,37.0,240,1.0,Salaried,Yes,3+,Graduate,Urban,Y
3813.0,0.0,10.0,360,0.0,Salaried,Yes,0,Graduate,Rural,N
10435.0,0.0,77.0,240,0.0,Salaried,No,0,Not Graduate,Rural,N
5730.0,0.0,76.0,360,1.0,Self_Employed,Yes,1,Graduate,Semiurban,Y
23358.0,8168.0,152.0,300,1.0,Self_Employed,No,0,Graduate,Rural,Y
11160.0,6329.0,24.0,300,1.0,Salaried,No,0,Graduate,Semiurban,Y
2913.0,0.0,10.0,360,1.0,Salaried,Yes,3+,Not Graduate,Semiurban,Y
5023.0,0.0,58.0,360,0.0,Salaried,No,0,Not Graduate,Semiurban,N
4732.0,1398.0,,180,1.0,Self_Employed,Yes,3+,Graduate,Urban,Y
1386.0,0.0,100.0,180,,Salaried,No,0,Graduate,Semiurban,Y
2316.0,0.0,10.0,360,0.0,Salaried,Yes,0,Not Graduate,Semiurban,N
3138.0,3128.0,10.0,180,0.0,Salaried,No,3+,Graduate,Rural,N
964.0,0.0,10.0,360,1.0,Salaried,No,0,Graduate,Urban,Y
5105.0,5314.0,10.0,360,0.0,Salaried,Yes,1,Graduate,Urban,N
4027.0,0.0,16.0,360,1.0,Salaried,Yes,0,Graduate,Semiurban,Y
1289.0,2050.0,10.0,360,1.0,Salaried,Yes,0,Graduate,Rural,Y
6791.0,0.0,10.0,360,1.0,Salaried,Yes,1,Not Graduate,Rural,Y
8714.0,948.0,15.0,360,1.0,Salaried,Yes,1,Not Graduate,Urban,Y
5894.0,0.0,10.0,360,1.0,Salaried,No,3+,Not Graduate,Semiurban,Y
3792.0,1151.0,42.0,240,1.0,Salaried,No,0,Graduate,Semiurban,Y
7888.0,0.0,19.0,360,1.0,Salaried,Yes,1,Graduate,Urban,Y
8469.0,0.0,10.0,480,0.0,Salaried,Yes,0,Graduate,Semiurban,N
6285.0,0.0,10.0,360,1.0,Salaried,Yes,1,Graduate,Urban,Y
2541.0,0.0,10.0,360,1.0,Salaried,No,0,Graduate,Rural,Y
6132.0,0.0,10.0,120,,Salaried,Yes,0,Not Graduate,Semiurban,Y
12790.0,3651.0,39.0,360,1.0,Salaried,Yes,0,Graduate,Semiurban,Y
3049.0,15262.0,44.0,360,1.0,Salaried,Yes,0,Graduate,Urban,Y
26327.0,0.0,104.0,240,1.0,Salaried,No,1,Not Graduate,Rural,Y
3228.0,2700.0,10.0,120,,Salaried,Yes,0,Not Graduate,Rural,Y
5044.0,0.0,10.0,240,0.0,Self_Employed,Yes,1,Graduate,Rural,N
2870.0,1771.0,62.0,360,,Salaried,Yes,0,Graduate,Semiurban,Y
5876.0,0.0,10.0,360,1.0,Salaried,Yes,0,Not Graduate,Semiurban,Y
1220.0,0.0,10.0,360,,Self_Employed,Yes,0,Graduate,Urban,Y
3175.0,0.0,10.0,360,1.0,Self_Employed,Yes,2,Graduate,Urban,N
2051.0,0.0,18.0,360,1.0,Salaried,Yes,3+,Not Graduate,Urban,Y
5477.0,8604.0,10.0,360,1.0,Salaried,Yes,0,Graduate,Semiurban,Y
10890.0,0.0,10.0,240,1.0,Salaried,Yes,0,Graduate,Urban,Y
8240.0,7297.0,10.0,240,,Self_Employed,Yes,0,Graduate,Semiurban,Y
737.0,0.0,,480,0.0,Self_Employed,Yes,2,Graduate,Semiurban,N
25176.0,0.0,40.0,300,1.0,Self_Employed,Yes,1,Not Graduate,Rural,Y
6224.0,0.0,10.0,240,1.0,Salaried,Yes,0,Not Graduate,Rural,Y
2641.0,1757.0,10.0,120,1.0,Salaried,Yes,0,Graduate,Semiurban,Y
5573.0,4197.0,12.0,240,1.0,Salaried,Yes,2,Graduate,Rural,Y
5659.0,15823.0,45.0,360,1.0,Salaried,Yes,0,Not Graduate,Urban,Y
2883.0,6017.0,39.0,360,1.0,Salaried,Yes,2,Graduate,Urban,Y
5758.0,7229.0,49.0,360,,Self_Employed,Yes,0,Graduate,Semiurban,Y
3023.0,0.0,10.0,360,1.0,Self_Employed,Yes,1,Graduate,Semiurban,Y
3556.0,1958.0,10.0,360,1.0,Self_Employed,Yes,0,Graduate,Rural,Y
2838.0,0.0,43.0,360,0.0,Salaried,Yes,0,Graduate,Semiurban,N
1562.0,0.0,10.0,300,1.0,Salaried,Yes,1,Graduate,Rural,Y
5523.0,0.0,10.0,480,1.0,Salaried,No,0,Graduate,Rural,Y
7850.0,1795.0,56.0,180,1.0,Self_Employed,Yes,0,Graduate,Urban,Y
7420.0,2014.0,70.0,360,0.0,Self_Employed,Yes,0,Graduate,Semiurban,N
9471.0,0.0,10.0,360,1.0,Salaried,Yes,3+,Not Graduate,Rural,Y
6371.0,3269.0,10.0,240,1.0,Salaried,Yes,3+,Graduate,Semiurban,Y
3209.0,0.0,10.0,300,1.0,Salaried,Yes,0,Graduate,Semiurban,Y
9621.0,2950.0,68.0,300,1.0,Salaried,No,0,Graduate,Urban,Y
1659.0,0.0,68.0,180,1.0,Self_Employed,Yes,0,Graduate,Semiurban,Y
2391.0,0.0,132.0,360,1.0,Salaried,Yes,2,Not Graduate,Semiurban,Y
2273.0,0.0,26.0,480,1.0,Salaried,No,3+,Graduate,Urban,Y
11661.0,1509.0,,360,1.0,Salaried,Yes,0,Graduate,Rural,Y
10449.0,4131.0,10.0,360,1.0,Self_Employed,Yes,1,Graduate,Rural,Y
7258.0,0.0,10.0,120,1.0,Salaried,Yes,1,Graduate,Rural,Y
11586.0,0.0,30.0,180,1.0,Self_Employed,Yes,0,Graduate,Rural,Y
2432.0,5064.0,133.0,360,1.0,Salaried,No,0,Graduate,Urban,N
6496.0,2715.0,83.0,480,1.0,Self_Employed,Yes,1,Graduate,Semiurban,Y
4446.0,2069.0,76.0,360,1.0,Salaried,No,0,Graduate,Urban,Y
9677.0,0.0,30.0,300,1.0,Salaried,No,0,Not Graduate,Rural,Y
4482.0,1038.0,36.0,360,1.0,Salaried,Yes,0,Graduate,Rural,Y
3612.0,0.0,10.0,360,0.0,Salaried,Yes,3+,Graduate,Urban,N
7576.0,0.0,56.0,360,0.0,Salaried,Yes,1,Not Graduate,Semiurban,N
9906.0,0.0,10.0,360,0.0,Salaried,No,0,Graduate,Urban,N
2879.0,0.0,10.0,360,0.0,Salaried,Yes,1,Graduate,Semiurban,Y
4680.0,0.0,10.0,120,0.0,Salaried,Yes,3+,Graduate,Semiurban,Y
2107.0,0.0,10.0,360,1.0,Salaried,No,0,Graduate,Rural,Y
666.0,6293.0,10.0,180,1.0,Salaried,Yes,0,Graduate,Urban,Y
5770.0,0.0,14.0,360,0.0,Salaried,Yes,0,Not Graduate,Urban,Y
7999.0,0.0,10.0,360,0.0,Salaried,Yes,3+,Graduate,Urban,N
6061.0,0.0,17.0,360,,Self_Employed,Yes,0,Graduate,Urban,Y
1033.0,0.0,10.0,180,1.0,Salaried,Yes,2,Graduate,Semiurban,Y
3712.0,2547.0,10.0,240,1.0,Self_Employed,No,0,Graduate,Urban,Y
833.0,0.0,10.0,360,0.0,Self_Employed,Yes,0,Not Graduate,Semiurban,N
14702.0,3471.0,25.0,180,1.0,Salaried,Yes,0,Graduate,Semiurban,Y
2061.0,0.0,12.0,360,1.0,Salaried,Yes,0,Graduate,Semiurban,Y
13418.0,2930.0,10.0,300,1.0,Self_Employed,No,0,Graduate,Rural,N
10474.0,0.0,10.0,360,,Salaried,No,0,Graduate,Rural,N
2391.0,2206.0,41.0,180,1.0,Salaried,Yes,2,Not Graduate,Urban,N
1986.0,0.0,10.0,360,1.0,Self_Employed,Yes,3+,Graduate,Urban,Y
6505.0,0.0,96.0,360,1.0,Salaried,No,0,Graduate,Rural,Y
2501.0,4410.0,81.0,360,1.0,Salaried,Yes,1,Not Graduate,Semiurban,Y
5335.0,0.0,10.0,240,1.0,Salaried,Yes,2,Graduate,Semiurban,Y
3340.0,0.0,10.0,360,1.0,Salaried,Yes,0,Not Graduate,Rural,Y
1182.0,0.0,12.0,360,1.0,Salaried,Yes,1,Graduate,Urban,Y
825.0,5709.0,10.0,180,1.0,Salaried,Yes,1,Graduate,Semiurban,Y
5892.0,0.0,10.0,360,1.0,Salaried,No,0,Not Graduate,Semiurban,Y
3136.0,0.0,10.0,360,1.0,Salaried,Yes,0,Not Graduate,Rural,Y
3157.0,0.0,10.0,180,0.0,Self_Employed,Yes,0,Graduate,Rural,N
8576.0,0.0,17.0,360,1.0,Self_Employed,Yes,1,Graduate,Semiurban,Y
12566.0,0.0,10.0,360,1.0,Salaried,Yes,0,Graduate,Rural,Y
3952.0,1917.0,83.0,120,1.0,Salaried,Yes,0,Graduate,Urban,Y
3743.0,3870.0,10.0,300,1.0,Salaried,Yes,1,Graduate,Urban,Y
7333.0,3352.0,10.0,480,1.0,Salaried,Yes,0,Graduate,Urban,Y
1660.0,4097.0,43.0,360,1.0,Salaried,Yes,0,Not Graduate,Urban,Y
5875.0,0.0,10.0,360,1.0,Salaried,Yes,0,Graduate,Semiurban,Y
7643.0,0.0,10.0,360,1.0,Salaried,No,3+,Not Graduate,Urban,Y
8469.0,2541.0,26.0,120,,Salaried,Yes,0,Graduate,Semiurban,Y
1044.0,0.0,10.0,180,,Salaried,No,0,Graduate,Semiurban,N
2673.0,0.0,10.0,360,,Salaried,Yes,0,Graduate,Urban,Y
2434.0,0.0,,360,1.0,Salaried,Yes,0,Graduate,Semiurban,Y
5324.0,0.0,10.0,180,1.0,Salaried,Yes,1,Not Graduate,Semiurban,Y
7220.0,0.0,10.0,360,1.0,Salaried,Yes,3+,Not Graduate,Semiurban,Y
16275.0,1504.0,59.0,360,1.0,Self_Employed,Yes,1,Not Graduate,Rural,Y
3308.0,2875.0,10.0,360,,Salaried,Yes,0,Not Graduate,Urban,Y
3301.0,1737.0,10.0,240,0.0,Salaried,Yes,0,Graduate,Rural,N
12329.0,0.0,10.0,240,1.0,Salaried,Yes,0,Graduate,Urban,Y
6231.0,3208.0,22.0,480,1.0,Self_Employed,No,0,Graduate,Semiurban,Y
13550.0,0.0,23.0,360,1.0,Salaried,Yes,2,Graduate,Rural,Y
6192.0,1472.0,,300,1.0,Self_Employed,Yes,0,Graduate,Urban,Y
1948.0,0.0,10.0,360,1.0,Self_Employed,No,0,Not Graduate,Urban,Y
1692.0,4112.0,69.0,240,1.0,Self_Employed,Yes,0,Graduate,Semiurban,Y
1421.0,1768.0,10.0,240,1.0,Self_Employed,No,0,Graduate,Rural,Y
8347.0,3995.0,13.0,240,1.0,Salaried,No,2,Not Graduate,Urban,Y
12719.0,0.0,66.0,180,1.0,Salaried,Yes,0,Graduate,Rural,Y
21579.0,5979.0,73.0,360,1.0,Self_Employed,Yes,2,Graduate,Urban,Y
9648.0,0.0,10.0,360,1.0,Salaried,No,1,Not Graduate,Rural,Y
12460.0,5905.0,10.0,240,1.0,Salaried,Yes,0,Graduate,Urban,Y
3090.0,716.0,10.0,360,1.0,Salaried,Yes,3+,Graduate,Semiurban,Y
1949.0,0.0,36.0,360,0.0,Salaried,Yes,0,Not Graduate,Semiurban,N
9702.0,3343.0,10.0,180,1.0,Salaried,Yes,0,Graduate,Urban,Y
6865.0,0.0,25.0,360,1.0,Salaried,No,2,Not Graduate,Semiurban,Y
5356.0,0.0,21.0,360,1.0,Salaried,Yes,0,Graduate,Semiurban,Y
6700.0,3575.0,150.0,360,1.0,Self_Employed,Yes,0,Graduate,Rural,N
6365.0,1926.0,44.0,360,1.0,Salaried,Yes,2,Graduate,Rural,Y
13726.0,2456.0,10.0,240,1.0,Salaried,Yes,1,Not Graduate,Semiurban,Y
13849.0,0.0,10.0,300,1.0,Salaried,Yes,0,Not Graduate,Urban,Y
7596.0,0.0,10.0,360,1.0,Salaried,No,1,Not Graduate,Rural,Y
9669.0,0.0,22.0,360,1.0,Salaried,No,2,Graduate,Rural,Y
7415.0,0.0,10.0,240,0.0,Salaried,Yes,0,Graduate,Semiurban,Y
3398.0,2235.0,10.0,120,1.0,Salaried,Yes,1,Graduate,Semiurban,Y
9002.0,0.0,40.0,360,1.0,Salaried,Yes,3+,Graduate,Semiurban,Y
1611.0,0.0,10.0,300,1.0,Salaried,Yes,3+,Not Graduate,Urban,Y
11420.0,0.0,65.0,300,1.0,Self_Employed,Yes,0,Graduate,Urban,Y
1890.0,0.0,10.0,300,1.0,Salaried,No,0,Graduate,Semiurban,Y
6177.0,0.0,46.0,360,1.0,Salaried,Yes,1,Graduate,Rural,Y
2500.0,1228.0,56.0,300,0.0,Salaried,No,0,Graduate,Rural,N
7652.0,0.0,66.0,360,1.0,Salaried,Yes,1,Graduate,Urban,Y
4783.0,0.0,10.0,180,1.0,Salaried,No,0,Graduate,Semiurban,Y
1372.0,5345.0,34.0,480,1.0,Salaried,Yes,1,Graduate,Urban,Y
6881.0,0.0,10.0,360,1.0,Salaried,No,0,Not Graduate,Semiurban,Y
3095.0,2202.0,10.0,360,1.0,Salaried,Yes,3+,Graduate,Urban,Y
9946.0,0.0,10.0,360,1.0,Self_Employed,No,0,Not Graduate,Semiurban,Y
4920.0,0.0,10.0,360,1.0,Salaried,No,0,Graduate,Semiurban,Y
6744.0,3114.0,61.0,240,1.0,Salaried,No,2,Graduate,Rural,Y
2285.0,0.0,33.0,120,1.0,Salaried,Yes,0,Graduate,Urban,N
3067.0,0.0,10.0,180,1.0,Salaried,Yes,0,Not Graduate,Urban,Y
3405.0,0.0,10.0,300,1.0,Salaried,Yes,3+,Not Graduate,Urban,N
9753.0,4870.0,10.0,360,1.0,Salaried,Yes,1,Graduate,Semiurban,Y
18805.0,1573.0,44.0,480,1.0,Salaried,No,1,Graduate,Urban,Y
2581.0,3296.0,61.0,360,1.0,Salaried,Yes,0,Graduate,Urban,Y
11632.0,1687.0,64.0,360,0.0,Salaried,Yes,1,Graduate,Rural,N
866.0,0.0,10.0,360,0.0,Salaried,Yes,0,Not Graduate,Semiurban,N
1891.0,0.0,10.0,240,1.0,Salaried,Yes,0,Graduate,Semiurban,Y
2282.0,0.0,10.0,360,1.0,Salaried,Yes,2,Graduate,Urban,Y
1666.0,0.0,69.0,360,1.0,Salaried,Yes,0,Graduate,Semiurban,Y
1385.0,0.0,10.0,240,1.0,Self_Employed,Yes,3+,Not Graduate,Urban,Y
6839.0,0.0,85.0,360,1.0,Salaried,Yes,2,Graduate,Semiurban,Y
4141.0,0.0,23.0,360,0.0,Salaried,Yes,1,Graduate,Semiurban,N
6658.0,0.0,111.0,360,0.0,Salaried,No,1,Graduate,Rural,N
8539.0,0.0,59.0,360,1.0,Salaried,No,0,Graduate,Urban,Y
6078.0,2872.0,10.0,360,1.0,Salaried,Yes,0,Graduate,Semiurban,Y
8318.0,2267.0,10.0,240,,Salaried,Yes,0,Graduate,Semiurban,Y
4649.0,0.0,10.0,360,1.0,Salaried,Yes,0,Graduate,Semiurban,Y
1902.0,0.0,10.0,480,,Salaried,No,3+,Not Graduate,Urban,Y
11456.0,0.0,10.0,360,1.0,Salaried,Yes,0,Graduate,Semiurban,Y
3068.0,0.0,10.0,360,1.0,Salaried,Yes,1,Graduate,Urban,Y
2325.0,7497.0,21.0,360,1.0,Salaried,No,1,Not Graduate,Semiurban,Y
4263.0,0.0,26.0,300,1.0,Salaried,No,1,Graduate,Semiurban,Y
2368.0,3104.0,10.0,480,1.0,Salaried,No,1,Graduate,Semiurban,Y
3519.0,0.0,103.0,360,,Salaried,No,0,Graduate,Semiurban,Y
6472.0,0.0,13.0,360,1.0,Salaried,No,2,Not Graduate,Urban,Y
6494.0,5052.0,10.0,360,1.0,Salaried,No,3+,Graduate,Semiurban,Y
2396.0,0.0,10.0,360,1.0,Self_Employed,Yes,1,Not Graduate,Urban,Y
3327.0,0.0,10.0,180,1.0,Salaried,No,2,Graduate,Urban,Y
11608.0,6023.0,34.0,360,1.0,Salaried,No,0,Graduate,Rural,Y
7311.0,0.0,49.0,360,1.0,Salaried,Yes,0,Not Graduate,Rural,Y
25850.0,0.0,44.0,360,0.0,Salaried,Yes,1,Graduate,Semiurban,N
12633.0,0.0,10.0,240,1.0,Self_Employed,No,2,Graduate,Semiurban,Y
12276.0,1484.0,107.0,360,0.0,Salaried,Yes,0,Graduate,Rural,N
1619.0,3808.0,28.0,360,1.0,Self_Employed,No,0,Graduate,Urban,Y
9055.0,0.0,10.0,480,1.0,Salaried,Yes,0,Graduate,Semiurban,Y
4710.0,13059.0,32.0,360,1.0,Salaried,No,3+,Graduate,Urban,Y
3163.0,0.0,33.0,360,1.0,Salaried,Yes,2,Graduate,Rural,Y
5622.0,8169.0,10.0,240,1.0,Salaried,Yes,0,Graduate,Semiurban,Y
10469.0,0.0,20.0,360,1.0,Salaried,No,3+,Graduate,Rural,Y
7337.0,0.0,10.0,240,,Salaried,Yes,0,Not Graduate,Rural,Y
2434.0,5216.0,38.0,240,1.0,Salaried,No,0,Graduate,Semiurban,Y
8901.0,4429.0,10.0,180,1.0,Self_Employed,Yes,0,Graduate,Semiurban,Y
2951.0,0.0,10.0,360,1.0,Salaried,No,0,Graduate,Urban,Y
5845.0,0.0,96.0,180,1.0,Salaried,Yes,0,Graduate,Semiurban,Y
3856.0,1963.0,72.0,180,1.0,Salaried,Yes,0,Graduate,Semiurban,Y
4125.0,0.0,10.0,240,1.0,Self_Employed,No,3+,Graduate,Urban,Y
9072.0,5073.0,,360,1.0,Salaried,Yes,0,Graduate,Rural,Y
2138.0,0.0,10.0,360,1.0,Salaried,No,0,Graduate,Rural,Y
23299.0,0.0,43.0,360,0.0,Salaried,No,1,Not Graduate,Urban,N
1145.0,3626.0,10.0,360,1.0,Salaried,Yes,1,Graduate,Semiurban,Y
3047.0,0.0,10.0,240,1.0,Salaried,Yes,3+,Graduate,Urban,Y
6609.0,1096.0,,240,1.0,Salaried,Yes,0,Graduate,Semiurban,Y
7844.0,7335.0,10.0,180,1.0,Self_Employed,Yes,2,Graduate,Semiurban,Y
4535.0,3245.0,10.0,360,0.0,Self_Employed,Yes,0,Graduate,Rural,N
4694.0,0.0,10.0,360,1.0,Self_Employed,Yes,0,Graduate,Urban,Y
6826.0,0.0,24.0,240,1.0,Self_Employed,No,0,Graduate,Rural,Y
4085.0,0.0,13.0,360,,Salaried,Yes,0,Graduate,Rural,Y
14981.0,5100.0,65.0,480,1.0,Salaried,Yes,0,Graduate,Semiurban,Y
9619.0,4344.0,37.0,180,,Salaried,Yes,1,Graduate,Semiurban,Y
9880.0,0.0,10.0,120,0.0,Salaried,Yes,0,Graduate,Semiurban,Y
2269.0,7675.0,44.0,360,1.0,Salaried,No,3+,Graduate,Semiurban,Y
4612.0,0.0,10.0,240,1.0,Salaried,Yes,3+,Graduate,Rural,Y
3865.0,2664.0,41.0,300,1.0,Self_Employed,No,0,Graduate,Urban,Y
2198.0,0.0,10.0,300,1.0,Salaried,Yes,1,Graduate,Urban,Y
6556.0,9580.0,10.0,360,1.0,Salaried,Yes,0,Not Graduate,Rural,Y
3197.0,0.0,10.0,360,1.0,Salaried,No,0,Graduate,Semiurban,Y
8303.0,2141.0,68.0,120,1.0,Salaried,No,3+,Not Graduate,Semiurban,Y
2088.0,884.0,13.0,120,1.0,Salaried,No,0,Graduate,Urban,Y
19443.0,3778.0,61.0,240,1.0,Salaried,Yes,0,Graduate,Semiurban,Y
2399.0,3308.0,113.0,300,1.0,Salaried,Yes,0,Graduate,Semiurban,Y
5857.0,1032.0,10.0,360,0.0,Salaried,Yes,1,Graduate,Semiurban,N
9260.0,0.0,,360,1.0,Self_Employed,Yes,0,Graduate,Rural,Y
3113.0,0.0,,300,0.0,Salaried,Yes,2,Graduate,Rural,N
9720.0,0.0,10.0,300,1.0,Salaried,No,0,Graduate,Rural,Y
1838.0,0.0,10.0,300,0.0,Salaried,Yes,3+,Graduate,Urban,N
15704.0,0.0,86.0,120,,Salaried,Yes,3+,Not Graduate,Semiurban,Y
4971.0,0.0,,480,1.0,Salaried,Yes,2,Graduate,Semiurban,Y
3050.0,0.0,10.0,180,1.0,Salaried,Yes,1,Graduate,Urban,Y
3869.0,0.0,10.0,240,0.0,Self_Employed,Yes,0,Not Graduate,Rural,N
9388.0,0.0,10.0,180,1.0,Salaried,No,3+,Graduate,Semiurban,Y
3079.0,4890.0,10.0,360,1.0,Self_Employed,No,2,Graduate,Semiurban,Y
2699.0,1134.0,44.0,360,1.0,Self_Employed,Yes,0,Graduate,Rural,Y
4117.0,0.0,10.0,180,,Salaried,Yes,0,Graduate,Semiurban,Y
1917.0,10373.0,,360,1.0,Salaried,No,0,Graduate,Rural,Y
21087.0,0.0,78.0,120,1.0,Self_Employed,Yes,1,Graduate,Urban,Y
3124.0,0.0,10.0,360,1.0,Salaried,Yes,0,Graduate,Rural,Y
9560.0,5481.0,10.0,360,,Self_Employed,Yes,1,Graduate,Urban,Y
5811.0,9865.0,84.0,360,1.0,Salaried,Yes,1,Graduate,Urban,Y
2236.0,0.0,39.0,360,1.0,Salaried,No,0,Graduate,Urban,Y
4891.0,0.0,58.0,360,,Salaried,No,3+,Graduate,Urban,N
9202.0,5612.0,10.0,360,1.0,Salaried,Yes,2,Graduate,Semiurban,Y
4228.0,0.0,81.0,360,1.0,Self_Employed,Yes,0,Graduate,Semiurban,Y
12765.0,0.0,10.0,360,0.0,Self_Employed,Yes,3+,Graduate,Urban,N
11128.0,1475.0,14.0,360,1.0,Salaried,Yes,2,Not Graduate,Urban,Y
10251.0,2306.0,10.0,240,1.0,Salaried,No,1,Graduate,Urban,Y
3403.0,0.0,52.0,300,1.0,Salaried,Yes,0,Graduate,Semiurban,N
2072.0,3948.0,10.0,180,1.0,Self_Employed,Yes,0,Graduate,Semiurban,Y
3008.0,0.0,32.0,360,,Salaried,Yes,2,Graduate,Urban,Y
5750.0,0.0,17.0,360,0.0,Salaried,Yes,1,Graduate,Rural,Y
7606.0,0.0,15.0,180,1.0,Self_Employed,Yes,0,Not Graduate,Rural,Y
865.0,0.0,10.0,360,1.0,Salaried,Yes,3+,Graduate,Urban,Y
4883.0,0.0,101.0,360,,Salaried,No,0,Graduate,Urban,Y
5577.0,6166.0,10.0,300,1.0,Salaried,Yes,0,Graduate,Semiurban,Y
3936.0,13018.0,77.0,240,1.0,Salaried,No,2,Graduate,Rural,Y
13808.0,0.0,51.0,360,1.0,Salaried,No,0,Graduate,Urban,Y
6887.0,0.0,75.0,360,0.0,Self_Employed,No,0,Graduate,Rural,N
14019.0,3357.0,127.0,180,1.0,Salaried,Yes,3+,Not Graduate,Urban,Y
4135.0,0.0,10.0,360,1.0,Salaried,Yes,1,Graduate,Semiurban,Y
10404.0,5079.0,64.0,360,1.0,Salaried,No,1,Not Graduate,Urban,Y
18180.0,1039.0,122.0,360,1.0,Salaried,Yes,1,Graduate,Rural,Y
14036.0,2225.0,54.0,360,1.0,Salaried,No,0,Graduate,Semiurban,Y
2051.0,0.0,10.0,360,1.0,Salaried,Yes,0,Graduate,Semiurban,Y
4012.0,0.0,10.0,360,0.0,Salaried,No,1,Graduate,Urban,Y
3729.0,4672.0,10.0,300,1.0,Salaried,Yes,0,Not Graduate,Urban,Y
7269.0,4246.0,42.0,360,1.0,Self_Employed,No,2,Not Graduate,Semiurban,Y
8511.0,3089.0,91.0,480,1.0,Salaried,Yes,0,Graduate,Rural,Y
2512.0,0.0,10.0,300,1.0,Salaried,Yes,0,Graduate,Rural,Y
5189.0,796.0,10.0,360,,Salaried,Yes,0,Not Graduate,Rural,Y
977.0,0.0,54.0,240,1.0,Self_Employed,Yes,0,Graduate,Rural,N
15577.0,1850.0,10.0,240,0.0,Salaried,No,3+,Graduate,Rural,N
3262.0,0.0,10.0,360,0.0,Salaried,Yes,0,Not Graduate,Urban,N
5139.0,4536.0,21.0,120,1.0,Salaried,Yes,0,Graduate,Urban,Y
3836.0,0.0,20.0,240,1.0,Salaried,No,0,Graduate,Urban,Y
12293.0,1952.0,39.0,360,1.0,Self_Employed,Yes,0,Graduate,Semiurban,Y
508.0,692.0,10.0,360,1.0,Salaried,Yes,0,Graduate,Rural,Y
4850.0,0.0,99.0,360,1.0,Salaried,Yes,0,Graduate,Semiurban,Y
4516.0,0.0,10.0,240,1.0,Salaried,Yes,1,Graduate,Semiurban,Y
3419.0,0.0,56.0,180,1.0,Salaried,No,2,Graduate,Rural,Y
19555.0,0.0,67.0,300,1.0,Self_Employed,No,2,Not Graduate,Rural,Y
2417.0,0.0,10.0,360,1.0,Salaried,No,2,Graduate,Semiurban,Y
9113.0,0.0,17.0,360,,Self_Employed,Yes,0,Not Graduate,Rural,Y
6535.0,9609.0,131.0,360,1.0,Self_Employed,No,1,Graduate,Urban,Y
13483.0,0.0,17.0,360,1.0,Salaried,Yes,1,Graduate,Semiurban,Y
2882.0,0.0,10.0,240,0.0,Self_Employed,Yes,0,Graduate,Semiurban,N
2734.0,1230.0,20.0,360,1.0,Salaried,Yes,0,Graduate,Urban,Y
11812.0,0.0,10.0,180,1.0,Salaried,Yes,0,Graduate,Urban,Y
6907.0,1555.0,10.0,240,1.0,Salaried,No,0,Graduate,Rural,Y
1428.0,373.0,10.0,360,1.0,Self_Employed,Yes,0,Graduate,Semiurban,Y
3192.0,0.0,78.0,240,1.0,Salaried,No,3+,Graduate,Semiurban,N
6695.0,0.0,14.0,360,1.0,Self_Employed,Yes,2,Graduate,Urban,Y
9607.0,4293.0,10.0,300,1.0,Salaried,Yes,0,Not Graduate,Rural,Y
2854.0,1949.0,10.0,360,1.0,Salaried,Yes,0,Graduate,Semiurban,Y
478.0,0.0,112.0,300,1.0,Salaried,Yes,0,Not Graduate,Urban,N
7469.0,1821.0,10.0,480,1.0,Salaried,No,0,Graduate,Urban,Y
1851.0,0.0,26.0,300,1.0,Self_Employed,No,1,Graduate,Rural,N
979.0,0.0,10.0,360,1.0,Salaried,Yes,2,Not Graduate,Rural,Y
510.0,0.0,17.0,360,1.0,Self_Employed,Yes,0,Graduate,Semiurban,Y
9426.0,0.0,106.0,360,0.0,Salaried,Yes,0,Graduate,Semiurban,N
5447.0,0.0,10.0,360,1.0,Salaried,Yes,3+,Graduate,Rural,Y
4103.0,0.0,34.0,360,1.0,Self_Employed,No,0,Graduate,Semiurban,Y
14931.0,0.0,10.0,360,1.0,Salaried,Yes,0,Graduate,Rural,Y
8183.0,0.0,123.0,360,1.0,Salaried,Yes,0,Graduate,Semiurban,Y
17909.0,0.0,41.0,180,1.0,Self_Employed,No,0,Graduate,Rural,Y
1613.0,0.0,10.0,360,1.0,Salaried,Yes,2,Graduate,Semiurban,Y
4781.0,3712.0,14.0,360,1.0,Salaried,Yes,1,Graduate,Semiurban,Y
1348.0,1598.0,10.0,360,1.0,Salaried,No,0,Not Graduate,Urban,Y
4091.0,3099.0,10.0,120,1.0,Salaried,Yes,0,Graduate,Semiurban,Y
4028.0,10633.0,10.0,360,1.0,Salaried,Yes,2,Graduate,Rural,Y
8114.0,7657.0,33.0,180,1.0,Salaried,No,0,Graduate,Semiurban,Y
5097.0,0.0,,360,0.0,Salaried,Yes,0,Not Graduate,Semiurban,Y
8093.0,0.0,43.0,360,1.0,Salaried,Yes,3+,Not Graduate,Semiurban,Y
8628.0,0.0,10.0,360,1.0,Salaried,Yes,2,Graduate,Rural,Y
27555.0,0.0,51.0,360,1.0,Salaried,No,2,Graduate,Semiurban,Y
3819.0,0.0,11.0,240,1.0,Salaried,Yes,1,Not Graduate,Urban,Y
2315.0,0.0,,360,1.0,Salaried,Yes,0,Graduate,Urban,Y
5984.0,0.0,19.0,240,1.0,Salaried,Yes,3+,Graduate,Rural,Y
2587.0,1682.0,10.0,360,1.0,Salaried,Yes,0,Not Graduate,Semiurban,Y
16084.0,0.0,112.0,360,1.0,Salaried,Yes,0,Graduate,Urban,Y
3918.0,0.0,47.0,180,1.0,Self_Employed,Yes,0,Not Graduate,Semiurban,N
3126.0,16979.0,19.0,360,1.0,Salaried,Yes,0,Graduate,Rural,Y
3371.0,0.0,38.0,360,,Salaried,No,0,Not Graduate,Rural,N
8732.0,0.0,34.0,240,1.0,Self_Employed,No,0,Graduate,Urban,Y
4332.0,1267.0,10.0,480,1.0,Self_Employed,Yes,0,Graduate,Urban,Y
2941.0,0.0,10.0,360,1.0,Salaried,No,0,Not Graduate,Urban,Y
18625.0,1680.0,56.0,240,,Salaried,Yes,0,Graduate,Rural,Y
2478.0,8158.0,10.0,180,1.0,Self_Employed,Yes,0,Not Graduate,Urban,Y
5057.0,0.0,68.0,360,1.0,Salaried,Yes,0,Not Graduate,Urban,Y
8282.0,0.0,14.0,300,1.0,Salaried,Yes,0,Graduate,Urban,Y
1333.0,0.0,10.0,240,1.0,Self_Employed,Yes,0,Graduate,Rural,Y
7217.0,0.0,100.0,120,1.0,Salaried,Yes,0,Graduate,Semiurban,Y
2113.0,7876.0,50.0,360,1.0,Salaried,No,1,Graduate,Semiurban,Y
9492.0,0.0,10.0,360,1.0,Salaried,Yes,0,Graduate,Rural,Y
2275.0,0.0,10.0,180,1.0,Salaried,Yes,0,Graduate,Semiurban,Y
8555.0,0.0,10.0,360,0.0,Self_Employed,No,3+,Not Graduate,Semiurban,N
11904.0,852.0,10.0,480,1.0,Salaried,No,0,Not Graduate,Urban,Y
9790.0,0.0,24.0,480,1.0,Salaried,Yes,1,Graduate,Semiurban,Y
6009.0,0.0,,360,1.0,Salaried,Yes,1,Not Graduate,Rural,Y
4085.0,0.0,25.0,360,1.0,Self_Employed,No,0,Not Graduate,Semiurban,Y
3099.0,0.0,58.0,240,0.0,Self_Employed,Yes,1,Graduate,Urban,N
15944.0,627.0,67.0,240,1.0,Self_Employed,Yes,1,Graduate,Urban,Y
2808.0,0.0,32.0,360,1.0,Salaried,No,0,Graduate,Rural,Y
2144.0,0.0,18.0,360,1.0,Salaried,Yes,1,Graduate,Semiurban,Y
8369.0,1055.0,82.0,360,1.0,Self_Employed,No,2,Graduate,Semiurban,Y
2600.0,0.0,10.0,240,1.0,Salaried,Yes,0,Graduate,Semiurban,Y
2298.0,0.0,10.0,360,1.0,Salaried,No,0,Graduate,Urban,Y
1549.0,0.0,10.0,360,1.0,Salaried,Yes,0,Graduate,Urban,Y
3340.0,0.0,62.0,360,1.0,Self_Employed,Yes,0,Not Graduate,Semiurban,Y
4600.0,1033.0,11.0,360,,Salaried,No,0,Graduate,Semiurban,Y
5970.0,0.0,160.0,240,1.0,Self_Employed,Yes,0,Graduate,Rural,N
10520.0,0.0,10.0,480,,Salaried,No,0,Graduate,Urban,Y
7491.0,2139.0,16.0,360,1.0,Self_Employed,Yes,3+,Not Graduate,Urban,N
4219.0,3027.0,51.0,360,1.0,Salaried,No,1,Graduate,Urban,Y
4194.0,713.0,10.0,240,1.0,Salaried,No,0,Graduate,Semiurban,Y
7392.0,0.0,26.0,360,0.0,Self_Employed,No,0,Graduate,Urban,N
13603.0,0.0,47.0,240,1.0,Salaried,No,0,Graduate,Urban,Y
5437.0,0.0,10.0,240,1.0,Salaried,Yes,2,Not Graduate,Urban,Y
3377.0,0.0,69.0,240,1.0,Salaried,Yes,0,Graduate,Urban,Y
2221.0,0.0,10.0,120,1.0,Salaried,No,0,Not Graduate,Urban,Y
1547.0,2536.0,26.0,360,1.0,Salaried,Yes,2,Graduate,Semiurban,Y
8375.0,0.0,82.0,300,,Salaried,Yes,0,Graduate,Semiurban,Y
7804.0,0.0,10.0,360,1.0,Salaried,Yes,0,Graduate,Urban,Y
7800.0,0.0,10.0,120,1.0,Salaried,Yes,3+,Graduate,Semiurban,Y
4434.0,0.0,132.0,120,1.0,Salaried,No,0,Not Graduate,Rural,Y
15147.0,0.0,56.0,360,1.0,Self_Employed,No,1,Graduate,Urban,Y
3337.0,0.0,10.0,180,1.0,Salaried,Yes,3+,Not Graduate,Rural,Y
10554.0,8196.0,67.0,120,1.0,Salaried,Yes,0,Graduate,Urban,Y
4765.0,0.0,10.0,240,0.0,Salaried,Yes,2,Graduate,Urban,Y
3021.0,8875.0,10.0,360,1.0,Self_Employed,No,0,Graduate,Urban,Y
7895.0,642.0,81.0,360,1.0,Salaried,Yes,2,Graduate,Urban,Y
6821.0,0.0,10.0,300,1.0,Salaried,No,0,Graduate,Semiurban,Y
6539.0,2078.0,136.0,360,1.0,Salaried,Yes,3+,Not Graduate,Urban,Y
5245.0,10193.0,27.0,360,1.0,Salaried,No,1,Graduate,Rural,Y
4768.0,8800.0,121.0,360,1.0,Salaried,No,1,Graduate,Semiurban,Y
33213.0,0.0,,180,1.0,Salaried,No,2,Not Graduate,Semiurban,Y
12675.0,0.0,80.0,360,1.0,Salaried,No,0,Graduate,Semiurban,Y
8763.0,0.0,44.0,240,1.0,Salaried,Yes,0,Graduate,Semiurban,Y
5375.0,3140.0,54.0,300,1.0,Salaried,No,0,Not Graduate,Urban,Y
11001.0,0.0,73.0,240,1.0,Self_Employed,No,0,Graduate,Urban,Y
7438.0,0.0,10.0,360,1.0,Salaried,Yes,1,Not Graduate,Semiurban,Y
5019.0,2565.0,10.0,360,1.0,Self_Employed,Yes,2,Graduate,Urban,Y
3855.0,0.0,10.0,360,1.0,Salaried,Yes,0,Graduate,Urban,Y
4607.0,0.0,27.0,360,1.0,Salaried,No,0,Not Graduate,Semiurban,Y
389.0,3164.0,10.0,360,1.0,Salaried,Yes,2,Not Graduate,Semiurban,Y
5817.0,0.0,22.0,360,1.0,Salaried,Yes,0,Graduate,Urban,Y
3325.0,0.0,20.0,240,1.0,Salaried,Yes,1,Graduate,Urban,Y
17573.0,910.0,10.0,360,1.0,Salaried,Yes,0,Graduate,Urban,Y
4991.0,3855.0,34.0,240,0.0,Salaried,Yes,0,Not Graduate,Urban,N
1899.0,1831.0,10.0,360,1.0,Self_Employed,Yes,1,Not Graduate,Semiurban,Y
4723.0,5463.0,,360,0.0,Salaried,No,0,Graduate,Semiurban,N
2128.0,0.0,45.0,360,1.0,Salaried,No,0,Not Graduate,Urban,Y
7178.0,0.0,10.0,360,1.0,Self_Employed,Yes,1,Graduate,Urban,Y
6203.0,5627.0,10.0,300,,Salaried,Yes,0,Graduate,Semiurban,Y
10575.0,0.0,28.0,360,,Self_Employed,Yes,1,Graduate,Urban,Y
2610.0,1866.0,82.0,300,1.0,Self_Employed,Yes,3+,Graduate,Urban,Y
5050.0,5233.0,22.0,360,1.0,Salaried,No,1,Not Graduate,Semiurban,Y
1649.0,11824.0,70.0,300,0.0,Salaried,Yes,1,Graduate,Urban,Y
8614.0,0.0,10.0,360,1.0,Self_Employed,Yes,0,Not Graduate,Rural,Y
7444.0,0.0,21.0,360,1.0,Salaried,Yes,1,Not Graduate,Semiurban,Y
7307.0,2029.0,10.0,360,1.0,Salaried,Yes,0,Graduate,Semiurban,Y
4921.0,1642.0,38.0,360,1.0,Salaried,Yes,1,Graduate,Urban,Y
6849.0,0.0,10.0,300,1.0,Salaried,Yes,0,Graduate,Urban,Y
17738.0,0.0,110.0,360,1.0,Self_Employed,Yes,0,Not Graduate,Urban,Y
3912.0,5643.0,10.0,300,0.0,Self_Employed,Yes,1,Not Graduate,Urban,N
5491.0,1520.0,10.0,360,1.0,Salaried,No,1,Graduate,Semiurban,Y
2061.0,0.0,144.0,360,1.0,Salaried,No,0,Not Graduate,Urban,Y
2454.0,0.0,10.0,180,1.0,Salaried,No,0,Graduate,Rural,Y
5315.0,1051.0,73.0,360,1.0,Self_Employed,No,0,Graduate,Rural,Y
11886.0,0.0,83.0,360,1.0,Salaried,No,2,Not Graduate,Semiurban,Y
4004.0,0.0,52.0,180,1.0,Salaried,Yes,0,Graduate,Rural,Y
4069.0,0.0,10.0,360,1.0,Salaried,Yes,0,Not Graduate,Urban,Y
3549.0,0.0,23.0,360,1.0,Salaried,Yes,0,Graduate,Semiurban,Y
3204.0,0.0,10.0,360,1.0,Salaried,Yes,0,Graduate,Urban,Y
6223.0,0.0,111.0,360,1.0,Salaried,Yes,0,Graduate,Rural,N
1484.0,1308.0,10.0,120,1.0,Salaried,Yes,0,Graduate,Semiurban,Y
13695.0,4630.0,29.0,180,1.0,Salaried,Yes,0,Graduate,Urban,Y
2886.0,0.0,10.0,360,0.0,Salaried,Yes,3+,Graduate,Rural,N
8756.0,1428.0,12.0,180,0.0,Salaried,Yes,1,Not Graduate,Urban,N
1779.0,0.0,10.0,180,1.0,Salaried,No,2,Graduate,Semiurban,Y
8392.0,0.0,97.0,360,1.0,Salaried,No,1,Graduate,Rural,Y
8413.0,0.0,71.0,360,1.0,Salaried,No,2,Graduate,Urban,Y
6683.0,0.0,39.0,360,1.0,Salaried,No,0,Graduate,Semiurban,Y
2218.0,5782.0,10.0,180,1.0,Salaried,Yes,0,Not Graduate,Semiurban,Y
6001.0,0.0,72.0,240,1.0,Self_Employed,Yes,1,Graduate,Semiurban,Y
1908.0,0.0,10.0,360,1.0,Self_Employed,No,2,Graduate,Semiurban,Y
4015.0,1023.0,89.0,360,1.0,Salaried,Yes,0,Not Graduate,Rural,Y
11198.0,0.0,23.0,360,1.0,Salaried,Yes,0,Graduate,Urban,Y
9296.0,1870.0,93.0,480,1.0,Salaried,No,3+,Graduate,Urban,Y
4975.0,0.0,11.0,360,0.0,Self_Employed,No,0,Not Graduate,Semiurban,N
2253.0,0.0,10.0,360,1.0,Salaried,Yes,0,Graduate,Semiurban,Y
8238.0,1822.0,76.0,300,1.0,Salaried,No,0,Graduate,Semiurban,Y
4992.0,0.0,123.0,360,,Salaried,Yes,0,Not Graduate,Rural,N
768.0,0.0,81.0,360,1.0,Self_Employed,Yes,2,Graduate,Rural,N
9192.0,3917.0,82.0,300,1.0,Salaried,Yes,0,Graduate,Semiurban,Y
4820.0,3631.0,44.0,360,1.0,Salaried,No,0,Not Graduate,Urban,Y
12861.0,0.0,10.0,180,1.0,Salaried,Yes,0,Not Graduate,Urban,Y
2046.0,0.0,19.0,360,1.0,Salaried,No,1,Graduate,Semiurban,Y
387.0,0.0,10.0,120,0.0,Salaried,Yes,0,Graduate,Rural,N
6144.0,0.0,37.0,360,1.0,Salaried,Yes,0,Graduate,Semiurban,Y
6206.0,0.0,37.0,360,1.0,Salaried,Yes,3+,Not Graduate,Semiurban,Y
1271.0,0.0,10.0,180,1.0,Self_Employed,Yes,0,Graduate,Semiurban,N
2247.0,0.0,10.0,360,1.0,Salaried,Yes,1,Graduate,Urban,Y
44541.0,0.0,,240,1.0,Self_Employed,Yes,3+,Graduate,Urban,Y
3849.0,6515.0,31.0,360,0.0,Salaried,No,0,Graduate,Urban,N
8820.0,2794.0,46.0,360,0.0,Salaried,No,0,Not Graduate,Rural,N
2920.0,0.0,10.0,360,1.0,Salaried,Yes,0,Graduate,Rural,Y
923.0,2834.0,10.0,360,1.0,Salaried,Yes,0,Graduate,Semiurban,Y
4289.0,0.0,60.0,360,1.0,Salaried,Yes,2,Graduate,Semiurban,Y
3974.0,0.0,14.0,240,0.0,Salaried,Yes,0,Graduate,Semiurban,N
3569.0,1249.0,22.0,300,1.0,Salaried,Yes,3+,Graduate,Urban,Y
4484.0,0.0,10.0,360,1.0,Salaried,Yes,2,Graduate,Semiurban,Y
6072.0,0.0,22.0,360,1.0,Salaried,No,2,Graduate,Semiurban,Y
4359.0,0.0,10.0,360,,Self_Employed,No,0,Not Graduate,Urban,Y
1788.0,4867.0,60.0,240,1.0,Salaried,Yes,0,Graduate,Urban,Y
7251.0,14104.0,142.0,180,1.0,Salaried,No,0,Not Graduate,Semiurban,N
1033.0,0.0,10.0,360,1.0,Self_Employed,Yes,1,Graduate,Semiurban,Y
953.0,0.0,10.0,240,1.0,Salaried,Yes,0,Graduate,Urban,Y
8878.0,2869.0,52.0,360,1.0,Self_Employed,No,2,Graduate,Rural,Y
7373.0,2220.0,103.0,360,1.0,Salaried,No,0,Graduate,Rural,Y
4694.0,0.0,10.0,360,1.0,Salaried,Yes,1,Graduate,Semiurban,Y
1609.0,0.0,10.0,180,1.0,Salaried,No,0,Not Graduate,Semiurban,Y
2790.0,0.0,10.0,480,0.0,Salaried,No,0,Graduate,Urban,N
3983.0,0.0,10.0,120,1.0,Salaried,No,0,Graduate,Rural,Y
1371.0,0.0,10.0,300,,Self_Employed,Yes,0,Graduate,Urban,Y
2721.0,4929.0,10.0,360,1.0,Salaried,No,0,Graduate,Urban,Y
8282.0,0.0,10.0,120,1.0,Salaried,No,1,Not Graduate,Semiurban,N
15396.0,11278.0,41.0,180,,Salaried,Yes,0,Graduate,Semiurban,Y
3514.0,0.0,10.0,180,1.0,Salaried,Yes,2,Graduate,Rural,Y
9002.0,0.0,35.0,360,0.0,Self_Employed,Yes,2,Graduate,Semiurban,N
1063.0,2506.0,10.0,360,1.0,Salaried,Yes,0,Graduate,Urban,Y
8330.0,0.0,48.0,360,1.0,Salaried,Yes,1,Graduate,Rural,Y
2583.0,0.0,10.0,360,1.0,Salaried,No,0,Graduate,Semiurban,Y
6285.0,1743.0,60.0,300,1.0,Self_Employed,No,0,Graduate,Semiurban,Y
4031.0,0.0,52.0,120,1.0,Self_Employed,Yes,2,Graduate,Semiurban,Y
14134.0,1562.0,15.0,120,1.0,Self_Employed,No,3+,Graduate,Rural,Y
2442.0,0.0,35.0,360,,Self_Employed,No,1,Graduate,Urban,Y
8120.0,0.0,10.0,180,,Salaried,Yes,3+,Graduate,Urban,N
3930.0,746.0,80.0,480,1.0,Salaried,Yes,1,Graduate,Semiurban,N
4330.0,0.0,10.0,240,1.0,Self_Employed,Yes,1,Graduate,Rural,Y
4243.0,4422.0,42.0,360,0.0,Salaried,Yes,0,Graduate,Urban,Y
2499.0,0.0,10.0,360,1.0,Salaried,Yes,0,Not Graduate,Urban,Y
4860.0,0.0,,300,1.0,Salaried,Yes,0,Not Graduate,Semiurban,Y
4675.0,2234.0,68.0,360,1.0,Salaried,No,0,Graduate,Rural,Y
5961.0,2042.0,10.0,300,0.0,Salaried,Yes,1,Not Graduate,Semiurban,N
5259.0,0.0,10.0,300,1.0,Salaried,Yes,0,Not Graduate,Rural,Y
9306.0,0.0,10.0,240,,Salaried,No,1,Graduate,Urban,Y
10289.0,14994.0,10.0,360,1.0,Salaried,No,0,Not Graduate,Semiurban,Y
2121.0,0.0,76.0,240,0.0,Salaried,No,0,Graduate,Semiurban,N
9848.0,2386.0,86.0,240,1.0,Salaried,Yes,0,Graduate,Urban,Y
1903.0,2875.0,,480,1.0,Self_Employed,Yes,0,Not Graduate,Urban,Y
7866.0,0.0,10.0,300,1.0,Salaried,Yes,3+,Graduate,Urban,Y
8069.0,6430.0,,360,1.0,Self_Employed,Yes,1,Graduate,Urban,Y
1065.0,0.0,10.0,480,1.0,Salaried,Yes,0,Not Graduate,Semiurban,Y
5294.0,0.0,10.0,300,1.0,Salaried,Yes,1,Graduate,Semiurban,Y
3379.0,0.0,56.0,300,1.0,Salaried,No,0,Graduate,Semiurban,Y
2678.0,0.0,30.0,360,1.0,Salaried,Yes,0,Graduate,Urban,Y
14482.0,0.0,64.0,300,1.0,Salaried,Yes,3+,Not Graduate,Semiurban,Y
2913.0,0.0,10.0,240,1.0,Self_Employed,Yes,1,Not Graduate,Rural,Y
2578.0,0.0,11.0,360,,Salaried,Yes,2,Not Graduate,Semiurban,Y
5222.0,0.0,10.0,360,1.0,Salaried,Yes,3+,Graduate,Semiurban,Y
8506.0,0.0,58.0,120,1.0,Salaried,No,0,Graduate,Urban,Y
4388.0,4102.0,38.0,300,1.0,Salaried,Yes,0,Graduate,Urban,Y
12495.0,0.0,10.0,300,1.0,Self_Employed,Yes,0,Graduate,Urban,Y
7516.0,0.0,103.0,240,1.0,Self_Employed,No,2,Graduate,Semiurban,Y
860.0,0.0,10.0,360,1.0,Self_Employed,No,2,Graduate,Semiurban,Y
3218.0,0.0,31.0,240,0.0,Salaried,No,2,Graduate,Rural,N
3135.0,0.0,33.0,360,1.0,Salaried,Yes,0,Not Graduate,Semiurban,Y
7212.0,0.0,10.0,360,1.0,Self_Employed,Yes,1,Not Graduate,Rural,Y
602.0,16469.0,47.0,240,1.0,Salaried,Yes,1,Graduate,Urban,Y
37768.0,0.0,10.0,240,,Salaried,No,0,Graduate,Rural,Y
7516.0,5026.0,10.0,240,,Salaried,Yes,0,Graduate,Semiurban,Y
5536.0,0.0,10.0,180,1.0,Salaried,No,1,Not Graduate,Urban,Y
12648.0,0.0,10.0,360,1.0,Salaried,No,1,Not Graduate,Semiurban,Y
32046.0,1563.0,130.0,360,1.0,Salaried,Yes,1,Graduate,Semiurban,Y
9864.0,9045.0,31.0,240,1.0,Salaried,Yes,0,Graduate,Semiurban,Y
10499.0,0.0,31.0,360,1.0,Salaried,Yes,0,Graduate,Urban,Y
5456.0,11620.0,10.0,480,1.0,Salaried,Yes,1,Graduate,Semiurban,Y
4389.0,3099.0,10.0,180,0.0,Salaried,No,3+,Not Graduate,Urban,N
3359.0,0.0,10.0,360,1.0,Salaried,Yes,3+,Graduate,Urban,Y
2538.0,2472.0,10.0,360,1.0,Salaried,Yes,0,Not Graduate,Rural,Y
2837.0,0.0,10.0,120,1.0,Salaried,Yes,2,Graduate,Semiurban,Y
1668.0,0.0,10.0,360,1.0,Salaried,Yes,0,Graduate,Semiurban,Y
4625.0,3162.0,10.0,480,,Salaried,Yes,2,Not Graduate,Semiurban,N
1277.0,1716.0,10.0,180,0.0,Salaried,Yes,0,Graduate,Rural,N
5726.0,0.0,53.0,360,1.0,Salaried,Yes,2,Not Graduate,Urban,Y
4774.0,0.0,10.0,300,1.0,Salaried,Yes,0,Not Graduate,Semiurban,Y
5528.0,0.0,10.0,180,1.0,Salaried,No,2,Graduate,Rural,Y
3237.0,0.0,38.0,360,1.0,Salaried,No,1,Graduate,Urban,Y
57612.0,0.0,190.0,180,,Salaried,No,0,Not Graduate,Semiurban,Y
14590.0,5063.0,80.0,360,,Salaried,Yes,0,Graduate,Semiurban,Y
1816.0,12532.0,79.0,120,1.0,Salaried,No,0,Graduate,Semiurban,N
5921.0,7440.0,51.0,360,1.0,Salaried,Yes,0,Not Graduate,Rural,Y
3022.0,6682.0,27.0,360,1.0,Self_Employed,Yes,0,Not Graduate,Rural,Y
2183.0,0.0,124.0,360,1.0,Self_Employed,Yes,0,Not Graduate,Rural,N
1682.0,0.0,10.0,240,1.0,Salaried,Yes,2,Graduate,Urban,Y
6945.0,1185.0,10.0,300,1.0,Salaried,No,3+,Not Graduate,Urban,Y
2849.0,0.0,57.0,240,0.0,Salaried,Yes,0,Not Graduate,Semiurban,N
10660.0,3612.0,39.0,360,1.0,Self_Employed,Yes,0,Graduate,Semiurban,Y
10884.0,0.0,71.0,240,,Salaried,Yes,0,Graduate,Semiurban,Y
14752.0,0.0,51.0,360,0.0,Self_Employed,No,0,Graduate,Rural,N
2485.0,0.0,71.0,240,,Salaried,Yes,2,Not Graduate,Urban,N
7189.0,0.0,10.0,360,1.0,Self_Employed,Yes,0,Not Graduate,Urban,Y
8152.0,5604.0,96.0,360,1.0,Salaried,No,1,Graduate,Urban,Y
3363.0,0.0,66.0,360,,Self_Employed,Yes,0,Graduate,Semiurban,N
2651.0,0.0,10.0,360,1.0,Salaried,No,1,Graduate,Semiurban,Y
17812.0,0.0,74.0,360,1.0,Salaried,No,3+,Graduate,Urban,Y
5896.0,0.0,17.0,360,1.0,Self_Employed,Yes,0,Graduate,Rural,Y
8174.0,0.0,10.0,360,1.0,Salaried,No,3+,Graduate,Semiurban,Y
2546.0,0.0,10.0,360,1.0,Salaried,No,0,Graduate,Urban,Y
1853.0,0.0,10.0,360,1.0,Salaried,Yes,0,Graduate,Urban,Y
3116.0,10378.0,50.0,360,1.0,Salaried,Yes,3+,Graduate,Rural,N
4451.0,0.0,,360,0.0,Salaried,No,1,Graduate,Rural,N
2098.0,0.0,10.0,180,1.0,Salaried,Yes,0,Graduate,Urban,Y
4876.0,0.0,51.0,360,0.0,Salaried,Yes,0,Not Graduate,Urban,N
1273.0,3304.0,55.0,300,1.0,Salaried,No,0,Not Graduate,Semiurban,N
2006.0,0.0,15.0,360,1.0,Salaried,Yes,1,Graduate,Semiurban,Y
8406.0,1575.0,10.0,360,1.0,Salaried,No,2,Not Graduate,Semiurban,Y
7967.0,0.0,43.0,360,1.0,Salaried,Yes,0,Graduate,Semiurban,Y
3592.0,0.0,30.0,360,1.0,Salaried,No,1,Graduate,Semiurban,Y
2177.0,0.0,38.0,360,1.0,Self_Employed,Yes,0,Graduate,Rural,N
2160.0,0.0,47.0,180,1.0,Salaried,Yes,1,Not Graduate,Semiurban,Y
3646.0,3568.0,10.0,240,1.0,Salaried,Yes,0,Graduate,Urban,Y
8231.0,1492.0,10.0,360,1.0,Self_Employed,Yes,0,Graduate,Semiurban,Y
10328.0,0.0,10.0,360,1.0,Salaried,Yes,0,Graduate,Urban,Y
3304.0,3226.0,54.0,360,1.0,Salaried,Yes,0,Not Graduate,Semiurban,Y
1953.0,0.0,10.0,180,1.0,Self_Employed,No,0,Graduate,Semiurban,Y
6089.0,7305.0,38.0,240,1.0,Salaried,Yes,0,Graduate,Rural,Y
2543.0,0.0,10.0,360,1.0,Self_Employed,Yes,0,Not Graduate,Urban,Y
3247.0,0.0,78.0,360,1.0,Salaried,Yes,0,Not Graduate,Rural,N
14189.0,3222.0,10.0,240,1.0,Self_Employed,No,1,Graduate,Semiurban,Y
9525.0,4779.0,65.0,360,1.0,Salaried,No,0,Graduate,Urban,Y
5577.0,0.0,17.0,120,1.0,Salaried,No,0,Graduate,Urban,Y
1777.0,0.0,10.0,120,1.0,Salaried,Yes,3+,Not Graduate,Urban,Y
5820.0,0.0,10.0,180,1.0,Salaried,Yes,0,Graduate,Rural,Y
11500.0,0.0,10.0,360,1.0,Self_Employed,Yes,0,Graduate,Urban,Y
3639.0,0.0,77.0,360,1.0,Salaried,No,1,Graduate,Urban,N
14485.0,1557.0,36.0,240,1.0,Salaried,Yes,0,Not Graduate,Urban,Y
13824.0,0.0,10.0,120,1.0,Salaried,No,1,Not Graduate,Semiurban,Y
18601.0,8278.0,42.0,360,1.0,Salaried,Yes,0,Graduate,Semiurban,Y
6274.0,2578.0,16.0,360,1.0,Salaried,Yes,0,Graduate,Urban,Y
7863.0,0.0,71.0,180,1.0,Salaried,Yes,2,Not Graduate,Rural,Y
15235.0,2516.0,24.0,300,1.0,Salaried,Yes,0,Graduate,Rural,Y
7030.0,590.0,10.0,240,1.0,Salaried,Yes,0,Not Graduate,Urban,Y
3291.0,3024.0,,180,1.0,Self_Employed,Yes,0,Not Graduate,Semiurban,Y
3433.0,0.0,52.0,360,1.0,Salaried,Yes,0,Not Graduate,Semiurban,Y
5948.0,0.0,10.0,480,1.0,Salaried,No,0,Graduate,Rural,Y
1750.0,0.0,28.0,360,,Salaried,Yes,0,Graduate,Semiurban,Y
4383.0,0.0,10.0,480,1.0,Self_Employed,Yes,1,Graduate,Semiurban,Y
11816.0,0.0,13.0,360,1.0,Salaried,Yes,1,Graduate,Semiurban,Y
851.0,11858.0,144.0,360,0.0,Salaried,Yes,0,Graduate,Rural,N
16774.0,0.0,42.0,240,1.0,Salaried,Yes,1,Graduate,Semiurban,Y
12063.0,1163.0,84.0,180,1.0,Salaried,Yes,2,Graduate,Rural,N
3402.0,5422.0,58.0,360,1.0,Salaried,Yes,3+,Not Graduate,Urban,Y
7591.0,1874.0,,300,1.0,Salaried,Yes,0,Graduate,Rural,Y
4927.0,0.0,,300,1.0,Salaried,No,3+,Graduate,Rural,Y
13148.0,2157.0,84.0,360,1.0,Self_Employed,Yes,0,Graduate,Rural,Y
10788.0,4887.0,10.0,300,1.0,Salaried,Yes,2,Graduate,Urban,Y
1603.0,5834.0,10.0,360,1.0,Salaried,Yes,1,Not Graduate,Urban,Y
7862.0,2783.0,75.0,240,1.0,Salaried,Yes,2,Not Graduate,Rural,Y
4169.0,0.0,10.0,360,1.0,Salaried,Yes,0,Graduate,Rural,Y
5251.0,0.0,10.0,300,0.0,Self_Employed,Yes,1,Graduate,Urban,N
2745.0,0.0,103.0,360,0.0,Salaried,Yes,0,Not Graduate,Semiurban,N
19901.0,6791.0,10.0,120,0.0,Self_Employed,No,2,Graduate,Urban,N
11294.0,1213.0,10.0,360,1.0,Salaried,Yes,3+,Graduate,Urban,Y
2719.0,0.0,10.0,360,0.0,Salaried,No,0,Graduate,Urban,N
1690.0,1411.0,10.0,240,1.0,Self_Employed,Yes,0,Not Graduate,Urban,Y
3610.0,0.0,10.0,240,0.0,Salaried,Yes,0,Graduate,Semiurban,Y
6958.0,2544.0,10.0,240,1.0,Salaried,No,0,Graduate,Urban,Y
5956.0,0.0,82.0,360,1.0,Salaried,Yes,3+,Not Graduate,Rural,N
13393.0,1703.0,47.0,360,1.0,Salaried,Yes,0,Graduate,Semiurban,Y
9246.0,0.0,53.0,240,1.0,Salaried,No,0,Not Graduate,Semiurban,Y
10675.0,0.0,13.0,360,,Self_Employed,Yes,1,Graduate,Rural,Y
6384.0,0.0,32.0,360,0.0,Self_Employed,No,1,Graduate,Semiurban,N
1617.0,2205.0,51.0,120,1.0,Self_Employed,Yes,0,Graduate,Urban,Y
4203.0,0.0,10.0,360,1.0,Salaried,Yes,0,Not Graduate,Semiurban,Y
11477.0,0.0,,360,,Salaried,Yes,1,Graduate,Semiurban,Y
4716.0,1633.0,57.0,360,1.0,Self_Employed,Yes,0,Graduate,Rural,Y
7350.0,8037.0,129.0,120,0.0,Salaried,Yes,0,Graduate,Semiurban,N
3809.0,0.0,105.0,240,,Salaried,No,0,Graduate,Semiurban,Y
2156.0,761.0,10.0,180,1.0,Salaried,Yes,2,Graduate,Semiurban,Y
4453.0,0.0,70.0,360,1.0,Self_Employed,Yes,0,Graduate,Semiurban,Y
6293.0,2253.0,10.0,360,1.0,Salaried,Yes,2,Graduate,Semiurban,Y
2909.0,0.0,83.0,240,0.0,Salaried,Yes,1,Graduate,Urban,N
4070.0,1084.0,10.0,300,0.0,Salaried,Yes,0,Graduate,Rural,N
2318.0,0.0,10.0,300,1.0,Salaried,Yes,1,Graduate,Semiurban,Y
12033.0,12252.0,80.0,360,1.0,Salaried,Yes,0,Graduate,Semiurban,Y
3883.0,5608.0,10.0,240,,Salaried,No,2,Graduate,Semiurban,Y
15712.0,3739.0,31.0,360,,Salaried,No,3+,Graduate,Urban,Y
16697.0,0.0,126.0,360,1.0,Self_Employed,No,0,Graduate,Semiurban,Y
4606.0,9680.0,10.0,360,1.0,Salaried,Yes,2,Graduate,Semiurban,Y
2193.0,0.0,10.0,360,1.0,Salaried,Yes,0,Not Graduate,Semiurban,Y
926.0,1977.0,,240,1.0,Self_Employed,Yes,0,Graduate,Semiurban,Y
1514.0,735.0,32.0,360,,Salaried,No,0,Not Graduate,Semiurban,Y
1638.0,0.0,100.0,360,1.0,Salaried,Yes,1,Graduate,Rural,Y
14806.0,0.0,60.0,360,1.0,Salaried,Yes,0,Graduate,Rural,Y
5392.0,0.0,10.0,180,1.0,Salaried,Yes,0,Graduate,Rural,Y
6712.0,0.0,48.0,120,1.0,Salaried,Yes,2,Graduate,Urban,Y
832.0,0.0,10.0,360,1.0,Self_Employed,No,2,Graduate,Semiurban,N
1885.0,0.0,10.0,360,1.0,Salaried,Yes,2,Graduate,Rural,Y
9993.0,0.0,10.0,360,0.0,Self_Employed,Yes,0,Graduate,Semiurban,Y
6182.0,3448.0,10.0,360,,Self_Employed,No,1,Not Graduate,Rural,Y
4369.0,0.0,10.0,360,1.0,Salaried,Yes,3+,Graduate,Rural,Y
7722.0,0.0,120.0,300,1.0,Salaried,No,0,Graduate,Urban,N
18190.0,0.0,51.0,360,1.0,Salaried,No,2,Graduate,Urban,Y
4118.0,6945.0,30.0,360,1.0,Salaried,Yes,0,Graduate,Semiurban,Y
5195.0,3538.0,111.0,360,1.0,Self_Employed,Yes,1,Graduate,Urban,Y
5733.0,0.0,,360,1.0,Salaried,Yes,1,Graduate,Rural,Y
33312.0,1589.0,90.0,300,1.0,Salaried,Yes,3+,Graduate,Urban,Y
916.0,0.0,52.0,120,1.0,Salaried,No,0,Not Graduate,Semiurban,N
8489.0,2067.0,10.0,360,1.0,Salaried,Yes,2,Not Graduate,Rural,Y
4483.0,0.0,10.0,240,1.0,Self_Employed,Yes,0,Graduate,Urban,Y
7734.0,3806.0,10.0,360,1.0,Salaried,No,0,Graduate,Semiurban,Y
2905.0,0.0,10.0,360,1.0,Salaried,Yes,0,Not Graduate,Urban,Y
4726.0,4849.0,10.0,300,1.0,Salaried,No,0,Graduate,Rural,Y
8683.0,0.0,38.0,360,1.0,Self_Employed,No,0,Graduate,Urban,Y
59298.0,0.0,145.0,300,1.0,Salaried,Yes,3+,Graduate,Urban,Y
9381.0,1918.0,127.0,360,1.0,Self_Employed,No,0,Graduate,Rural,Y
2494.0,0.0,10.0,180,1.0,Salaried,Yes,0,Graduate,Urban,Y
